Ticker,Nome,destino,motivo,faltas,Price,AvgVolN,RelVol,TendVol,RSI,SMA20_pct,Eco,Vol20d
UUU,"Universal Safety Products, Inc.",PASSA_FASE0,,0,3.12,26428.315948317464,0.29429416596993424,0.556853512112902,23.27469812263716,-18.370550606334145,4.317659083550056,79.71965861838763
CLNE,Clean Energy Fuels Corp.,PASSA_FASE0,,0,1.89,1545991.431001476,0.5299027012829658,1.17417887857298,35.84670344806639,-12.07257501744593,4.216895248749119,51.952718536485186
STI,"Solidion Technology, Inc. Common Stock",PASSA_FASE0,,0,6.06,2843426.5591361583,0.021352248032192878,0.06461882729537437,37.43325481196037,-15.727993324989576,7.071777264232895,93.63039336394392
USBC,"USBC, Inc.",PASSA_FASE0,,0,0.3074,1910826.9671008734,0.057672627190938304,0.11358118368636812,41.84493167570604,-6.449434991411085,6.1356729974020086,70.58933653501676
BKH,Black Hills Corporation,PASSA_FASE0,,0,72.94,928405.7400159525,0.8296241329343412,0.7727210188310806,43.499946880698445,-1.8799394652766255,1.2759191608244984,20.838810662056154
MARA,"MARA Holdings, Inc. Common Stock",PASSA_FASE0,,0,10.05,45363552.916564524,0.9627675309591153,1.1052715015476964,34.52391049830386,-16.866572917528334,2.247352022892526,88.74357840841826
DGII,Digi International Inc,PASSA_FASE0,,0,65.53,378936.1347930318,0.8964156745160489,1.0618304410333292,45.019659830871724,-3.403646869794652,1.9713396696941912,41.50495223693367
BTDR,Bitdeer Technologies Group Class A Ordinary Shares,PASSA_FASE0,,0,8.9,9627288.417469587,2.191494495382884,0.8827340918375103,29.070771172807795,-27.642276422764233,1.0,112.3015828843841
DECK,Deckers Outdoor Corp,PASSA_FASE0,,0,103.54,2267336.715238984,0.9504420594445582,1.0356492637707084,49.561121089913684,-0.10468072379241633,2.384430838309584,42.25734949834603
PRE,Prenetics Global Limited Class A Ordinary Share,PASSA_FASE0,,0,18.02,244146.10922579363,0.3180078958055229,1.0539161778352668,45.09642151630234,-4.201166916973465,11.755739081763204,100.5156811144169
DD,"DuPont de Nemours, Inc. Common Stock",PASSA_FASE0,,0,138.1,1331824.5101966194,1.0988763705324356,0.921083548565454,49.458923557438695,0.6244398621423342,1.0,20.196561491986
U,Unity Software Inc.,PASSA_FASE0,,0,32.04,8912051.33408265,0.9140283183528681,0.7844349385839464,62.53274045329878,6.163021868787277,1.5991787522760708,46.01314838345036
TD,Toronto Dominion Bank,PASSA_FASE0,,0,116.99,2398759.950333666,1.104430299840336,1.3287589751234752,41.950451324691045,-3.1800219311857503,2.3375862939972087,22.374785506151934
ROCK,"Gibraltar Industries, Inc.",PASSA_FASE0,,0,43.1,360492.6645608254,1.365937649815663,0.80932442375238,49.50254518630838,-1.2933773810682614,1.0,46.896053328921234
NRIX,"Nurix Therapeutics, Inc. Common stock",PASSA_FASE0,,0,23.6,1991179.9366804126,0.5877567732166437,0.6152035787663026,59.31657704316778,-0.042354934349841944,1.3362507896922302,37.850656665138324
ED,"Consolidated Edison, Inc.",PASSA_FASE0,,0,112.25,2427042.3576853178,0.9577700716916755,0.8684844514497947,54.43281180714634,0.37197989877855164,1.2784950855171318,19.70641866396233
BAC,Bank of America Corporation,PASSA_FASE0,,0,61.07,35922387.98828758,1.0555816882115248,0.9627365951331541,58.18836743051205,0.8629588339733374,1.3577594105695383,21.540444651873912
TRMB,Trimble Inc. Common Stock,PASSA_FASE0,,0,58.24,2921276.1681945873,0.9195305492928224,0.9244888708322413,66.58715583936515,9.595227790218486,1.6442212391490685,39.703149594468826
IBKR,"Interactive Brokers Group, Inc. Class A Common Stock",PASSA_FASE0,,0,86.26,4841562.41154046,1.4935159207224384,0.9120457025391684,39.07378027901485,-7.235840991090292,1.0285483909828907,46.647815543619075
SRZN,"Surrozen, Inc. Common",PASSA_FASE0,,0,19.2,141680.58789773018,2.2153236837678905,1.241071001904115,31.806029252129207,-13.13003348113292,1.4622528130765382,49.09344119264752
ODFL,Old Dominion Freight Line,PASSA_FASE0,,0,222.79,1911619.263814349,1.5500088981917484,0.7879969221140849,45.2647734433794,-1.7660202319052076,1.0,29.42294111348596
QNC,Quantum eMotion Corp.,PASSA_FASE0,,0,1.94,1671342.6225854128,0.6236043378632475,0.46920221952966085,30.73612797848658,-20.312179092216077,1.4134299866063824,68.44247360479166
BULL,Webull Corporation Class A Ordinary Shares,PASSA_FASE0,,0,7.01,11892422.72252827,0.6988830240902365,0.7680193587901186,45.14243840570856,-5.962841236836813,1.9935591785383093,57.482029485722805
TPET,Trio Petroleum Corp.,PASSA_FASE0,,0,0.288,3933345.0754609685,0.5469037498483131,1.1425878247251302,43.045611608543524,-6.799132714151634,17.01239821439224,86.49062045918713
ACGL,Arch Capital Group Ltd,PASSA_FASE0,,0,104.55,2300350.2862359686,1.2544606290065627,0.7756511883223339,61.2042323455138,2.7983166837096007,1.0,27.91013687034254
THRY,"Thryv Holdings, Inc. Common Stock",PASSA_FASE0,,0,4.14,783021.1324550158,0.40385030512847225,0.5846495588343524,55.610247863568986,1.9265095094479046,2.2761523468751097,60.738580493228675
CING,Cingulate Inc. Common Stock,PASSA_FASE0,,0,4.525,508851.0419307461,0.24624610064383734,0.5356382665393952,43.17769508901099,-6.256474000414325,6.65718207906272,57.7950777764445
VNRX,VolitionRx Limited,PASSA_FASE0,,0,0.7726,302358.51127830154,0.8257486906667326,0.7403238325087755,21.641558599190702,-34.01910422778184,1.7231919840142293,70.64633057690767
SUNE,"SUNation Energy, Inc. Common Stock",PASSA_FASE0,,0,2.16,7792448.070167746,0.01609281967692349,0.7941106556686096,45.18421229548371,-14.06405410781777,605.9718930336371,188.85713287755678
BLFS,BioLife Solutions Inc.,PASSA_FASE0,,0,31.5,1073883.8529139047,0.9905293916708887,1.480141984626184,64.5118224787889,7.751248546213296,9.155026018652514,44.611464769775694
ARDX,"Ardelyx, Inc.",PASSA_FASE0,,0,5.0,3938672.292242635,0.5543311599338054,0.7822969841094582,37.033659138022024,-3.5958739034030796,2.3949375097462933,26.07413239895421
WLFC,Willis Lease Finance Corp,PASSA_FASE0,,0,69.22,396366.89131836506,0.6374827825567493,0.8715082513646234,50.41176527878099,-1.9160102346293173,2.449937224465893,49.10426192592629
FE,FirstEnergy Corp.,PASSA_FASE0,,0,49.13,4966446.606777094,1.1306581528132051,0.8050464499564285,55.210198005050515,0.9804123075658255,1.3342440820882426,19.966229326679077
POWW,Outdoor Holding Company Common Stock,PASSA_FASE0,,0,2.14,714434.9427309526,0.9896239396807551,1.0820567729058075,43.56846716723741,-6.733493135759428,3.6183519026360336,39.15192596860608
OMER,Omeros Corporation,PASSA_FASE0,,0,11.67,1819173.5394249998,0.9268237419014592,0.8113913363743186,61.88083361321773,14.805705853418605,1.9931808809336302,85.2563717934965
CNL,Collective Mining Ltd.,PASSA_FASE0,,0,12.44,60591.87593517458,0.7705567632524146,1.0175685061544273,44.662201382754446,-1.586171433092043,3.79583282219392,68.04165713568818
BATL,Battalion Oil Corporation,PASSA_FASE0,,0,1.52,15458396.12463289,0.9807448093646935,1.4036088982184838,48.88360147474362,-3.1847133757961665,9.256585357552618,164.37182642025948
NWFL,Norwood Financial Corp,PASSA_FASE0,,0,33.62,35162.75521590477,0.7855514117251535,0.976026599352673,62.958906227927535,5.46375663657821,2.468184043191132,31.449061195265866
GWRS,"Global Water Resources, Inc.",PASSA_FASE0,,0,7.48,118353.4870998889,0.6721302737946508,0.7733621855264788,61.52496792692869,4.454685099846412,1.7543606014822184,26.212119980278022
BESS,Bimergen Energy Corporation,PASSA_FASE0,,0,2.55,582598.936862603,0.18296863389769513,0.20872457144129347,35.37805099448909,-29.969104016477864,2.58223664569655,121.35579084452355
FRGT,"Freight Technologies, Inc. Ordinary Shares",PASSA_FASE0,,0,2.695,217217.74362500003,0.08633839246749977,0.5231777059766427,37.74280932900354,-27.93635938231165,62.98893795740212,154.37347763083415
MLSS,"Milestone Scientific, Inc. Common Stock",PASSA_FASE0,,0,0.376,285243.4817684127,0.17056887174901894,0.43017836584701996,47.887939193812485,-3.5687265173178773,7.713520602584203,82.16143438611398
VHUB,"VenHub Global, Inc. Common Stock",PASSA_FASE0,,0,0.7032,365787.44750331744,0.0782143949861498,0.29174277961775097,32.72941359268164,-25.890015386885313,8.775125837439468,104.32755132689479
RUM,RUM Group Inc. Class A Common Stock,PASSA_FASE0,,0,5.66,3330227.33962238,0.5908153918435202,0.6771733442662247,39.48527234473167,-6.446280991735531,1.7507761316952712,57.72701802218918
FCAP,First Capital Inc,PASSA_FASE0,,0,63.69,8416.775875349207,1.570700384064997,1.3589882584910138,56.59769598553292,2.533143367704205,1.7214529069082751,27.59041065769247
POWI,Power Integrations Inc,PASSA_FASE0,,0,56.57,1162455.2515376508,0.6402703107543175,0.6462172025509745,29.719343261420264,-18.34378033509796,1.804752671843476,70.83074169704102
BHFAM,"Brighthouse Financial, Inc. Depositary shares each representing a 1/1,000th Interest in a Share of 4.625% Non-Cumulative Preferred Stock, Series D",PASSA_FASE0,,0,9.925,40102.638096507944,1.1554352082397004,1.458041642654216,30.69414440428153,-4.108596410714704,2.1688320096685083,18.420478455386096
STRZ,Starz Entertainment Corp. Common Shares,PASSA_FASE0,,0,26.13,160466.42248452382,0.781762439553974,0.9762870599505589,47.50605638818029,-4.152299904629164,2.1772602778280308,50.84445169864566
SEER,"Seer, Inc. Class A Common Stock",PASSA_FASE0,,0,2.08,1029278.2841566509,1.777326410256393,2.611914063680655,55.498810032727235,0.3618817852834688,15.982835032083704,114.33341852481784
KMDA,Kamada Ltd,PASSA_FASE0,,0,7.01,44086.999501412705,0.7097041678918838,0.7577268739967107,42.79546127707195,-2.217882549867478,2.507032098299125,27.928396382984282
CG,The Carlyle Group Inc. Common Stock,PASSA_FASE0,,0,44.7,3401928.9473257624,1.0496994462971208,0.7929797706547242,49.13097500170122,-0.03242795961041489,1.0790530425056877,29.66432158558243
NFGC,New Found Gold Corp,PASSA_FASE0,,0,1.37,1576710.779443365,0.6712015473329954,0.8509383186809707,38.82368874061513,-6.86607749830046,2.499047485816188,56.43871707249548
ARQQ,Arqit Quantum Inc. Ordinary Shares,PASSA_FASE0,,0,15.49,857365.4918609366,0.44917948670421226,0.6412059437803548,40.17438528973604,-18.814449874867336,2.9330518904716367,110.79055499912276
BKNG,Booking Holdings Inc. Common Stock,PASSA_FASE0,,0,201.3,7647954.11634719,1.0340352072354135,0.7966374595478374,69.33494949094668,10.832149582108297,1.7942147789550367,41.66933635254715
CLOV,"Clover Health Investments, Corp",PASSA_FASE0,,0,4.23,7453869.874617365,0.6770146047698544,0.6792129963208595,41.80315090787487,-9.271274599174195,1.5851968812680122,60.22827472418377
RMR,The RMR Group Inc. Class A Common Stock,PASSA_FASE0,,0,19.59,166988.12425101586,1.0777688629489777,0.944790981290936,41.94464849293823,-3.199505867819641,1.2914070747809656,26.419698727544898
TAP,Molson Coors Beverage Company Class B,PASSA_FASE0,,0,42.76,3329360.876872619,1.0553808439443122,0.904388050722881,61.464591324922644,6.155583967428391,1.1783554979692092,32.45693734120913
AFYA,Afya Limited Class A Common Shares,PASSA_FASE0,,0,14.75,96950.19980209525,0.7319401667129561,1.050867252045603,59.52462969834103,2.8412062053337905,2.8439561966430476,22.650662777541108
AVB,"AvalonBay Communities, Inc.",PASSA_FASE0,,0,192.45,1095896.903598222,0.508941384895528,0.7745706155633098,54.96743183258263,0.4247636143521971,2.041180273352423,21.42091225994854
SBLK,Star Bulk Carriers Corp.,PASSA_FASE0,,0,27.39,1294542.4343886827,0.8496468128396298,0.9192071855124064,55.58163355407997,3.6204744069912476,1.9660293312280657,38.075038986361974
NCLH,Norwegian Cruise Line Holdings Ltd. Ordinary Shares,PASSA_FASE0,,0,20.75,20194798.541655116,0.8646119835962953,0.6576403925202157,58.51840649346326,5.700168101472158,1.2462433283124776,45.18152545112312
MRT,"Marti Technologies, Inc.",PASSA_FASE0,,0,1.69,51290.49145252381,0.753988181587156,1.6792667525397995,49.62989734550783,5.1812665318188955,6.1113221622302145,101.11143951364876
T,AT&T Inc.,PASSA_FASE0,,0,23.94,60588053.15219248,1.278814204504312,1.5121867741366792,62.06989431511314,8.465668395895154,2.417260500697536,27.576005103124558
NGNE,"Neurogene, Inc. Common Stock",PASSA_FASE0,,0,33.66,210718.09156739683,0.626459214944905,1.4085507442229666,46.326506600763025,-8.039068369646907,5.367371659251336,87.27377687083249
PETS,"PetMed Express, Inc.",PASSA_FASE0,,0,1.98,662099.6682410316,0.042180161310446766,0.6395400469532491,51.631346480259474,0.2277904328018332,21.413776459122186,35.40319756772517
AIB,AIB Data Centers Inc.,PASSA_FASE0,,0,1.56,1107958.1330757777,1.0519281512095615,0.7726189671796044,39.156398360891316,-14.940021810250814,2.3285738472125153,105.41198739747219
OII,Oceaneering International Inc.,PASSA_FASE0,,0,46.58,1118191.3258034762,1.0859592544446341,1.0888161710508817,58.404607028071624,6.553814480155551,3.2608434481975364,58.67485695957069
SBEV,"Splash Beverage Group, Inc.",QUARENTENA,INTERRUPCAO,6,0.3197,,,,,,,
NXE,NexGen Energy Ltd.,PASSA_FASE0,,0,8.93,5787589.941783126,1.3239176383503921,0.8066548989804609,41.204064696156834,-3.323589910143987,1.031516728205347,49.741951497341766
KPRX,"Kiora Pharmaceuticals, Inc. Common Stock",PASSA_FASE0,,0,2.57,38813.023420079386,0.11837673366159536,0.5640857825217374,51.503432276078506,0.8040792312217881,28.436478400633142,25.5932260910823
MMLP,Martin Midstream Partners LP,PASSA_FASE0,,0,2.39,33663.23724339683,0.09695776661052492,0.6067176999073749,49.85729395932373,1.4323607427055407,18.338637438266954,53.8818989260213
QCRH,QCR Holdings Inc,PASSA_FASE0,,0,102.94,114275.02071588891,1.0875007561273695,1.0104953456914518,66.43638881334873,5.0349215095071065,2.2463719642823303,24.563802277981182
ONDS,Ondas Inc. Common Stock,PASSA_FASE0,,0,6.8,84390650.23502357,0.6993596498827891,1.323893165236289,39.13497820176346,-8.365057440285694,4.805647602365831,89.71767376558914
FSLR,"First Solar, Inc.",PASSA_FASE0,,0,199.24,2421917.20247246,0.67974388173855,0.7388409851511005,31.621851666511446,-7.845227715811398,1.5777671817679648,33.555972763569144
JOUT,Johnson Outdoors Inc,PASSA_FASE0,,0,47.35,69248.47127782539,0.5206271970301921,0.6961983346733883,58.84191269106313,4.47003794898948,2.326896380576872,25.679490695533065
WRAP,"Wrap Technologies, Inc. Common Stock",PASSA_FASE0,,0,1.63,1581673.0764257933,0.291802381680519,2.865843572823827,46.24262337794994,-13.390010626992577,134.21898573472342,182.2618327175418
EZRA,"Reliance Global Group, Inc. Common Stock",PASSA_FASE0,,0,1.79,117581.74302906351,1.0362694724374206,0.7383962950259175,14.452179262903812,-28.42862854858056,2.7735942746261006,62.047510002609975
UPWK,Upwork Inc. Common Stock,PASSA_FASE0,,0,9.53,4102958.1552879997,1.024842137923253,0.7344001643981166,57.460551120113536,4.93283417749395,1.0988603279101432,54.29329993385329
KWM,"K Wave Media, Ltd. Ordinary Shares",PASSA_FASE0,,0,0.104,3377392.6629950954,0.08460149722318946,2.1922570517039706,30.823784989362423,-16.22699262958639,461.58209881118654,98.10231892928545
SMCI,"Super Micro Computer, Inc. Common Stock",PASSA_FASE0,,0,25.7,53969367.311653085,0.7576934137301538,0.8372688783138418,41.599612522854486,-6.416138664336179,3.986456120453222,93.96152298318493
AIM,AIM ImmunoTech Inc.,PASSA_FASE0,,0,0.24,27416239.79941215,0.013523078600733188,0.021769595869890124,36.406668658013,-10.092155540570902,2.651703976015696,58.82276991548102
BBAI,"BigBear.ai Holdings, Inc.",PASSA_FASE0,,0,2.59,37847241.1104352,0.6605141575423684,0.6601336108614063,26.161318996853183,-15.909090909090907,1.4360897596348787,45.66297119508102
NFLX,NetFlix Inc,PASSA_FASE0,,0,73.63,43114027.227652684,1.0144631710572463,1.154751274999506,50.0991238002711,1.348235731343883,3.2473035082611257,39.99182702257168
ZS,"Zscaler, Inc. Common Stock",PASSA_FASE0,,0,153.77,4433008.193960492,0.4461392270836453,0.5508265566742175,59.54228421973636,4.689835003046672,1.9229030825367697,47.982873365456754
MYO,Myomo Inc.,PASSA_FASE0,,0,0.9301,776117.8279179048,0.4165500074934457,0.4886754303023405,42.11417780153442,-10.825399564721316,2.7416450108382784,92.40932884341187
NEOG,Neogen Corp,PASSA_FASE0,,0,9.4,2179767.827505889,1.2586591477663178,0.7325048339216468,47.48388505396741,-2.4845687016961437,1.0,34.642042988225604
ZOOZ,ZOOZ Strategy Ltd. Ordinary Shares,PASSA_FASE0,,1,5.07,21202.59521277778,0.183026863884159,0.3682282207460557,44.53920710359959,-3.5112760491007644,5.358311037543768,55.435300262047996
SRXH,SRX Global Inc,QUARENTENA,INTERRUPCAO,7,1.45,,,,,,,
VC,VISTEON CORPORATION,PASSA_FASE0,,0,106.72,579042.1891158889,1.4717639079636025,0.9456136216383084,50.906680120272384,2.1786690538994513,1.0301958216769225,35.989879328428195
MRP,"Millrose Properties, Inc.",PASSA_FASE0,,0,28.04,1656539.044461619,0.7584233686700217,0.7475459668350072,42.764192661699504,-2.1018085329236658,1.2638259415627735,24.708147583202503
LLYVA,"Liberty Live Holdings, Inc. Series A Liberty Live Group Common Stock",PASSA_FASE0,,0,100.06,290262.045692254,0.26684881300713237,0.6862966047926055,55.66174242927428,0.4840426600253078,6.5683532959723285,23.550442199086568
CLF,Cleveland-Cliffs Inc.,PASSA_FASE0,,0,11.38,20830162.61641236,1.5368121676371977,1.2677819017817558,56.80066055592376,13.098787517392175,2.182796404157255,70.47386630051972
TENX,"Tenax Therapeutics, Inc.",PASSA_FASE0,,0,14.82,1049069.5972655711,1.4923020932315587,1.3299830345771566,49.501704532874136,-6.193625977149719,2.4879423392723914,96.7073992557087
RXST,"RxSight, Inc. Common Stock",PASSA_FASE0,,0,6.13,1099884.4094954603,0.8506931264951818,1.1845205507937306,63.150884296649224,13.151822796492851,3.7934992022837433,72.6411735538941
PLTR,Palantir Technologies Inc. Class A Common Stock,PASSA_FASE0,,0,123.0,41301813.55647243,0.6587571137444216,0.9125972599659485,43.949201982436236,-5.047167626487992,2.2342600877275176,53.94943395367364
EML,Eastern Company,PASSA_FASE0,,0,23.99,32832.50532511112,0.29052197526652557,0.6773698818892899,45.02123901811307,-6.635532204709094,7.080160791493538,45.05242564254095
HCWC,Healthy Choice Wellness Corp.,PASSA_FASE0,,0,0.185,2474420.8822979364,0.04413173057228166,0.19056798598835656,38.33294341451977,-3.2755600867905854,37.636518743168814,47.16861292705434
LRHC,La Rosa Holding Corp. Common Stock,PASSA_FASE0,,0,1.04,542127.0827632381,0.20882205095339446,0.23098304799529454,47.36719351101482,-1.4026422195782207,5.215990335462714,107.11667988011655
POWL,Powell Industries Inc,PASSA_FASE0,,0,186.39,758618.8490605557,1.6944871472108507,1.0048031766084595,28.313175750210945,-20.073927007800087,1.204168759607934,68.72333407112279
OCUL,"Ocular Therapeutix, Inc.",PASSA_FASE0,,0,8.36,2695594.5570046837,0.6623103202229451,0.7580275061698938,36.75280557896581,-10.389366776536157,1.793010209193268,50.3897565460564
OSPN,OneSpan Inc. Common Stock,PASSA_FASE0,,0,15.74,486302.9896073969,0.7800573171743256,0.7429532712396767,64.16922238206485,3.712977300431586,1.3792560301551011,30.386950601143575
Q,"Qnity Electronics, Inc.",PASSA_FASE0,,0,123.39,1987223.0494675396,1.658920332636696,0.9176491976395966,31.46790125706181,-11.119594891483631,1.0,44.96488842703857
EQX,Equinox Gold Corp.,PASSA_FASE0,,0,8.96,12065871.49040605,1.6732504746718944,0.9489714179425277,38.99225420144301,-4.635197701027094,1.0,47.56250115565704
VOR,Vor Biopharma Inc. Common Stock,PASSA_FASE0,,0,19.55,1164753.189792873,0.7596981626488217,1.1246866691708761,57.74066225012558,2.179480478753981,4.420227029583954,77.0026684482554
ARTNA,Artesian Resources Corp,PASSA_FASE0,,0,34.87,37768.28299130159,0.57837720888797,0.874861266196822,63.19841115107835,2.1150734675051686,2.228478956808789,17.081512246851887
YETI,"YETI Holdings, Inc. Common Stock",PASSA_FASE0,,0,51.09,1403177.7908930317,0.7980827209539048,0.749496359056913,56.4887480667517,2.589331432415354,1.4289429259179844,32.51673692508963
MCRP,Micropolis AI Robotics,PASSA_FASE0,,0,1.25,512531.7326032065,0.1642625818315494,0.3713932595991406,34.46611116509415,-9.35460478607687,8.286613786738403,66.13185258634455
BANF,Bancfirst Corp,PASSA_FASE0,,0,113.47,172545.7369078889,0.8093963057259096,0.8816082003240444,46.05604225249426,-1.5577080739683447,2.2251953701979077,23.322234260821055
CTW,CTW Class A Ordinary Shares,PASSA_FASE0,,1,2.48,23519.42033669841,1.7092350544572643,1.035473493066909,51.71335529471097,0.10090817356205317,3.8044713814074695,70.18463990582902
RILY,"BRC Group Holdings, Inc. Common Stock",PASSA_FASE0,,0,6.56,950079.5407840159,0.6094795255081046,0.6224078567286824,35.211834124777326,-8.571428571428575,2.652314952978562,57.67173578704502
V,VISA Inc.,PASSA_FASE0,,0,368.73,8397705.150964553,1.3447418888007667,0.9396958793222294,66.42840086253193,3.358528487155521,1.1531828175138168,23.771924647806383
SYRE,"Spyre Therapeutics, Inc. Common Stock",PASSA_FASE0,,0,97.87,1343205.9115800157,0.9057508004665492,0.8805098417338564,54.124327894910046,0.9661262618186672,2.2283763909841237,59.787080759505386
WASH,Washington Trust Bancorp Inc,PASSA_FASE0,,0,39.23,184107.14947407937,0.8310571165327912,0.969198595952257,63.59555156057478,6.0456566694149005,3.159669786029391,38.340598818247166
RBNE,Robin Energy Ltd. Common Stock,PASSA_FASE0,,0,2.51,105590.02620407936,1.4567565298421847,2.0854328528610853,24.406763213533168,-57.04871633842874,7.629782012574163,268.17291517942215
AIG,"American International Group, Inc.",PASSA_FASE0,,0,80.2,4308361.965328524,0.6152248240648657,0.8244129344617892,56.75710880480236,1.160443995963667,2.628551008812059,27.62213106804019
SEB,Seaboard Corporation,PASSA_FASE0,,0,4588.58,8102.529294460318,1.2635268021800967,0.5539588973308317,45.49786574644822,0.5869497476272745,1.0,23.147273547154786
RVLV,"Revolve Group, Inc.",PASSA_FASE0,,0,25.81,1096704.0704499208,0.8987425296968553,0.6334781965840931,59.98770272867931,5.605564648117833,1.1322635930635503,42.50955889450011
RETO,"ReTo Eco-Solutions, Inc. Class A Shares",QUARENTENA,SERIE_CURTA,2,2.58,,,,,,,
CNTN,"Canton Strategic Holdings, Inc. Common Stock",PASSA_FASE0,,0,1.93,904149.920167619,1.3141613726733743,0.7681136560330055,33.860861476310006,-15.600743413140927,1.1065881927670091,75.01943046989493
PRME,"Prime Medicine, Inc. Common Stock",PASSA_FASE0,,0,3.03,3275887.7337935236,0.6704815277605721,1.2218456688631998,41.94012344052365,-12.812027911661051,5.200227136443055,87.57318093965054
ASST,"Strive, Inc. Class A Common Stock",PASSA_FASE0,,0,11.06,4173023.696542556,0.7500831373357334,0.7274160520193308,39.06873420326783,-9.887155253187762,1.9368539912652796,79.50209228403668
OIM,OneIM Acquisition Corp. Class A Ordinary Shares,QUARENTENA,INTERRUPCAO,20,10.11,,,,,,,
ZBIO,"Zenas BioPharma, Inc. Common Stock",PASSA_FASE0,,0,31.09,794827.4875191111,0.7871055770047932,1.1984153802980384,61.04853228460613,4.986788008746079,3.9718017371466114,64.6482252981518
MRVL,"Marvell Technology, Inc. Common Stock",PASSA_FASE0,,0,163.4,40954012.03793756,0.6277493959188106,0.6375666905767542,31.95188922645262,-23.569679521211285,1.5006461514320004,82.64276526894915
EVR,Evercore Inc.,PASSA_FASE0,,0,304.71,457566.0110145079,3.510745081867688,0.9275092956846478,32.303932967944405,-10.13625103220479,1.0,50.88298048280196
RKT,"Rocket Companies, Inc.",PASSA_FASE0,,0,13.7,28595786.554456253,1.7318482037822962,1.0423426457803173,46.608695718688686,-3.940541298555611,1.0,45.507502705074316
DRCT,"Direct Digital Holdings, Inc. Class A Common Stock",PASSA_FASE0,,0,2.4,226314.8748013016,0.10301868711223532,0.12206461131489496,37.90563494220859,-8.484270734032407,10.888288545470695,54.78612557523237
AZ,A2Z Cust2Mate Solutions Corp. Common Shares,PASSA_FASE0,,0,5.41,389240.1539287619,0.45762008631976847,0.5407290187404985,42.67617904579316,-5.5021834061135255,2.493660298990433,56.30217497313465
ADUR,Aduro Clean Technologies Inc. Common Stock,PASSA_FASE0,,0,12.67,554418.2472972698,0.8193501187316298,1.145147382805354,39.11964661841027,-12.378976486860305,3.46304353711549,79.20247858160612
KARO,Karooooo Ltd. Ordinary Shares,PASSA_FASE0,,0,64.46,117160.58510744445,1.4784917572675509,1.26957419982916,69.69813448313693,7.399323547543291,1.7978176342297083,49.66850058391362
LIN,Linde plc Ordinary Share,PASSA_FASE0,,0,511.17,2250360.3480156027,0.9026739354362797,0.8872525495746322,46.73685259274804,-1.7961863100229847,1.519041760808629,20.410335777989104
CROX,"Crocs, Inc.",PASSA_FASE0,,0,133.52,1149264.5985098255,0.9860416126602821,0.8101143161629286,56.068191384255336,1.4886573959707272,1.3266284704276963,32.22206275617224
GOOG,Alphabet Inc. Class C Capital Stock,PASSA_FASE0,,0,335.76,22541328.523251913,0.8980369028490014,0.8685511003423743,43.77805290345122,-3.5524391960405466,2.309542825814856,38.66634546641223
WDC,Western Digital Corp.,PASSA_FASE0,,0,462.04,8496160.748356476,1.0865497387233134,0.8593816227168976,39.33855625499205,-13.057672866416315,1.2757534515967401,95.41760496235868
ATCH,"AtlasClear Holdings, Inc.",PASSA_FASE0,,0,0.1743,2286832.885156953,0.7044353694788839,1.39292888558819,41.86501368211439,-5.490036600244008,21.954865656024168,78.20993951084995
GRDX,GridAI Technologies Corp. Common Stock,PASSA_FASE0,,0,2.6,105139.14895950793,0.6501804703719559,0.5442511369155922,29.526099393442422,-31.11670419923168,3.758481704379758,106.31014015433135
TLS,Telos Corporation Common Stock,PASSA_FASE0,,0,4.42,753583.1031574602,0.7326218132993904,0.6085866883341222,41.76020918827308,-6.256627783669144,1.1455854799134055,39.25616137956481
GRO,Brazil Potash Corp.,PASSA_FASE0,,0,2.08,453478.5499618413,0.33040230799804693,0.3695827841181304,41.882874680949215,-5.346985210466427,2.9750746881033305,45.80213005834021
CACC,Credit Acceptance Corp,PASSA_FASE0,,0,556.71,167209.57528565076,0.9482452089608687,0.8459989987654103,33.87577962829816,-9.562493882744437,1.6941806298221833,30.433769241020002
NXPI,NXP Semiconductors N.V.,PASSA_FASE0,,0,240.98,4243512.21309027,1.7817440928192663,0.9271740130151013,31.45935797938121,-12.126460882090184,1.0,43.61467006842466
MTDR,MATADOR RESOURCES COMPANY,PASSA_FASE0,,0,48.66,1807771.7713699206,2.0985203054239494,1.0279657418258161,41.367508609290454,-5.409871119491482,1.0,48.491682717185796
CRBU,"Caribou Biosciences, Inc. Common Stock",PASSA_FASE0,,0,1.47,1987452.358044476,0.6543486215068794,0.9218835744329066,29.643782908740206,-14.547304170905395,3.016634042534539,45.169565111000715
JACK,Jack in the Box Inc.,PASSA_FASE0,,0,16.47,961097.7632795874,0.9980940456709246,1.1712565790327218,60.32667542148363,7.027975436202327,2.9442308404856394,79.2836485864028
ALDX,"Aldeyra Therapeutics, Inc.",PASSA_FASE0,,0,1.61,1368472.0873913493,0.5447711350102271,1.183276453603197,40.22093730290164,-15.028367858556525,4.61970290998446,92.4181938228925
MDXG,"MiMedx Group, Inc",PASSA_FASE0,,0,4.23,1427969.2408083174,1.0040440064601208,0.7189019010040434,55.95863416462559,0.8223096174472477,1.030994030314208,34.74630802194504
XWEL,"XWELL, Inc. Common Stock",PASSA_FASE0,,0,1.06,138836.7929230476,0.17950198341021253,1.5091997987132026,48.235726096607934,2.670896191006622,129.99866712167977,76.85521417911188
HBM,Hudbay Minerals Inc.,PASSA_FASE0,,0,21.98,5503611.861050619,1.64187578102701,0.8230633417201362,45.33615278833924,0.14351778025831763,1.0160865005676263,69.106990281578
ENVB,"Enveric Biosciences, Inc. Common Stock",PASSA_FASE0,,0,1.33,285548.62383130164,0.7338601393568649,0.38405463214993246,43.25774192773752,-2.45691235790243,1.7161265078410468,52.167688056838394
NBBK,"NB Bancorp, Inc. Common Stock",PASSA_FASE0,,0,22.66,280519.5710525397,1.2380972679155806,1.0927890594754088,65.42066013857438,5.638563203654923,2.689265758132648,30.941414746103607
GSM,Ferroglobe PLC Ordinary Shares,PASSA_FASE0,,0,3.16,1556296.9218289047,1.1435738316249526,1.0279962505339872,35.78068903429019,-5.28997452420199,3.5172493273214447,39.28079193773543
ANTX,"AN2 Therapeutics, Inc. Common Stock",PASSA_FASE0,,0,5.02,286574.2443174285,0.6316054072867429,0.6846390664866451,57.869330003028644,6.94503621644651,3.2691502825880354,51.46591562644027
TLSI,"TriSalus Life Sciences, Inc. Common Stock",PASSA_FASE0,,0,4.38,482921.8748890793,0.28328093136270066,0.47700954163053844,55.705577753575724,3.4604936813511733,4.3470803791369335,69.83412161142637
NXXT,"NextNRG, Inc. Common Stock",PASSA_FASE0,,0,0.2645,18686626.825117685,0.11501003010057516,0.42216058096408043,37.70638801259948,-16.857888284663492,23.010293186773026,133.9456631962036
VZLA,Vizsla Silver Corp.,PASSA_FASE0,,0,3.12,5955461.962550557,0.7947493802076013,0.8972351308913827,44.58097659923784,-2.194357366771138,1.6488328558398284,57.49697117966909
CRMD,CorMedix Inc.,PASSA_FASE0,,0,7.19,1294747.1533215242,1.052322212501249,0.7284337398963107,33.766254690842416,-12.567641515169935,1.0,52.90666443070858
MBLY,Mobileye Global Inc. Class A Common Stock,PASSA_FASE0,,0,8.01,6939493.198834715,0.9325109361299815,1.3231182566816924,41.46433854885286,-11.545469604107994,4.526153462132275,82.46320274171275
VMD,"Viemed Healthcare, Inc. Common Shares",PASSA_FASE0,,0,11.65,289649.44650060317,0.6741595167715722,1.0188263152820678,50.218423986588284,-2.9166666666666785,2.269187106537603,26.242195028461108
WETO,Wetour Robotics Limited Ordinary Shares,PASSA_FASE0,,0,0.0371,3252727.9124901425,5.4096212253668865,3.032865317180521,22.907427789779575,-92.66007854309484,3.9176153346670706,647.7967562369861
CNCK,Coincheck Group N.V. Ordinary Shares,PASSA_FASE0,,0,1.91,956478.0996779682,0.08763415919948506,0.06014680926988208,30.449865650237513,-26.931905126243304,1.6249057319407392,99.20740193206696
PAAS,Pan American Silver Corp.,PASSA_FASE0,,0,42.55,4807587.502536841,0.7376801582539315,0.8030162532791294,40.41050900516494,-2.604834279435997,1.9766009722771194,39.415106148371265
STM,STMicroelectronics N.V.,PASSA_FASE0,,0,48.36,12763627.151522383,1.0585313248331223,1.011321958669733,30.23728634170635,-23.859906005715224,2.386270343340834,91.17501139456986
PMI,"Picard Medical, Inc.",QUARENTENA,INTERRUPCAO,5,0.087889,,,,,,,
CSIQ,Canadian Solar Inc. Common Shares (ON),PASSA_FASE0,,0,13.72,2922995.065704111,0.6455081433363592,0.7944519833197762,40.55897742563304,-6.979897623648257,2.0557958080756107,64.71181722477426
ZETA,Zeta Global Holdings Corp.,PASSA_FASE0,,0,22.08,9210314.051720748,0.8320207871079383,0.8410638110214049,57.6686162411321,3.632779498732752,1.658791522402822,54.5247371810518
YYAI,AiRWA Inc. Common Stock,PASSA_FASE0,,0,0.29,315308.0916180635,91.46019813886346,3.0084374483723435,26.752612294226182,-96.04900864177179,1.0,718.3186908607169
AEIS,Advanced Energy Industries Inc,PASSA_FASE0,,0,252.485,938725.8411750952,1.2345051142219958,0.6960807558344073,33.51939723313902,-15.717036101122183,1.0,78.04816800577896
JAGU,Jaguar Uranium Corp.,PASSA_FASE0,,0,1.58,108388.31550850795,1.3356052257186037,0.7505930141557925,39.24329390825788,-7.249779864983852,1.4154844830946183,57.43363299554326
BTG,B2Gold Corp.,PASSA_FASE0,,0,3.74,23374996.918459494,1.0996981487541129,0.8192596828255977,41.566609431666365,-2.4262979389512274,1.253605103840894,42.54366966705772
ULCC,"Frontier Group Holdings, Inc. Common Stock",PASSA_FASE0,,0,6.5,4956148.076560618,1.2935483901651312,0.8083504796223271,50.656266642265955,-2.2593135596406078,1.048185912104732,72.55676460816174
USGO,U.S. GoldMining Inc. Common stock,PASSA_FASE0,,0,7.33,60356.461024380944,0.8132495684127703,0.9699837166803218,33.78954565715951,-7.358842301494539,2.2135774667459187,47.177466164826946
FEED,"ENvue Medical, Inc. Common Stock",PASSA_FASE0,,0,0.33,916531.90501627,0.13618432813616488,0.4039079172136713,24.80478581478414,-24.588665447897608,24.298047158897546,102.11845343565362
IART,Integra LifeSciences Holdings,PASSA_FASE0,,0,16.49,1047429.2361639523,2.435460707728136,0.8545841615419536,38.9272101648524,-11.289237969712484,1.0,77.92597762122716
RENX,RenX Enterprises Corp. Common Stock,PASSA_FASE0,,0,1.72,277225.8429391904,0.1615989008276792,0.2757196993033092,35.17364896542044,-13.175164058556277,5.462075410109087,48.25238079016878
EFOI,"Energy Focus, Inc.",PASSA_FASE0,,0,2.82,50754.98257392062,0.46922909421383985,0.23139795043067782,40.601004753051015,-3.0428055698813794,1.0,44.42314572486198
IR,Ingersoll Rand Inc. Common Stock,PASSA_FASE0,,0,84.61,4151302.2832888886,1.2377051898119849,0.9558160144128502,59.94825889057853,4.056621757070045,1.6137200522380022,36.31011225815947
OPRX,OptimizeRx Corporation Common Stock,PASSA_FASE0,,0,6.37,428350.09021187294,0.2475995819623625,0.6916557106719807,56.56039598949414,-0.46097351355574023,5.644275357844333,36.79394385570303
NU,Nu Holdings Ltd.,PASSA_FASE0,,0,14.04,72988354.45334223,0.649418468325922,1.4733343351495294,53.756183825756615,0.7137477134966375,3.8793826133080906,34.23665702528377
DARE,"Dare Bioscience, Inc. Common Stock",PASSA_FASE0,,0,1.16,401134.0752738254,0.2086363450371801,0.49492024367645227,22.747579681118125,-32.93828587946235,13.36405555846954,139.04097598696546
UEC,Uranium Energy Corp.,PASSA_FASE0,,0,9.04,9948794.213995174,0.9977562026250608,0.7544075978821168,36.54541585718971,-8.696091303908704,1.1571129728220628,54.88088091370581
ONFO,Onfolio Holdings Inc. Common Stock,PASSA_FASE0,,0,0.09,7643701.127534094,1.7162526219322651,3.057646791078142,22.943498899326997,-53.319502074688785,17.714021882247966,201.74804186071765
GTEC,Greenland Technologies Holding Corporation Class A Ordinary Shares,PASSA_FASE0,,0,0.5401,101998.92241792064,0.7542846892516066,0.5268841770676187,45.440488249990565,-2.0972682944514043,2.1775550089989792,58.67933974187839
TCBK,Trico Bancshares,PASSA_FASE0,,0,57.91,281777.440565746,1.0426181448739933,2.09885698701351,56.087175484037836,0.9456573844075278,10.912372149746567,46.31350960172044
PYXS,"Pyxis Oncology, Inc. Common Stock",PASSA_FASE0,,0,2.92,948170.1822361589,0.9961485294427352,1.4440165012821322,61.68902376120063,12.741312741312738,3.20362011326984,133.4170444738984
MSBI,"Midland States Bancorp, Inc. Common Stock",PASSA_FASE0,,0,33.62,171661.63153746031,1.482982297068795,1.0719015340938094,68.6746811744845,7.664964052967815,1.2760979162167458,31.37252127967452
NEN,New England Realty Associates Limited Partnership,QUARENTENA,INTERRUPCAO,31,57.0,,,,,,,
ALHC,"Alignment Healthcare, Inc. Common Stock",PASSA_FASE0,,0,18.29,5998989.715758761,0.5975123061053007,0.7599477688436962,38.13432855459264,-12.621823046053905,4.285537584850634,78.38734730924213
TOPS,TOP Ships Inc.,PASSA_FASE0,,0,0.6494,892832.8091137303,1.7083410272680848,0.16922354890002048,31.153271842027237,-14.706659007690636,1.0,75.59882606730737
DNN,Denison Mines Corp,PASSA_FASE0,,0,2.69,23832181.58941521,1.1282906502206544,1.0012356987910358,35.594764806607444,-10.882888852078832,1.6020448345454603,58.57385473625173
ITRG,Integra Resources Corp.,PASSA_FASE0,,0,2.04,2993206.9190214123,1.1802605791880865,1.009197131555555,36.59140950657548,-6.25,1.611354934570829,47.45243598266953
AARD,"Aardvark Therapeutics, Inc. Common Stock",PASSA_FASE0,,0,5.32,266764.11163376196,0.6533278174362281,1.5764924994131955,46.43895466925451,-12.022490491152627,23.471181918887744,201.61352104463322
NRXP,"NRX Pharmaceuticals, Inc. Common Stock",PASSA_FASE0,,0,3.23,1175620.796013381,0.6634148902458874,0.6729227807157176,33.95216571615039,-20.133522902886835,1.7530494490765076,76.02713252819015
VCTR,"Victory Capital Holdings, Inc. Class A Common Stock",PASSA_FASE0,,0,97.46,499339.0532315238,0.718856933021755,0.9174382346856841,59.61076791881911,2.8677580401718084,2.657587258716662,33.93810047680265
SDEV,Stablecoin Development Corporation,PASSA_FASE0,,0,1.13,779840.9515633968,0.08420314527129803,2.3017707754254495,44.802721915412604,-8.13008130081302,353.93349592456093,138.39080013643266
TPR,"Tapestry, Inc. Common Stock",PASSA_FASE0,,0,150.11,2640697.8343106825,1.0524696204045192,0.8709179983980405,59.48571158854944,5.142240760391825,1.4838004540325656,34.21231045898544
NAVI,Navient Corporation,PASSA_FASE0,,0,8.71,1113583.7321659205,0.7329516987038639,0.6948170322651728,56.80853565728216,2.597326108722564,1.3199852257312237,31.401319713635882
USEA,United Maritime Corporation Common Stock,PASSA_FASE0,,0,2.52,60543.93524420635,0.16841078846085933,0.747221288970131,44.07218588011744,-2.96495956873315,14.92838153850662,34.46482251527307
RWAY,Runway Growth Finance Corp. Common Stock,PASSA_FASE0,,0,5.54,638920.4161337462,0.670606969703264,1.0043515012605606,48.1694646783166,0.6586418351124168,2.837303089645561,41.35733667530936
GROY,Gold Royalty Corp.,PASSA_FASE0,,0,2.61,1890285.6593363492,0.9758916145836134,0.9328872194682,43.949689316137516,-0.49561570720548787,1.3960013499973212,34.521159720616936
ZTS,ZOETIS INC.,PASSA_FASE0,,0,77.93,7434014.975672937,0.7173336595070928,0.7703002772615192,54.194188127067854,3.2062403157239627,1.414759076905648,21.430240162171415
TRIN,Trinity Capital Inc.,PASSA_FASE0,,0,17.57,1049472.4076290634,0.8930643326844571,0.951108646968069,52.528420307710014,-0.27386374923731305,1.3884840308339323,14.991865922157329
CSGP,CoStar Group Inc,PASSA_FASE0,,0,29.83,7821410.870297268,2.247933871558107,0.8970401177122779,51.05958257489813,2.872710970100334,1.0,51.62421562584449
TTEC,"TTEC Holdings, Inc. Common Stock",PASSA_FASE0,,0,2.54,556463.8765309999,0.6639547390807451,0.7742298742642622,63.21005094010456,16.39363042731128,1.913504479164433,77.52388697703556
AVA,Avista Corporation,PASSA_FASE0,,0,41.48,710826.886527603,0.8311531793206273,0.7130677678343799,49.10766913204202,-0.26928255433738,1.203580717361794,18.612210111913022
AMGN,Amgen Inc,PASSA_FASE0,,0,387.64,2728916.8018184914,1.1013096911801334,0.8425778520743578,67.21027869296796,5.08124929688758,1.136109243694097,27.51356034002095
EIKN,"Eikon Therapeutics, Inc. Common Stock",PASSA_FASE0,,0,9.01,363976.6193837143,0.6789271576246109,0.9201974369235709,40.39844196912464,-13.030888030888033,2.609436178725748,69.21110738907885
UCTT,"Ultra Clean Holdings, Inc.",PASSA_FASE0,,0,69.57,1356679.5637522219,1.5479617040376905,1.1279862519709853,33.5335744565177,-29.03283391775583,1.2493292145955381,129.4887463036765
NHTC,Natural Health Trends Corp.,PASSA_FASE0,,0,1.725,39779.8544291746,1.9871990523430436,0.7180475663493442,37.60127993134607,-6.844876468205763,1.0,48.06520454657748
MEI,Methode Electronics,PASSA_FASE0,,0,12.92,966239.5709472062,0.6426634012476483,0.6842792786394541,38.76683364892345,-17.56523958399795,1.922069146434241,100.1679923207968
RUBI,Rubico Inc. Common Stock,PASSA_FASE0,,0,2.17,944447.7684368571,0.1376406759096398,1.701945128988269,19.23291192976093,-39.28371572467824,200.52379483146564,110.83988595113597
QS,QuantumScape Corporation Class A Common Stock,PASSA_FASE0,,0,4.96,25638697.259805694,1.149095366564201,1.1147755933385988,30.19135839291515,-19.247832634620863,2.1678858408867425,74.29301853381706
STIM,"Neuronetics, Inc. Common Stock",PASSA_FASE0,,0,1.82,2244014.2659108257,0.6104632120682951,0.9413026932374413,56.65949420496666,5.29360717385019,8.674276221316115,109.34137922200027
OIO,OIO Group Ordinary Shares,PASSA_FASE0,,0,2.03,95542.6768534762,0.7972699330773307,1.0972250892291786,43.360252825998174,-4.312986094744287,3.985392671044957,79.5661765185329
BV,"BrightView Holdings, Inc. Common Stock",PASSA_FASE0,,0,13.32,760103.4550139207,1.3230241418341964,1.1823359247341418,38.503347709443354,-6.5591020694493185,2.0708668869251063,26.250132888331105
DE,Deere & Company,PASSA_FASE0,,0,610.95,1275180.5210775242,1.0561362337286861,0.8810790073649464,52.62698249617583,0.8652669846411332,1.2587888241318224,33.67009708182521
BYND,"Beyond Meat, Inc. Common Stock",PASSA_FASE0,,0,0.5309,39825906.22995213,0.3966119285352164,0.7358510482312338,29.28669430113662,-15.17949864996564,2.784714943534057,41.824479160888814
MTEN,Mingteng International Corporation Inc. Class A Ordinary Shares,PASSA_FASE0,,0,0.9502,3557630.7308951425,0.14608535373378473,0.5280984720510681,37.1199229749715,-19.679461712073433,54.858820277586126,101.70475011473489
LGVN,Longeveron Inc. Common Stock,PASSA_FASE0,,0,0.595,298124.8983083492,0.5881930727524514,0.8232917179528514,35.27968113222485,-5.916953923025837,5.612176928071626,49.45532462429745
SAIC,Science Applications International Corporation Common Stock,PASSA_FASE0,,0,117.01,552348.5619271428,0.7463423273189881,0.822089137954423,56.156091907637034,2.16447948590337,1.973837160790188,36.85135398002513
CORT,Corcept Therapeutics Inc.,PASSA_FASE0,,0,92.95,1143980.3462959528,1.3554749799065546,0.9855563585740326,57.050857489533875,1.1992574729037475,1.2208239559766698,51.58975215137149
ALKT,"Alkami Technology, Inc. Common Stock",PASSA_FASE0,,0,18.33,1830743.4938245718,1.169821157203697,0.8719993964651354,58.41751220164812,3.073073354514011,2.244205265611012,46.42375482331853
ELMD,"Electromed, Inc.",PASSA_FASE0,,0,40.16,91866.17687217459,0.6266788807387238,1.487862633959794,47.698300163689275,-5.666803687826649,10.173922332281556,43.359485391187015
BRZE,"Braze, Inc. Class A Common Stock",PASSA_FASE0,,0,26.83,2831869.075177952,0.9157863774115453,0.8196858022287401,62.10129510289071,9.027368592153117,1.7759959206649683,70.25525301680457
ADPT,Adaptive Biotechnologies Corporation Common Stock,PASSA_FASE0,,0,22.56,2737322.01736873,1.1498504415806976,0.9800619269951504,60.44398280609266,3.046635911021789,1.2664085553596818,57.28512434739251
CDE,"Coeur Mining, Inc.",PASSA_FASE0,,0,14.63,31362290.814228904,1.025276136089601,0.8691361538633664,40.86577881800884,-6.01310548631634,1.5916015732393,59.71535492761758
TSCO,Tractor Supply Co,PASSA_FASE0,,0,31.0,12786328.74034319,0.7633739490569376,0.781659187200148,51.09042208693663,1.2774020712862155,2.6993777697929313,33.37230981649643
AGCC,Agencia Comercial Spirits Ltd Class A Ordinary Shares,PASSA_FASE0,,0,15.12,44609.29182330158,2.537049914360728,1.1901074743058042,48.48695118215619,-0.3558718861210064,2.1139937922439382,64.90407230624507
SLGL,Sol-Gel Technologies Ltd. Ordinary Shares,PASSA_FASE0,,0,82.545,33925.320393333335,1.6019973094691828,1.169003711507861,55.792162303891104,4.917636890538413,1.8753489962317005,67.47183473641633
PPIH,"Perma-Pipe International Holdings, Inc.",PASSA_FASE0,,0,23.23,118744.90815187302,1.324943826069382,0.6329725882504244,32.97485838804678,-7.813802135005377,1.0,42.01490509903163
MI,NFT Limited,PASSA_FASE0,,3,8.46,9732.581006111111,4.389843688243968,2.0663063977964913,36.129344407634704,-9.356673454201792,3.965892783840586,90.32338915765887
RKLB,Rocket Lab Corporation Common Stock,PASSA_FASE0,,0,58.6,26337403.25405244,0.7408045968480941,0.7684675482435451,29.865677825071486,-22.82466976597175,1.5957422185384051,76.89943762837521
SILO,"Silo Pharma, Inc. Common Stock",PASSA_FASE0,,0,4.3,154138.79502931747,0.11629769647927016,2.5912333995758923,35.20819369289224,-18.464091016828633,331.45732362030975,141.6475713332966
EDIT,"Editas Medicine, Inc. Common Stock",PASSA_FASE0,,0,2.6,2464843.1734308572,0.6201545591853368,0.8500014850044663,37.48132219057771,-15.529564652371675,2.7489918796379538,66.62679109936393
WTFC,Wintrust Financial Corp,PASSA_FASE0,,0,159.21,538138.5659784287,0.8516112962091076,1.2951207690858704,49.12618589205153,-1.243374510357309,3.180180187005845,20.787011388149196
CATX,"Perspective Therapeutics, Inc.",PASSA_FASE0,,0,2.87,1763170.2764424286,0.5888725438577357,0.9477885933569477,39.709092613161076,-7.835581245985868,3.7067077442454934,56.58007153253464
CTM,"Castellum, Inc.",PASSA_FASE0,,0,0.664,4471948.783096903,0.23890416860770416,0.24112575648581264,48.07167221919205,0.3293946994651131,1.7749584291493625,70.55510125150703
TIL,"Instil Bio, Inc. Common Stock",PASSA_FASE0,,0,7.22,21373.702625222228,0.2504105252069938,0.597267639783459,35.74244907763874,-3.5887164079452583,5.1522233542800455,18.967700330281193
GORO,Goldgroup Mining Inc.,PASSA_FASE0,,0,2.06,3267018.090867,0.41652128766629387,1.6562097524820614,55.83591035400724,22.499100583060038,31.49919489678883,457.88292516054156
CNC,Centene Corporation,PASSA_FASE0,,0,61.82,5741404.2926438255,1.4550972439085939,0.8037013337258042,42.1469591234516,-6.379434369439285,1.4659294974872754,40.75614092827534
UNTY,Unity Bancorp,PASSA_FASE0,,0,58.79,58872.06570688889,1.1044655697785624,1.1406995631527812,57.43711023887008,2.4135738487400804,2.3632878221863645,30.13395832133113
CCJ,Cameco Corporation,PASSA_FASE0,,0,84.57,3404892.9921800634,0.9242110719441909,1.1229067368884162,33.50709645122697,-7.079208464724818,1.9815331435940435,39.25485604742167
THH,TryHard Holdings Limited Ordinary Shares,PASSA_FASE0,,0,0.2,638262.1566292698,0.10794615117377059,0.17446135390982936,25.66433191888177,-20.24246291274524,3.231744024266842,51.561207268448584
SFST,"Southern First Bancshares, Inc.",PASSA_FASE0,,0,61.36,133816.494554619,0.7059898857344491,0.8931182445114699,51.971253847954,-0.13508454990801555,2.1776833498082713,26.473244562588068
NNE,Nano Nuclear Energy Inc. Common Stock,PASSA_FASE0,,0,14.88,2753528.9253448574,0.8151044157776207,0.7853479369837987,33.13883255452011,-16.037749157132975,1.835851155280916,67.8684972677974
SVRA,Savara Inc.,PASSA_FASE0,,0,5.28,1722785.3581502384,0.7310826243225845,1.0805147734983043,39.169157991931215,-8.926261319534278,3.010562276554905,44.569314918050374
RNW,ReNew Energy Global plc Class A Ordinary Shares,PASSA_FASE0,,0,5.99,1333771.5804597621,0.9171672668706294,0.9626713670640291,43.53774563037341,-2.6886524246608645,3.2966472338342023,24.584461975426024
VECO,Veeco Instruments Inc,PASSA_FASE0,,0,42.99,1541034.5769908736,0.8253636065951379,0.722210236259281,31.090608322031358,-20.852779542128076,2.102225332357661,91.55169750480967
CERS,Cerus Corp,PASSA_FASE0,,0,2.87,2841812.053877968,0.664224572399557,0.8286181702840781,45.41992658000629,-6.969205834683945,2.6008765096767883,46.53034805189409
PSTV,"PLUS THERAPEUTICS, Inc. Common Stock",PASSA_FASE0,,0,3.63,162557.15849230156,0.5785646358013452,0.8028319831275258,35.01273086544043,-7.3979591836734855,3.988220982386706,49.39835354719642
TPGXL,"TPG Operating Group II, L.P. 6.950% Fixed-Rate Junior Subordinated Notes due 2064",PASSA_FASE0,,0,22.91,24976.748834920636,0.24327537743842262,0.8742072014381683,39.40691375063238,-1.2478717213732948,12.853220781050348,8.520515739660006
ATAI,AtaiBeckley Inc. Common Stock,PASSA_FASE0,,0,7.18,10802184.003295414,1.7227793810586571,1.855960462493667,73.65763452339557,16.138946176553826,8.921400063569399,121.01805028279502
HPK,"HighPeak Energy, Inc. Common Stock",PASSA_FASE0,,0,6.63,704226.4525802858,0.5671585652478245,0.6557576162613715,42.426024772817236,-7.411933107565572,2.7668537667433806,78.64831124569646
ZNTL,"Zentalis Pharmaceuticals, Inc. Common Stock",PASSA_FASE0,,0,4.67,1161505.4093950156,0.6107869814678837,1.0932257967667018,53.535744795373915,-0.32548956832615383,5.009957499337,80.8846374520076
W,Wayfair Inc.,PASSA_FASE0,,0,89.03,3953691.6475662063,1.2302249113198076,0.7304789765242403,52.24342669480226,-0.6211873440752802,1.0,62.19038009066216
AAL,American Airlines Group Inc.,PASSA_FASE0,,0,14.84,108392621.19600068,0.5968265160310829,1.2474211923379153,44.52967012233787,-6.7048062112972655,2.9509338514525862,53.71946928405057
SMTK,"SmartKem, Inc. Common Stock",PASSA_FASE0,,0,0.208,10291320.421315843,0.013652235282461041,0.052414503006275155,45.330628115106364,-0.7799270160040228,15.863674509049924,91.80760539280632
PTEN,Patterson-UTI Energy Inc,PASSA_FASE0,,0,9.33,8898133.326367797,1.1200618283784798,1.0664898005545742,42.18516825657158,-2.9489779996879184,1.551810939882162,59.45764230541521
LGCY,Legacy Education Inc.,PASSA_FASE0,,0,12.23,56287.216624174616,0.6152481500591134,0.7848932207695186,59.2004979259317,3.4511926915919533,2.9586570098099263,37.491532812857656
PTCT,"PTC Therapeutics, Inc.",PASSA_FASE0,,0,74.49,1838114.2473032218,0.6386209834879519,0.9090118510074132,36.811380252987696,-7.664846572914275,5.774138003016258,35.878803077124246
RLGT,"Radiant Logistics, Inc.",PASSA_FASE0,,0,8.54,156054.16329071435,0.4989180703174023,0.7833001625133411,34.254562934882955,-7.138585331376079,2.4555078574163396,24.70853467035438
BTBD,"BT Brands, Inc. Common Stock",PASSA_FASE0,,0,1.065,104907.20684377775,0.6359924699868921,0.18364477359681686,42.37006810802813,-4.101571293503237,1.0458799912714882,58.663727973116245
EPAC,Enerpac Tool Group Corp.,PASSA_FASE0,,0,36.33,517087.9110585556,1.389383504801457,1.248005402369912,56.411730491523095,4.100404023037907,2.3534643953260033,49.76675344093831
CMCL,Caledonia Mining Corporation Plc,PASSA_FASE0,,0,18.2,243261.64842209528,0.6427773198128081,1.024091380462636,44.47056730937557,-0.2930944750322073,3.8242406013379187,51.374802171443726
SLNH,"Soluna Holdings, Inc. Common Stock",PASSA_FASE0,,0,1.14,21373760.397330746,0.42434020846489284,0.6430887094455133,40.34510539283468,-7.090464547677255,2.698382420642418,107.42990469951465
AFRM,"Affirm Holdings, Inc. Class A Common Stock",PASSA_FASE0,,0,70.11,4629418.378231474,0.7778438003329993,0.7907524023219233,39.05110172293669,-10.759801815734471,1.284881921734498,38.929185682695554
IBO,"Impact BioMedical, Inc.",PASSA_FASE0,,0,0.4265,59408.33722477777,0.21546358526360662,0.772070510028007,36.93242190958402,-5.442855559250647,13.837329914242789,42.167534968555046
PROP,Prairie Operating Co. Common Stock,PASSA_FASE0,,0,0.7002,2567821.284222524,0.3246981189940736,0.5397169784103052,42.71467008511094,-7.914463820721219,2.3572741941930344,83.12298909894378
SORA,AsiaStrategy Ordinary Shares,PASSA_FASE0,,0,1.68,46020.91746268254,0.07335564317546354,2.6354885586700814,41.486912600622375,-8.321964529331517,452.253809107158,139.6614041186455
VSEC,VSE Corp,PASSA_FASE0,,0,184.98,495815.6621151746,0.8451518565112612,0.9259914227461403,37.807149700991765,-10.632068680641781,2.1667467441919244,53.16254486312065
INDP,"Indaptus Therapeutics, Inc. Common Stock",PASSA_FASE0,,0,1.82,1000964.499668381,0.17315417698971464,0.08179873501934987,35.52158008445957,-28.353508512941637,1.58246580412689,124.83811098460238
STNG,Scorpio Tankers Inc.,PASSA_FASE0,,0,78.53,911127.4772593017,0.726463660070946,0.8017854434545779,52.999489323737826,1.8164373970879888,2.0017690178827374,31.446425883873697
TBLD,Thornburg Income Builder Opportunities Trust Common Stock,PASSA_FASE0,,0,21.6,53952.64108550793,0.7873856374087839,0.887076444755465,41.11538387046405,-1.2808354566332447,3.4878762518057265,8.34956203497033
DXST,Decent Holding Inc Class A Ordinary Shares,PASSA_FASE0,,0,2.27,2132419.309287143,0.02263025404517282,0.7032847044961535,48.42016016361793,-1.475694444444453,507.60497456479584,151.25263164811327
ASM,Avino Silver & Gold Mines Ltd. (Canada),PASSA_FASE0,,0,5.27,3962894.946531143,0.9968452330594616,0.7530989434726858,38.81813251449683,-10.549096155478221,1.490316114533466,75.17583455492802
DKI,DarkIris Inc. Class A Ordinary Shares,PASSA_FASE0,,0,4.04,78227.12806398413,0.9443015719505858,0.12444944828649737,29.728207236560024,-14.003671872921263,1.0,39.6793604659747
HCWB,HCW Biologics Inc. Common Stock,PASSA_FASE0,,0,2.58,2022713.2364828254,0.02686844584282299,0.030856786993433985,26.792142643795742,-32.65905383360521,1.8781169074331987,93.49524465147304
RCT,RedCloud Holdings plc Ordinary Shares,PASSA_FASE0,,0,0.1896,6904522.684539033,0.030389579413628735,0.44107592406663537,26.563523070315796,-18.25472104854704,146.22601546257755,87.66705922670862
FUFU,BitFuFu Inc. Class A Ordinary Shares,PASSA_FASE0,,0,1.26,220171.56234338097,0.5416181562313603,0.6698550862351357,36.08318067687399,-9.482758620689658,3.2835237869327867,77.07753543038996
XHLD,"TEN Holdings, Inc. Common Stock",PASSA_FASE0,,0,1.25,255044.56874458733,0.7328588394571202,2.7193762993156043,32.30876044053886,-36.03684277855954,14.398972543199516,119.86714582528808
GATX,GATX Corporation,PASSA_FASE0,,0,181.62,237376.02515126983,1.2371518789391482,0.9388042289198636,53.48384102550966,1.5399839544238514,1.1386906988377055,25.174518280828362
NODK,"NI Holdings, Inc.",PASSA_FASE0,,0,15.61,23664.43881726984,1.4487116875546182,0.811893539283033,48.68143308205284,-1.3055985837574724,1.3275618302617194,19.367670149008433
SNEX,StoneX Group Inc. Common Stock,PASSA_FASE0,,0,72.07,1261743.7859698888,0.6543859801808481,0.9296450576992915,40.24187361004716,-5.417465025328772,2.375204494345245,50.19430309991473
CDNL,Cardinal Infrastructure Group Inc. Class A Common Stock,PASSA_FASE0,,0,58.79,664066.9544306351,1.174179340712017,1.1511001595363166,37.818943961097226,-16.10118091976167,2.9545528441182256,96.54562259829356
CORZ,"Core Scientific, Inc. Common Stock",PASSA_FASE0,,0,18.12,13321208.549567271,2.667772970964967,0.842844620452836,31.48900750478768,-18.750770679430985,1.0,95.96974129650032
AMKR,Amkor Technology Inc,PASSA_FASE0,,0,42.73,5859194.334161555,2.076549406123781,0.9731879597725385,25.8588765068789,-34.257998507611966,1.66479661847126,123.22201154853911
KAPA,"Kairos Pharma, Ltd.",PASSA_FASE0,,0,0.299,2026170.0206263333,0.17874658903898155,2.986201290370757,38.139702084492704,-10.838092114091458,129.14805995835727,95.80770173245908
USCB,"USCB Financial Holdings, Inc. Class A Common Stock",PASSA_FASE0,,0,22.02,66182.61371066667,1.1421786610373286,0.7554302704804187,64.9553957547466,6.34983880899771,1.6410085260220784,34.82948264878705
KMTS,"Kestra Medical Technologies, Ltd. Common Stock",PASSA_FASE0,,0,22.75,356970.01567231753,0.8853414653182268,1.2019428044753642,47.77424029128296,-6.925366417444845,2.6653649822112477,60.70733779098511
INBK,First Internet Bancorp,PASSA_FASE0,,0,26.72,46330.948954396816,0.4812346516352564,0.7301547052672583,51.978921588226804,-0.5480650234020779,3.817762391207406,27.411266449246753
GELS,Gelteq Limited Ordinary Shares,PASSA_FASE0,,0,0.5757,3670139.154790334,0.01853100777152558,0.03246233490657829,45.31094008172242,-3.963967721083461,7.382986687012712,98.52195242696591
BQ,Boqii Holding Limited,PASSA_FASE0,,0,0.776,1273857.9590625872,0.028292402889660995,0.4707486261335494,42.43226296333358,-6.167435505226693,287.69679645376544,60.82058229192716
AUDC,AudioCodes Ltd,PASSA_FASE0,,0,9.39,120319.41793038097,0.7545908683462373,0.7811063674387942,44.58836410305207,-3.712059064807216,1.4927372052444596,32.114874714858935
BTQ,BTQ Technologies Corp. Common Stock,PASSA_FASE0,,0,3.16,3590209.9659639997,0.4085131911963799,0.58998773139544,36.79374623231111,-15.07659231389409,2.4309695938387876,64.47653167539264
AXTI,AXT Inc,PASSA_FASE0,,0,36.97,9494385.17257024,0.8455670485067007,0.8282841617314449,32.527792302461606,-30.387791031567456,1.551556731597511,150.49623018747792
ORLY,"O'Reilly Automotive, Inc.",PASSA_FASE0,,0,90.63,7884575.620972396,1.0108111981089847,1.1231562657702685,56.60080286677366,3.9811840293712653,1.9248651980082716,42.165023733317334
FNLC,"First Bancorp, Inc. (ME)",PASSA_FASE0,,0,35.55,31849.370422698405,1.0862911806678264,1.1286574920859749,65.63510575832618,3.3400191854888073,2.3297188367216495,25.38020824985675
CAT,Caterpillar Inc.,PASSA_FASE0,,0,782.71,3132581.6037578257,1.905898760833226,0.9340739532758421,29.153721102673757,-13.817963005068767,1.0,41.08905822937137
VFF,"Village Farms International, Inc. Common Shares",PASSA_FASE0,,0,1.965,1035844.015289127,0.8567056889084822,0.7523940365595129,44.76698337940278,-1.1071967790639126,1.444318282856664,35.47895349690262
ZM,"Zoom Communications, Inc. Class A Common Stock",PASSA_FASE0,,0,92.41,4430838.838519143,0.6984670732206839,0.7196359269798737,54.58633721184495,3.347527169126585,1.2867535647730224,38.82791331533534
RGTI,"Rigetti Computing, Inc. Common Stock",PASSA_FASE0,,0,13.22,38562068.21625663,0.5250997019937496,0.570414638190448,34.80407673756335,-15.702215845687862,1.6115243215490214,81.47421831707436
PLUG,Plug Power Inc.,PASSA_FASE0,,0,1.9,67255654.21433423,0.9098077353427722,0.7272018219252935,26.782459959897224,-16.059200353434967,1.3686631983436532,48.797576388105675
MIMI,Mint Incorporation Limited Class A Ordinary Shares,PASSA_FASE0,,0,1.58,1747418.6920112856,0.014776817679728263,1.6029238311848217,34.461777869756475,-27.919708029197064,1757.9923643801033,168.06084410800045
PINS,"Pinterest, Inc. Class A Common Stock",PASSA_FASE0,,0,24.44,17863748.50952878,0.6191228977476656,0.587432617099991,66.59825889626808,7.178879971933516,1.5471255449307588,35.42436533109915
NAMM,Namib Minerals Ordinary Shares,PASSA_FASE0,,0,1.32,1145126.3813448572,0.30173544859756785,0.2356282106845829,34.691617144530184,-15.221579961464348,2.610701223768771,76.18855299880653
MPTI,"M-tron Industries, Inc.",PASSA_FASE0,,0,78.19,162722.36369790477,3.3497398524454844,1.6343024127572596,40.24658668592735,-6.957096023751575,1.0,61.63644789901834
PHVS,Pharvaris N.V. Ordinary Shares,PASSA_FASE0,,0,32.62,437761.1657520476,0.8504609278678544,1.1732127843915485,44.47992948645869,-4.8771597288036705,5.06931139133062,41.332448648979415
ARAI,Arrive AI Inc. Common Stock,PASSA_FASE0,,0,0.2354,1087066.2855883178,0.3743524874095068,0.37983718854323134,21.35400023614818,-33.83272665945216,2.2796074189855977,77.29477024030365
YORW,York Water Co,PASSA_FASE0,,0,31.55,150715.12713438092,0.9807373527357185,1.172604581896244,57.796832781254956,1.9089763881262378,4.204866012518126,23.95715068315058
STXS,"Stereotaxis, Inc. Common Stock",PASSA_FASE0,,0,1.33,720679.6176191746,0.9136123134329112,1.8715739587751081,30.688016473984106,-15.92920353982301,8.661388904367842,55.58920643503764
QMCO,Quantum Corporation,PASSA_FASE0,,0,10.45,1077190.8491016347,1.4699909927183181,0.7532760594940229,44.96920506808308,-1.6424302320109163,1.0,72.86944456177872
WBD,"Warner Bros. Discovery, Inc. Series A Common Stock",PASSA_FASE0,,0,25.64,21156906.596571125,0.6313966897924945,1.0683974606026079,39.574743925238565,-2.6372249330725794,3.3972039936109075,21.159002227910182
ACU,Acme United Corporation,PASSA_FASE0,,0,59.9,20315.464371126993,2.843629121375346,0.9275051101996893,82.90126470717867,20.696777053507564,1.0129505883194254,53.943615463749495
ALMS,Alumis Inc. Common Stock,PASSA_FASE0,,0,26.38,1296516.6087007143,0.6331057769623062,1.1053199673477585,47.238785896947924,-6.077544771602527,3.8024160587427898,64.64695810285656
EXC,Exelon Corporation,PASSA_FASE0,,0,47.03,8830433.57864668,0.9756830672508622,1.0125153019575295,52.76549946057561,0.3981342128577259,1.5367188233456284,22.846782758526665
ELAB,PMGC Holdings Inc. Common Stock,PASSA_FASE0,,0,0.88,2947927.0074750315,0.12924442112504614,2.0154427087695024,29.32227533664276,-17.813080795345215,95.58255512627304,94.09984520695474
PANW,"Palo Alto Networks, Inc. Common Stock",PASSA_FASE0,,0,314.15,7971375.064513112,0.7958052436759188,0.864957108124097,46.188585630563544,-6.992098103130251,1.488677594928766,49.77580786970402
CSQ,Calamos Strategic Total Return Fund,PASSA_FASE0,,0,19.52,214739.1672119365,1.1751013799823167,0.9358002222699772,34.76743931879096,-4.156335158225533,1.490184322604415,14.97958725586265
NMRK,"Newmark Group, Inc. Class A Common Stock",PASSA_FASE0,,0,14.89,1386837.817172476,2.123881119491913,0.8169891961533804,44.831331679881174,-3.6822614292413736,1.0,44.95754964746663
ACRS,"Aclaris Therapeutics, Inc.",PASSA_FASE0,,0,5.12,1644776.9143016986,0.7162031458972208,1.136237996868613,45.86112940157832,-6.73103197012479,5.159676741479063,46.750425224437095
FSP,Franklin Street Properties Corp,PASSA_FASE0,,0,0.4798,653081.7059984602,0.6745454574485336,0.5724561836930117,45.28481477786,-1.1007131961907946,1.8308690559458507,51.66136890885844
SNDL,Sundial Growers Inc. Common Shares,PASSA_FASE0,,0,1.2,2123974.2761137937,1.4185454451726036,0.8427810607940229,34.87252304562115,-7.156673114119927,1.6236845475383874,50.91465286137282
URG,Ur-Energy Inc.,PASSA_FASE0,,0,1.18,11036453.305171652,0.6606877989470723,0.6462866426317031,36.81983283591189,-8.242612752721623,1.9712669418911486,57.69029997136471
GERN,Geron Corp,PASSA_FASE0,,0,1.4,12510546.236303065,0.45211314448979906,0.6617081850618413,49.57831209194597,-2.60869565217392,2.392584783500353,52.9894323156814
UAVS,"AgEagle Aerial Systems, Inc.",PASSA_FASE0,,0,0.6743,2027102.8823272227,0.3138754737408996,0.3105900044253244,27.354229709026427,-11.867729708534846,1.449706777734321,38.699422120493296
MCFT,"MasterCraft Boat Holdings, Inc. Common Stock",PASSA_FASE0,,0,24.62,165853.77890469844,0.9986390415329147,0.8186228754559521,52.45753144365493,1.0144526161389278,1.5021791290413893,35.871973038395204
SNDK,Sandisk Corporation Common Stock,PASSA_FASE0,,0,1015.89,13558099.72149651,1.806379418593385,1.0761203955132863,32.804061458811034,-35.43784679699551,1.0872226210783702,133.73765723972747
VRRM,Verra Mobility Corporation Class A Common Stock,PASSA_FASE0,,0,5.1,6830147.231097444,3.825422712107015,0.602867273330481,58.245393304396565,20.304299109512325,1.0,83.77364753476246
STRT,Strattec Security Corp,PASSA_FASE0,,0,89.88,95493.73440384127,0.9311459553352981,0.9265133125471424,72.90259701909787,9.252686342198668,1.4424311194388846,34.66587926021344
FFAI,Faraday Future Intelligent Electric Inc. Common Stock,PASSA_FASE0,,0,4.62,201571.56016425398,3.931109697634426,2.04282369237708,17.562143181503572,-78.11463761250592,1.7672534122425734,216.24253091812932
ENTX,Entera Bio Ltd. Ordinary Shares,PASSA_FASE0,,0,3.0,2416981.901091508,0.6543788834669139,1.9258626426836525,65.79056397834259,45.89665653495445,52.72050814893929,246.0693944343821
BCHT,Birchtech Corp.,PASSA_FASE0,,0,1.38,155012.42636587296,0.20852071706630737,0.471772883094811,29.738966968823974,-21.120320091454715,5.5486249930595735,59.52908319041838
TOP,TOP Financial Group Limited Class A Ordinary Shares,PASSA_FASE0,,0,2.11,269641.32558995235,1.5678574336817208,1.9866008558463732,54.41953667588106,-1.0318949343339545,5.423719076725368,144.4528961499795
MBUU,"Malibu Boats, Inc. Class A",PASSA_FASE0,,0,27.91,308575.2636090158,0.5654274696110224,0.7701076530914023,52.596092429344964,2.7860128528550687,2.1477375675629538,44.29081948242749
AEON,"AEON Biopharma, Inc.",PASSA_FASE0,,0,0.243,1145346.6719126508,0.15317962397011278,3.0500762279959908,18.52489442361164,-40.971420936926876,267.4633113198942,184.98632303134823
CNQ,Canadian Natural Resources Limited,PASSA_FASE0,,0,46.45,8553812.936974002,0.9431415326819088,0.9292499315637196,61.952544636506396,7.59662269373762,1.896011205886475,34.662244682771785
SCHW,The Charles Schwab Corporation,PASSA_FASE0,,0,104.47,10753361.25581305,0.6649071194369912,0.8265770208699506,64.1547655378836,2.714102419144715,2.0720430396683067,24.886022854198853
HP,"Helmerich & Payne, Inc.",PASSA_FASE0,,0,33.46,1191409.808123318,0.9410169252131553,0.9052407121208351,45.68108845559978,0.41263410608447515,1.5588420221558776,39.702219371638826
NHC,National Healthcare Corp.,PASSA_FASE0,,0,228.66,125767.14554620632,0.647106881145677,0.8574661561661957,64.83044423450902,4.292617737407567,2.035606182054055,29.07298410741859
ROL,"Rollins, Inc.",PASSA_FASE0,,0,38.75,4654012.046450334,1.2762441218424092,1.246053358474582,28.491778616474818,-9.51546993578518,3.0316610864339424,43.42594997920724
MAR,Marriott International Class A Common Stock,PASSA_FASE0,,0,381.12,1478209.9554375715,1.0436246621667078,0.9513727673378484,55.42545963975411,2.3808820250525775,1.19635752484663,23.89525324434225
VRSN,VeriSign Inc,PASSA_FASE0,,0,290.92,829584.7074274762,1.0400274499122524,0.9570197270351765,64.47108543379083,7.682541562640566,2.4240092936462956,34.35388188354438
LWLG,"Lightwave Logic, Inc. Common Stock",PASSA_FASE0,,0,5.345,6283305.290647159,0.4099497132143482,0.5188431113498825,32.55033129840153,-19.35423031949004,1.7778289441533421,102.49948646160576
INDO,Indonesia Energy Corporation Limited,PASSA_FASE0,,0,2.87,561103.3370436508,0.7844908318853152,0.5881980091783428,49.96658380721893,-0.6060606060605878,1.8600372391280011,53.92567667902758
TOON,"Kartoon Studios, Inc.",PASSA_FASE0,,0,0.5745,1614288.7029620793,0.08170041729896077,1.1861283173007673,37.384157558182125,-5.998429216571788,214.848376487326,55.3422647009396
SACH,Sachem Capital Corp. Common Shares,PASSA_FASE0,,0,0.7741,461335.2604683492,0.3855115342634898,0.284514913866648,25.213083488084962,-9.974763627059913,1.553545152598827,27.339758108817236
SVCO,"Silvaco Group, Inc. Common Stock",PASSA_FASE0,,0,6.91,534266.9945772222,1.0512981719177048,0.8015285511067712,31.1337402727154,-26.77369787527155,1.5077114995854808,111.79897291439967
DH,Definitive Healthcare Corp. Class A Common Stock,PASSA_FASE0,,0,0.73,379855.5129033175,0.4033015580979397,0.7885205342071373,45.64865927820365,-5.556633676175693,3.7753640092417036,76.85406672947694
ALNY,"Alnylam Pharmaceuticals, Inc.",PASSA_FASE0,,0,286.62,1291144.0985366828,1.0080216458542897,1.208292502483933,50.26326631915374,-0.9636880677518667,4.506329376245521,40.92871271395105
NVDA,Nvidia Corp,PASSA_FASE0,,0,190.01,154136305.75191668,0.9581182601435262,0.8430373701609835,37.90503668289158,-6.4577666736409745,1.0451845391074954,39.41271945021093
SA,"Seabridge Gold, Inc.",PASSA_FASE0,,0,25.25,826795.3141166506,0.9013979207722642,0.6196218557960654,44.41079834187944,-2.3531914070808457,1.1321687694800198,56.52144175356104
BMRC,Bank of Marin Bancorp,PASSA_FASE0,,0,28.41,137939.184814873,1.48006367859865,1.2090887236950472,51.5916421746993,-0.8965012034743536,1.2802129487479057,35.280663197412245
VERU,Veru Inc.,PASSA_FASE0,,0,2.21,1945557.1632757457,0.10110293378828947,0.14997023294693929,37.09925255939076,-12.266772528781257,3.896093403363871,67.4051932655952
VIK,Viking Holdings Ltd,PASSA_FASE0,,0,102.66,2934802.2292951117,0.5213045272442298,0.7128270542350698,59.98412037837218,2.763277093478922,2.797685320752792,24.966198869955374
FIVN,"FIVE9, INC.",PASSA_FASE0,,0,27.165,3245488.1460572854,0.6811562111035915,0.689566711394175,64.00739303711362,9.539603012187857,1.8020385772917935,71.00702246697256
FLEX,Flex Ltd. Ordinary Shares,PASSA_FASE0,,0,103.02,7150398.034774763,1.3951477943862798,0.6443373591796249,30.489746110460004,-19.31438372659936,1.1055659321031392,70.34675657933371
GRI,"GRI Bio, Inc. Common Stock",PASSA_FASE0,,0,1.47,63049.77705246032,0.39807604563164123,0.5731753759593952,35.90071002357752,-8.525202240199125,2.945369398763101,49.20675304769455
CKX,"CKX Lands, Inc.",QUARENTENA,ILIQUIDEZ,10,10.8,,,,,,,
PMTS,CPI Card Group Inc. Common Stock,PASSA_FASE0,,0,20.87,45110.48754588889,0.6601451743057902,0.7890046825628618,61.77637236944376,5.964636143232527,1.7907628107193811,42.98291224164244
RDW,Redwire Corporation,PASSA_FASE0,,0,7.78,37033261.02704388,0.4251462680065738,0.4514571742732891,32.578845885628425,-18.886514101026954,1.3950249815760698,78.96365085798305
EONR,EON Resources Inc.,PASSA_FASE0,,0,0.5079,1556321.4465697461,0.5437567749742341,0.61536089450945,45.84992468925486,-3.234103357942364,4.372960775191357,82.81528733253923
GEVO,"Gevo, Inc.",PASSA_FASE0,,0,1.45,3486944.9514393494,0.6775353784652637,1.0180685432621164,42.00246739308641,-6.542056074766355,3.2641139179785648,71.83322338394694
SOUN,"SoundHound AI, Inc. Class A Common Stock",PASSA_FASE0,,0,5.7,30126663.560172524,1.5457976903247335,1.0991500675321932,33.99205608961752,-11.809074382083306,1.0689918890962091,55.38944667529483
NSRX,Nasus Pharma Ltd.,PASSA_FASE0,,0,3.21,40805.836417666666,0.30793327065732795,0.318799088055646,54.827969903936825,2.9271718114220358,2.9612611681783765,60.88523689076639
LPTH,Lightpath Technologies Inc,PASSA_FASE0,,0,9.39,3640371.909998222,1.1294286891033638,0.7886276394442905,35.287187595138334,-21.155380158696836,1.102313509462204,109.26915323977988
AMZN,Amazon.Com Inc,PASSA_FASE0,,0,226.65,48519837.700074665,0.9265802712524907,0.828129656338215,33.27918686702506,-6.621759416617734,1.1973485277671627,24.862154697070952
HSTM,HealthStream Inc,PASSA_FASE0,,0,29.53,232851.63346514283,0.6809733900137609,0.7531938539220263,64.43762957827998,4.691252980226368,1.490827359434163,33.30701710183429
PCYO,Pure Cycle Corporation,PASSA_FASE0,,0,10.58,59441.5649685873,0.7168470891625768,0.9490159486709538,45.802192307850184,-1.1861399084710844,2.4658402722927493,23.567806575743422
CADL,"Candel Therapeutics, Inc. Common Stock",PASSA_FASE0,,0,9.4,1932777.724546968,0.7457380052348458,0.743178685661531,48.05695265132683,-4.081632653061229,1.6513453267741531,54.58162632815641
PRK,Park National Corporation,PASSA_FASE0,,0,212.56,103978.13998166668,1.8176379013639148,1.0326091492128169,77.99659932864374,12.694873963168485,2.069912149085929,37.357396225052774
WWR,"Westwater Resources, Inc.",PASSA_FASE0,,0,0.3911,856884.6303335555,0.7260006904451519,0.7663723998297438,29.47636327367624,-11.00643957494255,1.892745416045882,44.37071280017241
RIVN,"Rivian Automotive, Inc. Class A Common Stock",PASSA_FASE0,,0,16.33,34826264.69114999,0.530225369470545,1.1930368679509935,47.03152230519949,-5.561900906501672,6.003485675960688,94.7478902492742
CHEF,The Chef's Warehouse Inc,PASSA_FASE0,,0,105.63,538743.1052925237,2.895314272974411,0.9993831161427237,70.4170866658652,8.774395847975347,1.1892629302668098,39.609555970797544
USAS,Americas Gold and Silver Corporation,PASSA_FASE0,,0,3.66,4494275.233116683,1.0054514856261545,0.8171593088875699,34.74810782463176,-12.188099808061404,1.4302318626667379,75.39446472462588
ACCS,ACCESS Newswire Inc.,PASSA_FASE0,,0,6.8,15957.766031174606,1.4902370014413326,0.8868291604071302,50.27123391202381,-1.1796677166327152,1.1592519215479458,66.3141428077048
AM,Antero Midstream Corporation Common Stock,PASSA_FASE0,,0,21.52,2358906.331369096,0.8259993246099465,0.8712493006534203,39.0623363442774,-4.2044114046606795,1.4522994458953138,22.871990894424396
XTNT,"Xtant Medical Holdings, Inc.",PASSA_FASE0,,0,0.4262,117363.45613176191,0.11694787689782009,0.8191385065685927,46.37002708897942,-0.67583313912839,47.52116084569126,61.10934716210698
LEG,"Leggett & Platt, Inc.",PASSA_FASE0,,0,10.27,2715033.7037391425,0.6110140675809407,0.8029352849901129,39.5341189695411,-6.843847793550728,2.439115198239609,38.39831017920775
HSLV,Highlander Silver Corp.,PASSA_FASE0,,0,4.18,428996.5316783015,0.8075167747504703,1.1143714391379778,42.36407335605068,-7.409458411784254,3.2947155508267802,78.944444293927
ACI,"Albertsons Companies, Inc.",PASSA_FASE0,,0,12.06,7983967.975996555,1.4790822974543574,1.2361251698179418,34.683049174975565,-12.351466259675126,4.04690434046868,92.04332957972807
GOOGL,Alphabet Inc. Class A Common Stock,PASSA_FASE0,,0,336.71,33004791.753794324,0.8332618050223369,0.8845842782303662,43.60681017204858,-3.6927182473567965,2.524202897230665,38.538409977616304
NUTX,Nutex Health Inc. Common Stock,PASSA_FASE0,,0,140.49,141591.99360392062,0.6562037228171868,0.8930930251066013,35.80315747023275,-17.38312261099677,2.836255029079168,65.18253210278196
NKTX,"Nkarta, Inc. Common Stock",PASSA_FASE0,,0,2.13,706410.4787511746,0.9809661131486263,1.1246496481798247,30.314911329325113,-22.03513909224013,2.1674156146984442,86.31765922868757
OFRM,"Once Upon a Farm, PBC",PASSA_FASE0,,0,15.8,509070.41483220627,0.5864251485924564,1.0734777266982265,40.5799514648138,-11.018500267507669,3.366502978433767,91.00935753891018
SPRO,"Spero Therapeutics, Inc. Common Stock",PASSA_FASE0,,0,1.19,1554136.522229984,0.6792649938644065,1.4470756798111881,21.536542794074578,-29.783153857501098,11.146933407079677,99.0422428839296
MMA,Mixed Martial Arts Group Limited,PASSA_FASE0,,0,0.43,892213.3776264286,0.07214225522512877,0.1208715783875011,37.79213448472422,-13.185681694292484,4.167148627824361,61.94866791853853
MNKD,Mannkind Corporation,PASSA_FASE0,,0,3.85,5814244.675454205,0.6169694100091805,0.829896309211464,46.49732172381262,-5.1957645900024385,2.668763024620675,63.94783406495685
EDBL,Edible Garden AG Incorporated Common Stock,PASSA_FASE0,,0,2.45,1058688.3471548255,0.6440654590630742,2.906693008489277,25.690081132052228,-38.09066558851772,51.07660596386481,199.18688292265577
IGC,"IGC Pharma, Inc.",PASSA_FASE0,,0,0.24,547144.602546238,1.9226523922916712,0.6411655119633639,28.070738430364813,-10.342380036236642,1.0,37.24067326683576
BFRG,"Bullfrog AI Holdings, Inc. Common Stock",PASSA_FASE0,,0,0.5505,252517.887229127,0.4251574390751375,0.5408105152261381,33.166479904528344,-15.93558879446596,2.0949765057045906,58.92854162018586
AUPH,Aurinia Pharmaceuticals Inc,PASSA_FASE0,,0,15.18,1483152.0575896823,0.5961260495022022,0.9355854404597654,42.1580667703318,-3.281299776999058,3.0222344196120763,41.98212772345347
APLD,Applied Digital Corporation Common Stock,PASSA_FASE0,,0,23.22,21259987.677946243,1.4904296382871647,0.9226524061503268,28.539965880564907,-20.955209654221598,1.28923657055617,88.96226817796298
MBAI,Check-Cap Ltd.,PASSA_FASE0,,0,1.04,101220.01097879365,0.25316140308825524,0.49258743857423587,41.17767529461717,-5.217589428115743,8.529795121951219,92.03353146835542
SLB,SLB Limited,PASSA_FASE0,,0,48.96,14175745.288740793,0.970936701288713,0.9229654047400462,50.189712500627465,2.8495803879966974,2.099795622241023,43.9814589458792
AURA,"Aura Biosciences, Inc. Common Stock",PASSA_FASE0,,0,7.01,655300.7839990794,0.7343842242109634,0.8695636632408645,50.02840653067022,-0.4968062455642186,2.516372613784777,68.40457929698468
BWEN,"Broadwind, Inc. Common Stock",PASSA_FASE0,,0,3.49,944967.4110155397,1.2093604643728892,0.4736352697437519,35.67641951936238,-24.36473966516767,1.0868279689578026,122.13058398025105
EA,Electronic Arts Inc,PASSA_FASE0,,0,208.91,2099231.613635381,1.7003555416977354,1.0657824371520277,73.96579226823494,0.7190776136169141,1.2643793588816372,3.7819764850011857
AMR,"Alpha Metallurgical Resources, Inc.",PASSA_FASE0,,0,139.16,259742.3250834761,1.2594707848705993,0.9827936039286636,32.50241131957907,-6.188802114055159,1.8619141098708905,36.587398630970334
SGC,"Superior Group of Companies, Inc. Common Stock",PASSA_FASE0,,0,12.76,46040.62972980952,0.8928861668758517,0.8395826869929287,48.25060795136801,-1.3643566652494887,1.9346041504387887,31.06954106104858
LAMR,Lamar Advertising Co,PASSA_FASE0,,0,164.33,649825.8014992541,2.062004960160909,0.8017146642145879,65.5912600218662,2.89532015077707,1.0,21.33243047099551
NOVT,Novanta Inc. Common Stock,PASSA_FASE0,,0,137.77,530487.4814352699,0.9232058912529855,0.9103638732844026,36.0852317068892,-7.422588968928068,1.9014189051865065,47.89546776730254
BCE,"BCE, Inc.",PASSA_FASE0,,0,22.33,3756096.469565445,1.4821903742898523,1.0658609755837756,54.17391903226808,3.9063772364533067,1.3757800963730231,25.141988621979454
LCTX,"Lineage Cell Therapeutics, Inc.",PASSA_FASE0,,0,1.06,1533338.8506566668,0.9122358630259483,0.64011003749547,34.64684655974693,-10.924369747899155,1.2434808283433636,44.12854078293495
EGG,Enigmatig Limited,PASSA_FASE0,,0,3.92,411564.8226247143,10.467907260539747,2.7486123304469463,35.26207754879812,-39.002567493970275,4.901246081653054,400.56787131691925
LRCX,Lam Research Corp,PASSA_FASE0,,0,252.35,11385364.644735727,1.4143692262628256,1.0483550043229293,31.026791910276543,-22.209874583267187,1.1782449463530678,73.9611579630478
ROLR,"High Roller Technologies, Inc.",PASSA_FASE0,,0,5.72,456115.34260273015,0.11923681831805687,0.19221478123256455,39.19234071015226,-11.07656432180335,3.146505232292901,58.26491898338251
XENE,Xenon Pharmaceuticals Inc,PASSA_FASE0,,0,63.1,1414303.7595415553,0.4974347314010155,0.9326628905053428,48.59536620378704,-4.1463173805056925,6.771575765150909,45.266074871136446
VMAR,Vision Marine Technologies Inc. Common Shares,PASSA_FASE0,,0,0.7629,3236824.63660162,0.15598510024475612,3.0164904103390913,21.757109933154197,-30.470049442912796,186.5705174550551,135.83775870773346
SOAR,"Volato Group, Inc.",PASSA_FASE0,,0,0.1283,22063185.695721965,0.033739117073983436,0.126753702668183,38.95332760601918,-11.663453594051232,12.878053257716907,59.83386124542698
CCBG,Capital City Bank Group Inc,PASSA_FASE0,,0,52.46,91885.41979063491,0.9584830117190831,0.9647546787236315,64.63592178708565,4.033633443065088,2.016907136309872,25.154368189886885
PICS,PicS N.V. Class A Common Shares,PASSA_FASE0,,0,12.13,372468.7579139206,0.358699554204964,0.6626723984362802,56.06463642518165,3.352788309973165,4.2615242156357,53.88502713501806
SCKT,"Socket Mobile, Inc. New",PASSA_FASE0,,0,0.4761,158883.1584121746,0.4077084106797081,0.804072760260289,30.087696154255994,-10.33898305084746,7.076893389731081,53.88887434705714
PLG,Platinum Group Metals LTD.,PASSA_FASE0,,0,1.25,1247328.7039716349,1.0790356813287982,0.7255539648035155,39.447244299831546,-4.214559386973193,1.4048571014125524,47.081312390640186
SFIX,"Stitch Fix, Inc. Class A Common Stock",PASSA_FASE0,,0,4.245,1953514.1065449368,0.8296661053677001,0.6940092530795161,60.20079926325342,11.600394347683206,1.2255208190057274,63.28158189229522
IMO,Imperial Oil Limited,PASSA_FASE0,,0,128.8,564794.6000349524,0.9439069946189432,0.8755856160193389,63.914124042112924,5.786644436139943,1.5540214793747247,27.61540028059175
AMC,"AMC ENTERTAINMENT HOLDINGS, INC.",PASSA_FASE0,,0,2.75,43792658.063657984,0.8696872597672985,1.2215434689843239,67.13453698727,30.085146641438044,4.90356975586803,115.41954848613112
NWS,News Corporation Class B Common Stock,PASSA_FASE0,,0,32.64,1586712.8099659365,0.6907102189611289,0.8633805931158138,62.30160565047808,5.132623645177392,1.9475513776580338,34.36260401234706
BRN,"Barnwell Industries, Inc.",PASSA_FASE0,,0,0.9857,88196.513808746,1.2869073949581067,0.777186002764689,42.7478570877821,-4.02515968219348,1.9311930507338058,46.427173922889224
MU,"Micron Technology, Inc.",PASSA_FASE0,,0,739.0,52358564.37906938,1.3339931524149333,0.8590118390881722,35.740410734527245,-20.297283582588577,1.0,90.52831246164273
AVO,"Mission Produce, Inc. Common Stock",PASSA_FASE0,,0,12.87,1383478.8044279686,0.5162263441884082,0.8099232176164791,53.20307950074781,-1.1520737327188946,2.898838787712475,40.146990978575104
DRH,Diamondrock Hospitality Company Common Stock,PASSA_FASE0,,0,13.135,2204059.1009670636,0.8533994143644825,1.0942701584886818,70.68837064683737,6.169296987087525,2.0319443125364116,20.876536034243177
VSME,VS Media Holdings Limited Class A Ordinary Shares,PASSA_FASE0,,0,1.22,6693792.118476823,0.003194765122892133,0.0177160672971623,43.55355147753327,-14.804469273743015,66.09740664876024,112.81246093759896
FORM,FormFactor Inc.,PASSA_FASE0,,0,83.45,1923655.5204578096,1.2884380732014538,0.7765303114436243,31.947586254053206,-24.78017694009904,1.1765628951529588,101.75893230376761
FANG,"Diamondback Energy, Inc.",PASSA_FASE0,,0,199.13,2388327.3244870636,0.8068200693269074,0.864469119366508,56.75971345896534,4.761015413226799,1.496514774534443,38.1611003272857
FTLF,"FitLife Brands, Inc. Common Stock",PASSA_FASE0,,0,10.25,32401.618745777774,0.36743428115150545,0.5886409272834672,43.75833185191507,-5.004633920296564,5.1907039705020885,37.66796215676717
HBANM,Huntington Bancshares Incorporated Depositary Shares each representing a 1/1000th interest in a share of Huntington Series I Preferred Stock,PASSA_FASE0,,0,20.79,15101.176001285712,0.5264066851034113,1.0780505470344786,48.49611336559025,0.11528426673137471,6.6327187974881,7.8088712920811085
VTSI,"VirTra, Inc. Common Stock",PASSA_FASE0,,0,2.93,55134.655290650786,0.8244512171223816,0.7200788697962924,37.03614964386797,-4.544714122821292,1.5314893313079763,33.43619357571282
MCRB,"Seres Therapeutics, Inc.",PASSA_FASE0,,0,4.65,84910.64617479366,0.6255373694678997,1.2577012732491968,28.733891283917586,-21.56532006409716,6.281925896543872,71.30773374828449
BCAR,D. Boral ARC Acquisition I Corp. Class A Ordinary Shares,PASSA_FASE0,,0,4.16,720573.8426503809,0.17143171286462558,1.0719731833016763,1.8561047682709102,-57.20824975569614,20.29397729271646,172.22648202504385
AUID,authID Inc. Common Stock,PASSA_FASE0,,0,0.5938,353123.56509726983,1.8518607453990497,2.305812767596277,25.01675061432914,-38.88683051335886,19.319427256639557,113.47330393312427
PCAR,Paccar Inc,PASSA_FASE0,,0,133.87,3221315.810571016,1.42706055507334,1.0616961071623414,63.74915613450707,5.580705711626743,1.2348508239794034,32.1201139820602
ANIP,"ANI Pharmaceuticals, Inc.",PASSA_FASE0,,0,81.78,340050.72028388886,0.8479520370292873,0.838557067777251,53.15298746844032,0.5805086830324102,2.014823222911167,28.442254767372045
TROO,"TROOPS, Inc. Ordinary Shares",PASSA_FASE0,,0,1.65,415424.7785183492,0.3148225946185905,0.870853583941119,31.1604981639976,-20.260964117433865,9.953701267870088,91.81976906668761
DOO,BRP Inc. Common Subordinate Voting Shares,PASSA_FASE0,,0,61.14,282874.4021860001,0.7999958254271474,0.7846061632874904,54.61540990261571,2.15624190678283,1.3840107918480296,27.273089757458553
TTWO,Take-Two Interactive Software Inc,PASSA_FASE0,,0,246.43,2457191.1002938244,1.0099854432320066,0.741822920623648,57.26351091675572,1.166620311119293,1.0,30.502399612143645
BF.B,Brown-Forman Corporation Class B,PASSA_FASE0,,0,29.52,3276090.543859603,0.9326777175753007,0.7869668100432661,68.29663159768982,12.352280728462972,2.1278871755954682,41.96696265629792
TRIP,"TripAdvisor, Inc.",PASSA_FASE0,,0,14.58,3653524.288128539,1.44968389977887,0.7332308864859943,58.865757917385736,3.529077611304432,1.0,46.962303153823406
GCDT,Green Circle Decarbonize Technology Limited,PASSA_FASE0,,0,0.3574,1763024.5666755715,0.13452793091036075,0.09865534830264597,28.675649396980262,-31.846244058714458,2.8529751781998267,95.38158738373409
NA,Nano Labs Ltd Class A Ordinary Shares,PASSA_FASE0,,0,1.82,143699.38266412698,0.04744361354658725,0.215678325106591,46.67224541216151,-1.3966994983150682,9.74662286203564,90.62713500168668
ALGN,Align Technology Inc,PASSA_FASE0,,0,180.08,1020484.2128726031,1.6256218368329616,0.9096927895079471,54.76025824872135,1.413669839598275,1.0,43.73163556012168
LE,"Lands' End, Inc. Common Stock",PASSA_FASE0,,0,12.31,269319.5275673015,0.7686547550409926,1.2016201230253498,55.858236543596014,5.696990512171052,2.241076988576977,62.849293375492806
WTM,White Mountains Insurance Group Ltd.,PASSA_FASE0,,0,2150.34,20615.235715634917,1.0265860254971235,0.8335412402399869,49.03629584523785,-1.1626717802683428,1.2240312121193495,24.016143514939547
SWMR,"Swarmer, Inc Common Stock",PASSA_FASE0,,0,36.84,532668.0380288254,0.30975487436148963,0.597208275278355,43.686330012584115,-8.74072606116153,3.788446481392565,104.34304311893996
INSM,"Insmed, Inc.",PASSA_FASE0,,0,103.12,3811650.4163194443,0.5760059670663665,0.6116895708866994,40.97956062028598,-5.689108793173602,1.4425159754711931,33.481444915442424
FIGR,"Figure Technology Solutions, Inc. Class A Common Stock",PASSA_FASE0,,0,24.97,3785378.4848133167,1.1790784335876296,0.8080382623267056,35.9647314778761,-17.844951675920218,1.139166764716177,81.48806505221657
CIIT,"Tianci International, Inc. Common Stock",PASSA_FASE0,,0,3.52,750418.9628270317,0.04048918480089547,0.12426488201497368,36.73088209170178,-17.256293928210432,9.538910106641836,143.32665279149975
SLND,"Southland Holdings, Inc.",PASSA_FASE0,,0,0.5846,3787518.8321377137,0.19482417931200666,3.0552491898528067,40.640352784557706,-17.48357364160543,277.873355517892,232.8656040518597
HOOD,"Robinhood Markets, Inc. Class A Common Stock",PASSA_FASE0,,0,89.84,28156068.436317336,0.818529799410566,0.779124400465302,38.28307609049185,-15.330352051947816,1.7891291381694527,67.98029373767017
TXN,Texas Instruments Incorporated,PASSA_FASE0,,0,271.3,8760315.078903286,1.1661992247445496,0.9265066284012429,38.45429550012385,-7.2805131868094115,1.1494170335821854,36.46921711075114
XERS,"Xeris Biopharma Holdings, Inc. Common Stock",PASSA_FASE0,,0,8.38,1878949.8693485237,0.63574526731369,1.025307854398858,56.99068764255797,-0.9280605308269796,3.1419437774388337,43.00551631656418
CALM,Cal-Maine Foods Inc,PASSA_FASE0,,0,93.5,847258.6264360953,1.7162007978052416,1.1923640353670069,70.25113235134175,7.481765459843781,1.7485207749301934,36.92217828672547
HWKN,Hawkins Inc,PASSA_FASE0,,0,138.6,160717.07314492064,0.8424306969422869,1.1528370703763382,41.310087048969194,-0.5007268615732641,2.321706106852842,28.95393828570946
INSG,Inseego Corp. Common Stock,PASSA_FASE0,,0,6.36,345734.28983404767,0.9771389890692025,0.7697214917877747,25.311181827383777,-18.88272431605127,1.2740371270297413,59.29134099348274
ZDGE,"Zedge, Inc.",PASSA_FASE0,,0,2.93,133808.15923182538,0.23462719897078518,0.5616339609201183,43.490899354564064,-3.5867061533399025,5.047126680539689,39.18812849681286
HTZ,"Hertz Global Holdings, Inc Common Stock",PASSA_FASE0,,0,1.67,16434319.005406808,1.5299848456272918,1.3375820442953372,27.564552226413667,-13.449080072557674,1.6992508884080033,92.44788615527759
CDT,CDT Equity Inc. Common Stock,PASSA_FASE0,,0,2.55,703368.8663003492,0.11161356133508041,0.08414792300527592,29.79434710551068,-31.242753525494106,2.927700191609877,103.73468890263754
MCRI,Monarch Casino & Resort Inc,PASSA_FASE0,,0,123.02,162386.97316334923,0.6615090376673443,0.9728587000814055,48.53377473880835,-0.8427000253898198,2.6106561050535753,26.06863736209145
IDR,"Idaho Strategic Resources, Inc.",PASSA_FASE0,,0,27.73,248293.1884898413,0.7485415819435748,0.8244323933720202,37.0389448093388,-7.427808379235524,1.7723623683375427,53.844802863822395
DIBS,"1stdibs.com, Inc. Common Stock",PASSA_FASE0,,0,4.18,240975.8931656984,0.29157222148228307,0.4212351283968558,40.46264370773929,-8.613904678618278,2.6931559374756944,55.47877559664086
TER,"Teradyne, Inc. Common Stock",PASSA_FASE0,,0,319.41,4463219.429363364,2.0661631203748354,0.832722166900237,40.1801918265029,-9.385370337404098,1.0,95.31616828087108
CDNS,Cadence Design Systems,PASSA_FASE0,,0,332.76,2455853.351906032,1.3936017390561006,0.9301107667892827,38.71180540931253,-6.8842054893993865,1.5160006942466075,46.787788424852
SLP,"Simulations Plus, Inc.",PASSA_FASE0,,0,18.33,477387.0006014286,0.7251023026892285,1.0971120207660985,64.70143657314895,0.22965879265093303,5.984046788522498,3.658889693255498
FGNX,FG Nexus Inc. Common Stock,PASSA_FASE0,,0,6.89,133584.3570977778,0.6968757946775236,0.9964178937289223,61.727601183427936,18.885342075748433,3.9127823667080217,80.75823847027847
FROG,JFrog Ltd. Ordinary Shares,PASSA_FASE0,,0,73.275,2936712.189072761,1.27008536780333,0.7651060959686131,35.38765715906817,-16.59196653434073,1.0306162061567385,56.658605215295474
XAIR,"Beyond Air, Inc. Common Stock",PASSA_FASE0,,0,5.51,15415.016342777775,0.47597176265321156,1.1601393872753685,32.54609626049837,-19.28336519516286,13.2065984380095,106.4749353263854
MDLZ,"Mondelez International, Inc. Class A",PASSA_FASE0,,0,64.99,8872199.295613715,2.279257469520153,1.037256186733728,65.92852815104484,7.799230360934173,1.0,32.26501249217799
MXC,Mexco Energy Corporation,PASSA_FASE0,,1,8.56,10654.431444746033,0.41524365414934233,0.7186712260630176,47.89574467016108,-0.7993992337448907,6.163916944806744,35.69870550724289
SUN,SUNOCO L.P.,PASSA_FASE0,,0,76.47,496345.28733695234,1.0368923917023447,0.8225458925697249,67.60789676253323,6.017648812205834,1.5195345804868856,23.029743913787453
SBRA,"Sabra Healthcare REIT, Inc.",PASSA_FASE0,,0,22.05,3090058.8275314444,0.5584924882704158,1.005808740069439,68.92738612217249,6.632492685639657,3.9638259382379433,38.782151450361816
VRCA,Verrica Pharmaceuticals Inc. Common Stock,PASSA_FASE0,,0,5.18,53751.24736733333,0.5750751539728135,0.592267967484368,39.878334110246065,-10.198067004724132,3.3033970996056254,64.35533526487907
REI,Ring Energy Inc.,PASSA_FASE0,,0,1.21,5885065.983913841,0.7293325515513607,0.8357068918705525,50.81772850825216,2.282333051563823,1.7686430377464155,57.12179367757295
AEO,American Eagle Outfitters,PASSA_FASE0,,0,17.54,5128240.834970539,0.7448192698346514,0.85431684915666,52.236906968542506,2.8920044582624316,1.9349825886448366,48.681675463185805
BLMN,"Bloomin' Brands, Inc. Common Stock",PASSA_FASE0,,0,8.81,2368446.3695853967,0.5464860523016929,0.7555064440169003,58.85668225629855,5.282026768642467,2.1535415048317277,50.08221375848913
NEXA,Nexa Resources S.A. Common Shares,PASSA_FASE0,,0,12.16,928443.2386616509,0.5374845366544345,0.6917548096044722,42.69633322109875,-6.962509563886776,3.272176072453851,81.47621690771281
CRAI,"CRA International, Inc.",PASSA_FASE0,,0,190.04,165539.3973544921,0.8935751922198596,0.9288322047315196,75.54408503689186,14.927444642333377,1.5229443150864126,39.465832735006465
BCRX,BioCryst Pharmaceuticals Inc,PASSA_FASE0,,0,9.53,4931582.096848064,0.4450689852361637,0.8668786904323048,49.579479186788774,-2.7526212403377825,4.683686379202478,49.779874841390395
VIRC,Virco Mfg. Corporation,PASSA_FASE0,,0,6.03,67209.88011428571,0.462911264639899,0.5520232331885078,46.78871316207225,-1.5510204081632617,2.790421063844303,35.58985855439094
IHT,InnSuites Hospitality Trust,PASSA_FASE0,,0,1.68,485923.1605547301,0.01368239721772052,0.06371038953485553,50.339637749923284,-2.3321115157998062,10.00100121925032,61.80799275627153
CGNX,Cognex Corp,PASSA_FASE0,,0,57.82,2399398.0435107932,0.8165982978181028,0.8918684718012583,34.44704924328005,-9.876629803683157,1.742102092562685,42.552261598100195
CRON,Cronos Group Inc. Common Share,PASSA_FASE0,,0,2.86,1151497.7757139206,0.9224653500675961,0.7423465241037687,59.99121147050575,2.527334647786339,1.3667427555305969,21.769745950506184
ELA,Envela Corporation,PASSA_FASE0,,0,21.22,127838.62618941268,1.1291938700523607,1.0684458594257165,38.5716405018905,-5.140813589628945,1.8560540863570125,43.07073905097446
CISO,"CISO Global, Inc. Common Stock",PASSA_FASE0,,0,0.2528,702199.7367164763,0.08512546042741553,0.30281329084812053,41.415642590699946,-6.236670808374889,7.544665770888631,58.590281164867044
ARMP,"Armata Pharmaceuticals, Inc. Common Stock",PASSA_FASE0,,0,4.57,141052.47410468254,0.6912528941650318,1.237823256194865,39.86522699702695,-5.431971029487848,5.520126572840419,121.84393677876119
GNLX,Genelux Corporation Common Stock,PASSA_FASE0,,0,2.83,169532.32701315876,0.7402837791889613,0.9396663501108266,43.666303990307114,-3.462391267269338,1.981218124205683,32.86813397525577
NEGG,"Newegg Commerce, Inc. Common Shares",PASSA_FASE0,,0,13.0,88762.76940971428,0.7851142126078503,0.8021589558685809,35.18888589202457,-8.781531768585749,2.0700125457981366,76.16698296412922
PSMT,Pricesmart Inc,PASSA_FASE0,,0,192.565,282485.1628353968,1.0208889385176014,1.0552047971062466,57.99891656750911,1.337466155501832,2.0638367879135564,30.510303620380157
CCAP,"Crescent Capital BDC, Inc. Common stock",PASSA_FASE0,,0,11.0,248384.9063869365,0.6019581482744383,1.0623054412873834,46.90178514249897,-0.2131809316460287,3.928065510338781,20.01741264216189
CJMB,Callan JMB Inc. Common Stock,PASSA_FASE0,,0,1.56,2210192.233368349,0.5642148523834634,2.7736324164228865,54.78570859130909,23.90638713597535,38.566236412664175,246.76567935686492
DLR,"Digital Realty Trust, Inc.",PASSA_FASE0,,0,188.18,2933228.7374453493,0.7816582270692137,1.4169670365375617,54.44388984236687,4.5923826198118745,4.695071102262174,43.450906811738356
RMBI,"Richmond Mutual Bancorporation, Inc. Common Stock",PASSA_FASE0,,0,15.5,52184.971286968255,0.5179505618842757,0.8701053082899557,54.501337426196855,1.2558997893224122,2.9623892650873085,25.27146295638511
NDSN,Nordson Corp,PASSA_FASE0,,0,294.98,399096.0099799207,1.2337623279540508,0.8839654970265161,53.39378163280493,1.4393325871018714,1.566147215862418,22.170832891939874
REAX,REAL BROKERAGE INC,PASSA_FASE0,,0,1.65,4147986.0345673175,1.3974410328398437,1.0259535762853316,36.87716499335788,-17.313956401904285,1.593606302748308,83.67085752030829
LGPS,LogProstyle Inc.,PASSA_FASE0,,0,1.02,2724716.5756476186,0.010954758529666703,2.884858502743615,51.000169798901105,-3.0413642650392814,2951.2472796105026,172.14115924408628
PLX,"Protalix BioTherapeutics, Inc. Common Stock",PASSA_FASE0,,0,2.27,709090.65121927,0.8154383209294334,0.7281759400327829,46.36193619694826,-3.5479073719991483,1.406839591221952,29.357599251360472
TOVX,"Theriva Biologics, Inc.",PASSA_FASE0,,0,0.219,6791161.4723318415,0.06759404855416895,0.3654940419498781,40.86490528824817,-6.0761040882627455,81.90377676332828,53.87906635023123
HBNB,Hotel101 Global Holdings Corp. Class A Ordinary Shares,PASSA_FASE0,,3,5.55,6234.339662142858,0.4468479343396039,1.0381902707279358,48.772244989238885,0.09468416069253749,9.523578382352971,63.577568770604984
INTC,Intel Corp,PASSA_FASE0,,0,81.88,131983585.19696097,1.1546478578179584,0.866546373367446,31.636450180046936,-21.117533718689785,1.1885784269403006,73.63205016632867
RDGT,"Ridgetech, Inc. Ordinary Shares",PASSA_FASE0,,0,0.7695,2930369.209472588,0.1613630616198376,0.8816451019646566,29.801639774264288,-45.11314395763121,41.92528720456468,189.3308440812339
SGML,Sigma Lithium Corporation Common Shares,PASSA_FASE0,,0,9.37,2653733.1961523807,0.7437927516017176,0.5870880008400963,29.631911253374668,-14.378398135879744,1.2086828646397023,50.561652631722744
KULR,"KULR Technology Group, Inc.",PASSA_FASE0,,0,2.42,2289967.2026548893,0.48922073495994745,0.5817827749024227,33.51626234019095,-19.761273209549092,1.8015808855360074,83.33615227480901
GXAI,Gaxos.ai Inc. Common Stock,PASSA_FASE0,,0,0.819,2160087.10219173,0.15563395677419323,0.11881914096847324,19.848630153775517,-23.739466455607804,3.7390660013825014,92.14397206503403
BNKK,"Bonk, Inc. Common Stock",PASSA_FASE0,,0,0.9629,360718.88561434933,0.21796904023223201,0.26340533600251376,24.202166859124105,-22.636575087675602,3.3401392213874326,60.87215578401695
RGP,Resources Connection,PASSA_FASE0,,0,4.07,525747.4155038254,0.6503470892849538,1.1730335235521718,43.09887835130433,-8.271354518819008,5.770660544877691,83.0827380276672
VSH,"Vishay Intertechnology, Inc.",PASSA_FASE0,,0,29.96,7241441.510876826,0.8993064114026745,0.957484005467463,27.229526832682154,-26.086741994375107,1.7598435441332423,85.72274660754654
DC,Dakota Gold Corp.,PASSA_FASE0,,0,4.61,1443469.724430746,0.9148351914182153,0.8909102421107964,50.47991872775844,3.71203599550054,1.7546277274738302,56.293123838994774
XBP,"XBP Global Holdings, Inc. Common Stock",PASSA_FASE0,,0,3.4,19617.5485864127,0.5015669824217966,1.539830224188772,65.76228192954537,23.56896238415409,16.446106400008084,91.28927179793399
GLRE,"Greenlight Captial RE, LTD. Class A",PASSA_FASE0,,0,17.45,181599.2258094762,0.907306019624023,0.8998059385786393,59.062996366483056,4.406617405091673,1.4828236050580186,32.06986239702992
TARA,"Protara Therapeutics, Inc. Common Stock",PASSA_FASE0,,0,3.81,706770.6987348095,0.9236156947841071,0.8916478103016356,36.571662441740315,-6.777587472473712,2.1330562886758098,38.38295520979314
LZ,"LegalZoom.com, Inc. Common Stock",PASSA_FASE0,,0,8.42,2809692.158617635,0.8369411747481114,0.9073613320537062,71.57579948253857,13.343429244489325,2.3203738766890964,55.72491199260169
RRR,"Red Rock Resorts, Inc. Class A Common Stock",PASSA_FASE0,,0,65.61,823057.3595006667,0.7740897429269434,0.7412108062167273,56.95642006508465,1.4088425543096195,1.5939716147654375,28.281588728468183
MGNI,"Magnite, Inc. Common Stock",PASSA_FASE0,,0,19.73,2898466.8825721745,0.785492329151809,0.8323823665166108,57.272341991343794,-0.16445287792535845,1.9336880991599656,47.23245031637492
VTAK,"Catheter Precision, Inc.",PASSA_FASE0,,0,0.2828,8818179.50616581,0.15140185095908798,2.0885150478238517,33.98167036047549,-54.152683883728095,144.30027517040725,338.9779251145099
SVM,Silvercorp Metals Inc. Common Shares,PASSA_FASE0,,0,9.13,3596610.2554057934,0.5261362669073792,0.7499297113559455,40.504399280442975,-3.6259038370190178,2.0059072475913546,53.281592775956355
AZTR,Azitra Inc,PASSA_FASE0,,0,0.128,11460766.451301316,0.046553527070121836,0.12519631782346285,37.33768583282995,-7.7643667807602235,13.022060269102596,63.624524510524985
PATK,Patrick Industries Inc,PASSA_FASE0,,0,86.62,640618.0254820315,0.9337653117735732,1.4418788291835358,49.458706109975964,1.289505918396605,3.268371964501989,37.05344506046554
NESR,National Energy Services Reunited Corp. Ordinary Shares,PASSA_FASE0,,0,24.41,2132457.5212125233,0.7854232705070046,0.9311254125831019,36.598754617733555,-12.037620943766758,1.8260198780670114,43.78604657187265
WBUY,WEBUY GLOBAL LTD. Class A Ordinary Shares,PASSA_FASE0,,0,1.04,3086532.6803524597,0.20963878611941694,3.0770472867485283,57.869203882121994,27.43536331331946,269.634969675053,216.62436732470834
RNA,"Atrium Therapeutics, Inc. Common Stock",PASSA_FASE0,,0,11.18,211229.38095006353,0.5652958404362738,0.8365664295760312,32.64395691851885,-9.418675308892055,2.6792456286775237,36.44436412778281
GEV,GE Vernova Inc.,PASSA_FASE0,,0,900.28,2892116.2351659043,1.278404377138012,1.0226834931978392,35.20411091942874,-14.265334827826893,1.3263223679483402,55.03269928290915
RMSG,Real Messenger Corporation Ordinary Shares,PASSA_FASE0,,0,0.339,4959022.159555777,0.04783024747649994,0.05737636913010647,33.48184976473861,-17.204997008145163,4.098731180457755,80.24262785882567
CVS,CVS HEALTH CORPORATION,PASSA_FASE0,,0,105.92,8301562.651391256,0.9297338507752516,0.8909060199676168,53.233213271861906,-0.1969301510425847,1.5580154477967754,25.248079654681348
CITR,CitroTech Inc.,PASSA_FASE0,,0,5.5076,42674.653346904764,0.13580830515218137,0.6864830519056772,50.894662435793,5.009075517457018,14.32410281030218,74.5197082891154
ORLA,Orla Mining Ltd.,PASSA_FASE0,,0,8.94,3491107.8272450157,0.607539008784143,0.8720697010761592,38.56001120580641,-4.706070457815914,2.4429665327241668,48.35282405286373
ITP,"IT Tech Packaging, Inc.",PASSA_FASE0,,0,0.1683,683029.6446446824,0.1951268851139426,0.6337326441091387,39.90885634285267,-6.266969270826062,14.216444639729632,50.985546522011575
G,GENPACT LIMITED,PASSA_FASE0,,0,36.71,2832108.416111587,1.2542592896959355,0.7331183220620546,75.90860179671623,19.859603297689965,1.0,41.55653268931249
MDLN,Medline Inc. Class A common stock,PASSA_FASE0,,0,40.08,9672172.474768953,0.3774962816921045,0.6964873296964207,53.210958864120045,-0.33197806706704025,3.331710262321199,49.9291601842949
ESCA,Escalade Inc,PASSA_FASE0,,0,19.64,36723.27128030159,0.616070899956443,0.8007762401609364,59.47833850427134,3.8933559035124965,2.433280873950113,30.718348171442244
MDB,"MongoDB, Inc. Class A",PASSA_FASE0,,0,321.1,1970949.1854283174,1.0085238975387545,0.6596554845586787,48.519612847011544,-3.1258579440718526,1.1298014008535795,49.615510177716935
QUBT,Quantum Computing Inc. Common,PASSA_FASE0,,0,7.3,19231415.010902874,0.4422779109727443,0.48785137113490185,37.44651993434595,-11.632974216196601,1.6289286464265096,68.78276406671439
YDES,YD Bio Limited Ordinary Shares,PASSA_FASE0,,0,2.269,127472.95569080951,0.11469278986094839,2.5790930920957935,44.79672002537598,2.6255681946674603,332.52733057623016,138.2991806380508
ENPH,"Enphase Energy, Inc.",PASSA_FASE0,,0,35.07,7542277.197669413,1.2607058489082297,0.6757866928479744,31.690969004718326,-15.382341764134633,1.0,59.53440006837136
ESP,Espey Mfg. & Electronics Corp,PASSA_FASE0,,0,56.8,53206.177424444446,1.0223140009492602,1.3118816043535535,42.17090854823174,-4.0824080719382145,4.015262920114216,48.15029032388538
PHGE,BiomX Inc.,PASSA_FASE0,,0,0.183,7922049.416717031,0.054580549338101234,0.6732933576497243,25.81611720844508,-21.332616872649112,95.96829706132024,85.5252184456602
QTWO,Q2 Holdings Inc,PASSA_FASE0,,0,60.42,881732.4258693652,1.9760667784742931,0.933080223184559,71.59661298176955,11.663494058289746,1.0,44.180427185796525
DELL,Dell Technologies Inc.,PASSA_FASE0,,0,369.64,8709254.44248479,0.7290036146483946,0.784472697346129,41.92724968144596,-11.401719521870335,2.04086689311045,82.06159249611173
CME,CME Group Inc.,PASSA_FASE0,,0,265.44,3315917.34836973,0.8795721905873016,0.9126771316789487,65.44646816226648,8.044521962825124,1.768894608800064,29.684244049028237
CHCI,"Comstock Holding Companies, Inc. Class A",PASSA_FASE0,,0,14.84,26138.162383714283,1.5798470473857391,1.080165902540313,42.35011180218218,-4.7343925533622215,1.5008486329137938,34.48169480324288
MAIA,"MAIA Biotechnology, Inc.",PASSA_FASE0,,0,1.2,731682.5643923015,0.6904594675145651,0.8316680567367399,35.3800262610834,-12.055698057896668,2.8977608282063922,46.05304133888051
NRXS,"Neuraxis, Inc.",PASSA_FASE0,,0,6.04,119038.22231998414,1.4089208592612184,0.6159059137553303,31.561797770757295,-12.628381310574277,1.0,41.751795070101345
ICLR,Icon Plc,PASSA_FASE0,,0,178.18,1069361.906819857,1.4700101682038054,0.6911077271286682,64.97501300262172,4.835198456125478,1.1389704490616352,32.942988313668145
OC,Owens Corning,PASSA_FASE0,,0,136.37,1201809.3673925397,1.0198791265359284,0.8886714668453829,46.351862122451585,-4.382945008098393,1.8586458615663604,35.06930284146764
PHUN,"Phunware, Inc. Common Stock",PASSA_FASE0,,0,2.1,125588.62800604758,0.3396191780034903,0.866901784193847,50.45709682027841,-0.9667531242631311,4.4068843892707825,36.42753533838729
LPA,Logistic Properties of the Americas,PASSA_FASE0,,0,2.9,417138.25882357144,0.08984084822545729,0.1011643739434562,40.043399619528586,-10.5076377102299,3.049958502889378,72.45544199348214
SERV,Serve Robotics Inc. Common Stock,PASSA_FASE0,,0,4.37,4576915.209492968,0.9769238746354952,0.6468223150155341,23.931874037624596,-20.897818807131873,1.0,51.4826803987513
JBHT,JB Hunt Transport Services Inc,PASSA_FASE0,,0,276.14,1020114.82870673,1.3195256991720266,1.0709266781566613,44.34534720557011,-2.8724281717090627,1.8354404312317825,34.836840706212136
KTCC,KEY Tronic Corp,PASSA_FASE0,,0,3.935,19428.5478875238,0.8823215352603897,0.6064109138396135,51.165289322920145,-1.3722664327338818,1.3287204318888288,57.03362178862387
AA,Alcoa Corporation,PASSA_FASE0,,0,42.88,5421637.576757983,1.0103751085690706,1.1977429682766996,28.79147430140459,-8.078501988274,3.1138029492293047,47.89608509723616
ACT,"Enact Holdings, Inc. Common Stock",PASSA_FASE0,,0,48.34,337088.61962803174,1.2949867663455799,1.0433044329279821,71.73509588424601,5.163543015021799,2.6342949855300946,20.194646769113973
TROW,T Rowe Price Group Inc,PASSA_FASE0,,0,118.87,2133851.081216349,0.8865341886823074,0.9162886513816249,57.81128982321069,1.0223767071481538,1.5447295861876862,28.366706910986828
OABI,"OmniAb, Inc. Common Stock",PASSA_FASE0,,0,1.95,697693.4990723651,0.4194589108098395,0.6971536683400434,35.25836742672452,-9.63855421686749,3.730085762391748,40.82313139082457
AIIO,Robo.ai Inc. Class B Ordinary Shares,PASSA_FASE0,,0,2.92,13339491.888609791,0.10137077576377809,0.1054632743053091,44.08879193220479,-19.72508591065293,2.0638635227392124,138.67395623686554
LATA,Galata Acquisition Corp. II Class A Ordinary Shares,QUARENTENA,INTERRUPCAO,25,10.13,,,,,,,
CP,Canadian Pacific Kansas City Limited,PASSA_FASE0,,0,91.29,2835574.517210397,1.0805153501884368,0.8498513613062609,55.071497979335405,0.6904614841612977,1.569387334906472,17.6852499418381
ALEC,"Alector, Inc. Common Stock",PASSA_FASE0,,0,1.52,708001.6305248888,0.4348280265001137,0.7227894501728986,41.75352815906107,-6.187316772103069,2.5204074902421474,73.34081665915748
PSHG,Performance Shipping Inc. Common Shares,PASSA_FASE0,,0,1.89,51660.288945793654,1.2953710535420608,0.7302104278507237,70.23444151567601,9.995635093845468,1.4301108195481094,30.235612623838588
BIRK,Birkenstock Holding plc,PASSA_FASE0,,0,41.53,2341094.79209373,0.5035328816411309,0.5785887663793363,43.51940395848388,-4.6854021550784335,1.8222536117944097,39.37134871450325
NTRP,"NextTrip, Inc. Common Stock",PASSA_FASE0,,0,1.645,160459.5844046826,0.0730847854524156,2.4197786578678753,34.640196156083135,-14.434330299089726,515.3509406796156,99.09911780411122
IE,Ivanhoe Electric Inc.,PASSA_FASE0,,0,8.73,2207821.146435524,0.6711309855398524,0.9526542970803878,40.64266152932493,-2.7135454393492076,2.796663771745911,68.40947495028446
ZGN,Ermenegildo Zegna N.V.,PASSA_FASE0,,0,14.93,1219038.0520467146,1.0504212281783063,1.0506186691023167,63.63470728083257,7.977146163303672,1.566010851237411,39.585775694067614
COYA,"Coya Therapeutics, Inc. Common Stock",PASSA_FASE0,,0,3.87,204224.26625323808,0.7066451299575269,1.3121827697946304,27.79890336553565,-19.99173041141202,3.984512344755615,46.86255290867613
MGTX,MeiraGTx Holdings plc Ordinary Shares,PASSA_FASE0,,0,11.62,886858.0392727777,0.5866084413065644,0.9928579889426028,45.01005231388737,-8.987663990601147,3.881534879797073,59.9644367267243
TMQ,Trilogy Metals Inc,PASSA_FASE0,,0,2.92,2223085.938047714,0.6482840563067193,0.6969220261125582,35.05902967319274,-7.316299000158722,3.4687893331593176,46.43155548222277
GH,"Guardant Health, Inc. Common Stock",PASSA_FASE0,,0,144.07,2627077.0185910156,1.044348418767894,0.9099078366574674,45.760962879985115,-7.793134566214288,2.442156419380564,61.90830150681599
MSFT,Microsoft Corp,PASSA_FASE0,,0,390.54,38942411.86973764,1.2122780769396668,0.8236940079386345,49.87665333561877,0.18637117493365274,1.0181618964753172,25.37709469676136
FRD,Friedman Industries Inc. Common Stock,PASSA_FASE0,,0,34.34,68701.85464128571,1.4355630914617514,1.419267720368855,53.50346135694154,0.06119059413154382,2.909362248380151,56.407587308438266
TRUP,"Trupanion, Inc.",PASSA_FASE0,,0,25.85,391847.95040463493,1.2345852661662353,0.8356603071086952,53.83127678844432,-0.10626992561106885,1.0,51.907276262596625
TRVI,"Trevi Therapeutics, Inc. Common Stock",PASSA_FASE0,,0,18.09,2078198.3297212382,0.6873314821793749,1.3350673951557432,53.54352466348199,0.9233172473430029,5.819187353322492,90.19778871604952
BE,Bloom Energy Corporation,PASSA_FASE0,,0,163.75,12942747.652912,3.4200559195991738,1.1184623583246434,33.14987288441783,-28.515144966920523,1.0,115.22076579526468
ENLT,Enlight Renewable Energy Ltd. Ordinary Shares,PASSA_FASE0,,0,81.02,235796.81580096824,0.922476284550857,0.8632107479042735,41.0805440952183,-6.859110321716589,2.3454495168967657,63.48014583074254
ESEA,Euroseas Ltd.(Marshall Islands),PASSA_FASE0,,0,75.99,63130.28700511112,0.8451946074580671,0.7973655483211184,66.58557185019836,6.199513654023514,1.2441403226718484,27.103807679227916
HIPO,Hippo Holdings Inc.,PASSA_FASE0,,0,29.83,143692.1503700159,1.2572421870213537,1.01180169101908,59.450077244989245,3.3091482103586145,1.2022727975094822,38.915764476744066
NVCR,NovoCure Limited Ordinary Shares,PASSA_FASE0,,0,15.2,1885001.3569611432,0.7993084451657817,1.0077026272628598,44.33962306548566,-8.620896958037738,5.939274316627469,114.55765943505136
DOMH,Dominari Holdings Inc. Common Stock,PASSA_FASE0,,0,2.23,163763.05542787298,0.6710746200531329,0.40656449963724745,26.14818573079002,-19.40730032526201,1.50855024599155,45.58807591145987
AEVA,"Aeva Technologies, Inc.",PASSA_FASE0,,0,13.99,2274863.127698699,0.5483456747443564,0.7622550418234736,34.306751742379504,-26.051219705579186,3.0288646555623746,97.55762950281053
BEAT,"Heartbeam, Inc. Common Stock",PASSA_FASE0,,0,0.5081,812615.4423712539,0.30735060075180665,1.3632557965827903,34.75084260065461,-14.799071023132203,46.575696530310985,90.10968618179096
APA,APA Corporation Common Stock,PASSA_FASE0,,0,36.7,5880827.059941556,0.9120382686948633,0.8798833266763627,59.03404910116724,6.195202407477063,1.3275740305900579,40.47752319159992
TSSI,"TSS, Inc. Common Stock",PASSA_FASE0,,0,8.66,1268428.8446859529,0.5346348038363165,0.5406553796967154,33.098129580427226,-17.24796942188246,2.012105599143075,68.15080102654156
RBBN,Ribbon Communications Inc. Common Stock,PASSA_FASE0,,0,2.19,927350.8467836032,1.9417179713927426,0.840994774194495,46.9255347165665,0.3896401558560747,1.4430336841612939,70.24213955483363
WTF,Waton Financial Limited Ordinary Shares,PASSA_FASE0,,2,2.895,125394.23894168253,0.012408863542157256,0.08036248281499231,49.20459507904592,-0.1810188776829813,45.084172903598976,70.1473986655732
GRND,Grindr Inc.,PASSA_FASE0,,0,17.21,1742066.3198014442,0.8870237076876175,1.0012297141800548,71.07021822068666,9.943463123263175,2.8041724617925294,50.94005297897648
REPX,"Riley Exploration Permian, Inc.",PASSA_FASE0,,0,33.56,306925.59362853965,1.2462253973414916,0.6587978814473431,45.660101069398166,-1.4766755717347313,1.0,34.144473990624284
SYNX,Silynxcom Ltd.,PASSA_FASE0,,0,1.0,61978.248118253956,0.3062683679568121,0.4766229769093739,39.76299622749481,-4.671569725597092,3.104894069278948,47.637018200354866
PSNL,"Personalis, Inc. Common Stock",PASSA_FASE0,,0,11.73,3902750.9321424603,0.5291045228129417,1.399578640083319,42.000352759500146,-14.451372935127448,6.232695614360514,72.83233100931481
OESX,"Orion Energy Systems, Inc.",PASSA_FASE0,,0,9.6,50419.466153984125,0.42708941429952885,0.8271059196945644,41.74401806819423,-9.65981273232015,7.261035431840141,74.01629072437578
AAOI,"Applied Optoelectronics, Inc.",PASSA_FASE0,,0,76.52,11675998.48799968,1.0452441072548326,0.729817622264271,31.469893320728715,-30.77650272976873,1.3140139216251603,127.37935696872269
AMPG,AMPLITECH GROUP INC. COM,PASSA_FASE0,,0,4.61,4643608.566581063,0.365379823037326,0.6073270554586631,34.78315051397257,-25.19573242464809,6.546842523615139,105.41403793752562
PSEC,Prospect Capital Corporation,PASSA_FASE0,,0,2.16,5692274.81894954,0.7406192651608468,0.8396422449820353,42.81003367964989,-2.658855340243338,1.685943583962186,33.936962910169164
VRTX,Vertex Pharmaceuticals Inc,PASSA_FASE0,,0,483.33,1531289.1955331904,0.9481686840175514,0.9936043686249413,52.13147005702078,-1.3790366433817591,1.5792232480236907,32.15783521726475
SABS,"SAB Biotherapeutics, Inc. Common Stock",PASSA_FASE0,,0,3.48,891861.5927921587,0.41654813191016726,0.5870391759277283,41.48446148022647,-5.325443786982243,2.866679431657584,35.73686430809697
IDYA,"IDEAYA Biosciences, Inc. Common Stock",PASSA_FASE0,,0,35.59,1113633.570079,0.8915260270715164,0.9014310804740171,50.511838653626995,-3.0245231607629264,1.8021032450938475,44.90715954899416
SOLS,Solstice Advanced Materials Inc. Common Stock,PASSA_FASE0,,0,55.66,2906428.1391648254,2.360153814234382,1.625570088895862,30.328875940678927,-11.133818164400832,2.188344787991911,75.92724403466508
AVX,Avax One Technology Ltd. Common Shares,PASSA_FASE0,,0,3.0,37755.37905292063,0.5277619488092149,0.7465282733168499,24.124859767631335,-29.515418502202618,3.09651524455707,76.27940573777161
SLSR,Solaris Resources Inc.,PASSA_FASE0,,0,7.34,160850.1292184921,1.2013477465878502,1.307298309418923,40.110558901904604,-4.989968286842295,1.7488474998727828,62.28660376644112
STRL,"Sterling Infrastructure, Inc. Common Stock",PASSA_FASE0,,0,494.24,797894.4572188888,1.2422815374227854,0.929884193961644,28.61954648157993,-25.770647310323636,2.7899287834770803,91.12273810479545
YDDL,One and One Green Technologies. Inc Class A Ordinary Shares,PASSA_FASE0,,0,1.75,58134.99408522222,0.05104223448702975,0.32960748902907117,26.401959991852664,-9.043659043659048,32.075499509998856,42.4978497139294
AUST,Austin Gold Corp.,PASSA_FASE0,,0,0.92,90928.2859053492,2.4385544704737,0.5635650356149007,35.48340381243534,-10.79479894893003,1.0,76.22365019768098
BIPC,Brookfield Infrastructure Corporation Class A Exchangeable Subordinate Voting Shares,PASSA_FASE0,,0,43.23,1158090.0948499364,1.3813448941062652,0.7258316944802735,70.09451583193976,7.213273315724855,1.6441923282133377,20.20128736225606
ULH,"Universal Logistics Holdings, Inc. Common Stock",PASSA_FASE0,,0,14.72,71483.3504353492,0.6289477797163687,0.5604574137642586,47.18807460685881,-0.1390726230453554,1.4064771657064477,78.21204406065432
ARCT,Arcturus Therapeutics Holdings Inc. Common Stock,PASSA_FASE0,,0,5.79,472395.688681381,0.7297744290348932,1.2008199526920407,33.55987687316549,-10.065237651444559,5.527398206729411,46.12855799466483
XPL,Solitario Resources Corp.,PASSA_FASE0,,0,0.7126,170516.9579787777,0.1829624605658452,0.39187858338181564,38.16568160914099,-4.944842397321492,4.06222773310957,43.87722024314047
WOOF,"Petco Health and Wellness Company, Inc. Class A Common Stock",PASSA_FASE0,,0,2.79,1956352.7007601424,1.058851576779137,0.7284744039277558,56.98038994647015,5.792018200777327,1.1101641401605427,41.07596931425171
CPSH,CPS Technologies Corp. Common Stock,PASSA_FASE0,,0,3.51,1854260.9288743648,0.24168606559328754,0.2029720407288215,30.747270699008737,-23.537740986820623,1.6708163326686847,76.1778494056978
FMFC,Kandal M Venture Limited Class A Ordinary Shares,PASSA_FASE0,,0,0.2159,2346509.649144809,0.04719818648108413,0.05861707823561637,30.324079329505707,-15.394713639124568,2.621682874195267,52.158062594386465
HNST,"The Honest Company, Inc. Common Stock",PASSA_FASE0,,0,3.74,1520988.4483472854,0.6607595689336412,0.7907085363283434,47.60680343214853,-3.583397782933717,1.5240256520747446,30.083249195398114
CE,Celanese Corporation Common Stock,PASSA_FASE0,,0,43.93,1857332.4248117458,1.516048182279703,0.9802761242607615,37.66283321891223,-5.4618231901523595,1.0,41.16719341683965
FOFO,"Hang Feng Technology Innovation Co., Ltd. Ordinary Shares",PASSA_FASE0,,0,1.94,245608.9735754285,0.1531689084985598,0.1358382735126488,32.23121574335839,-27.800521027167846,3.2568460375759285,80.18466947094257
PZZA,Papa John's International Inc,PASSA_FASE0,,0,30.59,1074878.7186156984,0.9790793108280542,0.7835448160723308,37.30038044587909,-6.957645806402546,1.5731175240087685,35.25941805445787
BMBL,Bumble Inc. Class A Common Stock,PASSA_FASE0,,0,2.97,3322915.1592006036,0.4842816413573836,0.6590972590846647,48.946570489831174,-1.2304622547389399,2.182634469183905,46.49835988997443
HFWA,Heritage Financial Corp,PASSA_FASE0,,0,29.84,327824.00810869836,1.5824045436049796,1.2363026457412964,52.56304626075589,-0.36727879799666185,2.1218572092387484,23.875903852350813
NET,"Cloudflare, Inc. Class A common stock, par value $0.001 per share",PASSA_FASE0,,0,270.38,3949905.483597159,0.8342146094600211,0.7433328589162881,58.60671888766439,1.3530356617392103,1.876327456691403,41.045566734773516
CDZI,"CADIZ, Inc.",PASSA_FASE0,,0,2.98,997393.4871902857,3.3254067060608574,1.254556307338686,30.255640199291406,-18.210511870454237,1.3448652809469759,73.40725998791834
WSFS,WSFS Financial Corp,PASSA_FASE0,,0,80.64,464469.3516485715,0.9865641197693207,1.0418861518764935,62.12481584255207,2.5543198336544393,1.5133712937416661,21.386319745572344
DUOL,"Duolingo, Inc. Class A Common Stock",PASSA_FASE0,,0,140.17,1525199.8423698412,0.9755877204845577,0.649310916953241,62.0566780021659,8.64354461481225,1.1114572869788577,62.019514998748036
MSTR,Strategy Inc Common Stock Class A,PASSA_FASE0,,0,93.33,20133928.70275728,0.7074206235608872,0.9412194811088334,42.0444611495387,-2.9803424223208808,2.4403028047708104,64.92418895894538
DGXX,Digi Power X Inc. Subordinate Voting Shares,PASSA_FASE0,,0,3.3,11136754.439883588,0.3540952694404763,0.3785491370710844,28.22594645312647,-21.507997859309036,1.8538724577933587,84.3908672446562
PPC,Pilgrims Pride Corporation,PASSA_FASE0,,0,29.95,1571690.463842746,1.3148311111854925,0.9683520865479255,59.629117390504646,4.583151462243551,1.0877948829228388,28.35545859872769
RTAC,Renatus Tactical Acquisition Corp I Class A Ordinary Shares,PASSA_FASE0,,0,10.44,95300.17828590477,0.62091174501771,0.5366643739953466,42.084642354647336,-1.0379638845442796,2.2529194058100823,9.010475925179072
APP,Applovin Corporation Class A Common Stock,PASSA_FASE0,,0,399.46,5302221.929687858,1.0574032177738477,1.059194316988165,35.990438689106256,-13.195119751663176,1.8453066373973408,72.10791268065215
LUV,Southwest Airlines Co.,PASSA_FASE0,,0,44.38,6425988.533661793,0.655116396998004,0.8791559558402081,38.74527262229759,-7.547444951357207,2.796549528009292,35.368283817866164
ALPS,ALPS Group Inc Ordinary Share,PASSA_FASE0,,0,0.44,110044.9927162857,0.5872688834340385,2.3274997496618948,26.609988452363908,-13.609455837742846,53.46386903104014,66.58395368032475
OI,"O-I Glass, Inc.",PASSA_FASE0,,0,7.7,3307683.6498024287,3.1317215765040705,1.002241749979994,33.41031818791818,-16.64411366711771,1.1450787747157614,87.75240182299233
NXT,Nextpower Inc. Class A Common Stock,PASSA_FASE0,,0,92.67,2979856.4684947785,1.1824943402830794,0.975046464518746,35.89059080279365,-12.466467676729497,1.9627568856984579,67.2233443878502
PCB,PCB Bancorp Common Stock,PASSA_FASE0,,0,28.02,35142.22956750794,1.132538168147376,1.1489000233434283,47.19358638556849,-3.2015683971430287,1.782630110751832,26.373052973543874
TSHA,"Taysha Gene Therapies, Inc. Common Stock",PASSA_FASE0,,0,5.61,3017188.075211905,0.8948203895292086,1.0361276242816548,44.013399142800715,-6.132351710867557,2.3867595556672976,78.70130165217192
ALL,The Allstate Corporation,PASSA_FASE0,,0,274.39,1770173.7058182855,0.8548805529824903,0.9363989551313318,74.84448637909935,8.398632326013654,2.06692887589572,30.782624140932334
RAYA,Erayak Power Solution Group Inc. Class A Ordinary Shares,PASSA_FASE0,,0,2.13,55418.34709269841,0.20301448639709302,0.9004264076783435,30.71213029555021,-21.323101642795805,49.769390768145534,77.8930854751344
NTLA,"Intellia Therapeutics, Inc",PASSA_FASE0,,0,10.8,6397038.9069223795,0.5455408474668739,0.6785179366685955,31.95231477930868,-19.06171544197547,2.1430938593225273,64.39263400393622
ACNT,Ascent Industries Co. Common Stock,PASSA_FASE0,,0,15.41,76168.40670595238,0.608218504278883,0.5438074061999913,61.87294421485571,1.2566735112936156,1.5418380460804975,12.925919018096248
AMS,American Shared Hospital Services,PASSA_FASE0,,0,1.53,215033.34056528576,0.0912650556811756,0.18347535642488738,53.99028081530388,3.388856978747845,4.9558816258205125,49.50415241106009
FA,First Advantage Corporation Common Stock,PASSA_FASE0,,0,21.51,1657392.4250045712,1.100879732040508,1.1020429744490128,62.96011252666549,4.815622449352541,2.2626717073026095,57.19602523658248
VCIG,VCI Global Limited Ordinary Share,PASSA_FASE0,,0,0.3899,3530969.1442339686,0.9104158460397442,0.8248826453173768,27.577538293423245,-71.75712138498037,12.736796359096434,225.80335913488358
PTN,"Palatin Technologies, Inc. Common Stock",PASSA_FASE0,,0,8.08,16563.63913709524,0.51276582680305,1.2024430076507218,34.213507052378105,-12.20960174885427,17.326399409486584,78.76932315009121
VKTX,"Viking Therapeutics, Inc",PASSA_FASE0,,0,33.43,2393515.412593666,1.2127841465096074,0.9350413997833902,40.67386236997109,-10.501305133525197,1.5019275069055336,55.47385095275814
IRHO,Iron Horse Acquisitions II Corp. Common Stock,QUARENTENA,ILIQUIDEZ,5,10.01,,,,,,,
YHGJ,Yunhong Green CTI Ltd. Common Stock,PASSA_FASE0,,3,2.97,7176.608973031745,0.7992210557316969,1.1572610082574246,47.25800297212739,-1.8219142082201878,4.7509826617410225,83.05432304614042
LSAK,"Lesaka Technologies, Inc. Common Stock",PASSA_FASE0,,0,4.47,151263.07712625395,0.2628617471255901,0.9499403165622918,35.35667329684817,-6.141732283464574,15.906592903258282,24.750068358087965
LGL,"The LGL Group, Inc.",PASSA_FASE0,,0,6.82,16416.26832331746,0.08240948389460838,0.5449503265241555,47.526036011503706,-0.4670169293636728,37.14847384075262,13.6936996312973
GAU,Galiano Gold Inc.,PASSA_FASE0,,0,1.75,3060968.9310551584,2.1379033610998377,0.8946455966128859,39.94430005116553,-5.046120455778624,1.0,46.446668912096094
RZLV,Rezolve AI PLC Ordinary Shares,PASSA_FASE0,,0,2.24,14763155.383228635,0.4341713141563656,0.9008690026132828,38.76680945408289,-10.022092789716819,4.596971444671261,42.43519391223307
WTBA,West Bancorporation,PASSA_FASE0,,0,27.96,58875.29050079364,0.7389407836452807,0.94958469155318,65.56013300021371,3.59968134575841,2.3574771745388854,23.745734707761663
PED,PEDEVCO Corp.,PASSA_FASE0,,0,10.82,41266.9360929524,1.3593087101414314,0.9092214481391513,37.63722669477415,-10.151546605771223,1.3557398534659109,66.83017105740468
EYPT,"EyePoint, Inc. Common Stock",PASSA_FASE0,,0,11.92,1229690.2737882223,1.6704655922534908,1.254500797778958,37.839542121589574,-10.619551973005914,1.0482203358851487,58.0261422090653
GLDG,GoldMining Inc.,PASSA_FASE0,,0,0.8406,1478025.6492893808,0.5545469643602408,0.4399852695920818,42.07790400146903,-2.8831212343525148,1.2952898708919285,50.27339668087435
FJET,"Starfighters Space, Inc.",PASSA_FASE0,,0,3.47,2033200.425208397,0.27101789015931405,0.39703212251633263,35.14323405997146,-17.045182883098285,2.2531656576892756,79.54032253900259
LAR,Lithium Argentina AG,PASSA_FASE0,,0,5.53,2281623.3581292066,1.0374093924751797,0.7024609683421892,25.459243981131536,-18.279887690261564,1.6919928886893625,57.44569208346283
DSS,"DSS, Inc.",PASSA_FASE0,,0,0.4901,1439038.755081444,0.13888159668687236,0.043400894622233614,36.25630616729642,-16.534703451684273,1.0,67.59849377083961
BX,Blackstone Inc.,PASSA_FASE0,,0,129.4,5183848.475723047,1.2141650097101078,0.9287540111778956,57.33195891136064,3.4781948092970305,1.3123561855855483,32.04541521763559
JOB,GEE Group Inc.,PASSA_FASE0,,0,0.2075,225644.23369761906,0.4971434880553018,0.7843670357192803,40.54550717316021,-2.046404040880856,3.1415258158749744,24.082134113341862
GP,GreenPower Motor Company Inc. Common Shares,PASSA_FASE0,,0,1.48,215697.13693371424,0.7014485571567696,1.178170026363845,52.46382343081816,-2.791461412151075,2.8328422591094924,65.21285390915489
SNTI,"Senti Biosciences Holdings, Inc. Common Stock",PASSA_FASE0,,0,0.347,257406.01052685708,0.8895494445733205,1.4639042876723491,20.013781582807923,-50.303620531622364,11.749838605881916,190.5608824122986
SHIP,Seanergy Maritime Holdings Corp.,PASSA_FASE0,,0,16.09,235063.9360624921,0.9322787301142611,0.9220238732958204,60.393777618308,7.896060352053658,2.2314948289260785,47.86853283321879
ANY,Sphere 3D Corp. Common Shares,PASSA_FASE0,,0,2.06,3271375.207710921,0.30472966525461637,0.2771568403180001,47.18437990187981,2.1445394818395913,6.526120444362353,101.31885646484695
MRBK,Meridian Corporation,PASSA_FASE0,,0,20.35,125593.78991585714,0.7251779462903265,0.9561964980092338,59.817796945897506,1.8314651721377029,3.334955692433682,20.361437994449275
FURY,Fury Gold Mines Limited,PASSA_FASE0,,0,0.5337,236605.07284142857,1.1976296920772693,0.5719020582852732,50.86235961070139,1.0450982619561566,1.0430961154028409,43.282603870841854
KRRO,"Korro Bio, Inc. Common Stock",PASSA_FASE0,,0,10.07,191566.27772757146,0.6908247918571575,1.039806132405114,31.751714548802568,-20.310212479721436,3.5029601958197936,56.52821543489068
SUPX,SuperX AI Technology Limited Ordinary Shares,PASSA_FASE0,,0,5.81,247268.16137400005,1.4681820903739395,0.6561423850877538,32.64364974012504,-21.295041994039586,1.0,86.79231189036413
CCI,Crown Castle Inc.,PASSA_FASE0,,0,79.09,4134770.578401952,1.6885814321488748,1.023477968601082,49.90088926821298,2.375913377214278,1.162457051967061,32.13578967476359
FCHL,Fitness Champs Holdings Limited Common Stock,PASSA_FASE0,,0,0.99,1329580.383814603,0.012914808279387466,0.06911547931754368,29.52974621896128,-16.455696202531655,67.94216524336825,90.62336765623155
TMP,Tompkins Financial Corporation,PASSA_FASE0,,0,99.44,82410.91560638096,1.1795641699007315,1.2107301128052796,62.59903960508158,5.05686530344891,1.87507623054502,37.5509105834406
TLSA,Tiziana Life Sciences Ltd. Common Shares,PASSA_FASE0,,0,0.9588,238621.71688795238,0.23514224487516838,1.1267983044219527,39.6136969185583,-13.888103032507493,9.57211442854919,99.46044396522173
FISV,"Fiserv, Inc. Common Stock",PASSA_FASE0,,0,55.63,7583760.312841778,0.9189507333003443,0.8590260304405426,62.989016041928494,8.08972826984542,1.6252798720439632,37.26229281869537
OSW,OneSpaWorld Holdings Limited Common Shares,PASSA_FASE0,,0,25.97,813594.6157887302,1.222248389011247,0.9297766268629458,46.2779509753693,-2.8268881779573873,1.194507622066773,36.14171606435308
ISRG,Intuitive Surgical Inc.,PASSA_FASE0,,0,353.1,2944556.3630437944,0.9298724573445283,1.3721753901135822,39.878814006795366,-7.449878513222008,4.223334558414577,71.19041537609381
TEM,"Tempus AI, Inc. Class A Common Stock",PASSA_FASE0,,0,41.55,6392258.6441125395,0.6877693803433963,0.8049354914500332,31.4829544415054,-21.454091759768623,2.3404552679240274,65.4986585675999
LODE,Comstock Inc.,PASSA_FASE0,,0,2.72,1612815.6686160795,1.1475326797674863,0.7981960273993307,27.882485692007947,-29.0002610284521,3.388612796698136,105.78413490338635
TNMG,TNL Mediagene Ordinary Shares,PASSA_FASE0,,0,0.38,6667485.5487207305,0.0756781772912598,0.6621318816637848,42.061887145144844,-10.492409520781088,68.8071811468256,117.17659977111899
AMRX,"Amneal Pharmaceuticals, Inc. Class A Common Stock",PASSA_FASE0,,0,19.1,1913130.640172349,1.0295423572733953,0.9463856972008934,73.10721482104461,8.760641175298222,1.5281442321366747,32.40497907350648
ATNM,"Actinium Pharmaceuticals, Inc",PASSA_FASE0,,0,0.8369,117752.02611049205,0.6861527995466131,0.7915789128760878,33.856585851655055,-8.861724428956474,2.8224132950408523,55.04462660205854
CVU,"CPI Aerostructures, Inc.",PASSA_FASE0,,0,4.78,89525.62775920636,0.6670158508199817,0.9322830311504525,48.25994691891892,-3.5317860746720497,3.6405296778101985,60.24813001456466
BGC,"BGC Group, Inc. Class A Common Stock",PASSA_FASE0,,0,11.77,3308617.3680525394,0.7279976074836199,0.7495898105593112,57.637077909015936,4.5734212922858175,1.6878116138234347,27.10854987405199
RILYL,"BRC Group Holdings, Inc. Depositary Shares each representing 1/1000th in a share of 7.375% Series B Cumulative Perpetual Preferred Stock, par value $0.0001",PASSA_FASE0,,1,12.57,10195.622432365079,0.7424527879701054,0.5180224392317787,26.587118323806024,-10.449930326198785,2.1755901482479985,40.05811590600544
ISPC,iSpecimen Inc. Common Stock,PASSA_FASE0,,0,1.9,358337.8977384128,0.06322899526117078,0.3042951983912115,32.0719197000476,-16.976185274197075,32.75437506536882,85.25083436678999
OFS,OFS Capital Corporation,PASSA_FASE0,,0,3.45,60611.60159055556,0.3379148718649173,0.6813455489532044,46.41609123306332,-3.3207229928541415,4.467738068127386,43.331527650190736
NNBR,NN Inc,PASSA_FASE0,,0,3.08,2992528.9650636343,0.6185457215284261,0.93314710703546,44.52084560723302,-10.582087385687334,5.827361217671995,94.6140970282042
TMDX,"TransMedics Group, Inc. Common Stock",PASSA_FASE0,,0,78.0,1337325.5475028574,0.917964667948869,0.6277621136649274,59.415559453211316,6.884089001558724,1.1016130387941874,36.36848459764942
SPOK,"Spok Holdings, Inc",PASSA_FASE0,,0,10.96,175180.68567128567,0.7731372576377585,0.8173900870187129,60.96527374016138,3.4596686647472286,1.5469509343298085,17.711664883483497
BJ,"BJs Wholesale Club Holdings, Inc. Common Stock",PASSA_FASE0,,0,99.99,2141443.2362348414,0.9088901357927729,0.8044438936961312,71.59770760040439,9.761519251351558,1.2220547926845344,26.26794646224421
LNAI,Lunai Bioworks Inc. Common Stock,PASSA_FASE0,,0,2.11,1098281.297727032,0.013913722952057405,0.038080753842031474,34.00870622495694,-22.34081707765918,5.656628847754622,75.58255564809939
OLLI,"Ollie's Bargain Outlet Holdings, Inc. Common Stock",PASSA_FASE0,,0,71.37,2097661.1152680637,0.9406890680165159,1.0933054645258915,54.00789632422908,6.034943840256757,3.190439775692114,50.264631978395556
BTCS,BTCS Inc. Common Stock,PASSA_FASE0,,0,0.99,911403.8092630159,0.5892320419565228,0.7067925044714207,39.112062559205434,-5.17332209461594,2.3209468434356384,55.75863950986748
GDYN,"Grid Dynamics Holdings, Inc. Class A Common Stock",PASSA_FASE0,,0,6.8,2366132.0441342695,1.6718240518281595,0.6917380113698637,68.08543517186807,14.821225041158348,1.0,60.24996778874675
PGNY,"Progyny, Inc. Common Stock",PASSA_FASE0,,0,31.37,1473855.3905828414,0.7399702015594045,0.7860155836841141,59.76444585454189,0.3358387973772414,1.6941267652086172,29.175085641490295
MZTI,The Marzetti Company Common Stock,PASSA_FASE0,,0,111.24,358327.6886616984,0.8511582330383298,0.7661976246411587,51.63672647468231,0.6582965727858658,1.4200875266815338,37.40755879871687
KAI,Kadant Inc.,PASSA_FASE0,,0,302.96,163634.25398392067,0.8260128589230573,0.7249577430175885,47.05415935012504,-0.7285780522210406,1.2626353566122626,36.14135316885418
EP,Empire Petroleum Corporation,PASSA_FASE0,,0,2.55,99906.20566368256,0.20191776307578396,0.5659703894200098,45.8100050222847,-2.223926380368113,8.258338461914839,43.40912166692705
NE,Noble Corporation plc,PASSA_FASE0,,0,41.01,1615243.6306943654,1.9330740690546728,1.007532331900454,47.544140231021146,1.084545230465861,1.345324365981379,50.798420552806455
SHOP,Shopify Inc. Class A subordinate voting shares,PASSA_FASE0,,0,129.17,10288331.705594938,0.7311238914636089,0.744709465992557,60.353803082043235,5.5034631468896755,1.5061128762582698,55.03106623875762
PAA,"Plains All American Pipeline, L.P. Common Units representing Limited Partner Interests",PASSA_FASE0,,0,24.89,2603411.430736889,1.1082096160126993,0.7405950969992144,70.436108096451,5.325518904851578,1.0864099272427195,18.794843415527566
FLD,"Fold Holdings, Inc. Class A Common Stock",PASSA_FASE0,,0,0.4501,2276316.4863507464,0.03542867980598262,0.09407811366237781,40.25938581425902,-0.19070427532374978,7.853800692334943,95.24462837394722
LUCY,"Innovative Eyewear, Inc. Common Stock",PASSA_FASE0,,0,0.6787,4366729.830373398,0.053071117727744414,3.1127008447938778,39.05854953276497,-22.583368028425255,844.4641280503157,209.65462403339666
RUN,Sunrun Inc,PASSA_FASE0,,0,9.47,9968912.058945775,0.7796562241525012,1.0289547103028813,25.06225434031829,-18.76125932915844,2.9190019345575426,42.62654394695922
SLI,Standard Lithium Ltd.,PASSA_FASE0,,0,1.93,1775723.2898287142,1.248588169711321,0.9712108208654541,23.2850079453204,-17.07841031149301,1.0524108774741951,57.91861722139113
BKTI,BK Technologies Corporation,PASSA_FASE0,,0,78.88,44050.32538036507,0.6033865722328455,1.006914950821696,44.70492720663716,-3.129739587490854,4.084764809775123,43.11989371929436
GPN,"Global Payments, Inc.",PASSA_FASE0,,0,88.27,3820677.5092023653,0.7701899114179177,0.8623136653832402,69.86246873202332,11.638083674811561,1.9972393165527242,48.058220595715404
BEEM,Beam Global Common Stock,PASSA_FASE0,,0,0.9788,1514079.8202951904,0.20952318246943596,0.40611760071336134,32.533666172027694,-12.289191175152803,13.738317758671634,52.10965120760458
SLS,"SELLAS Life Sciences Group, Inc. Common Stock",PASSA_FASE0,,0,10.1,9509732.934984444,0.5777184087397284,0.9749169274567823,42.15675505123814,-19.71383147853737,3.1444708994169175,99.58509672477221
DCBO,Docebo Inc. Common Shares,PASSA_FASE0,,0,22.02,140819.64244301585,1.1237075453946954,0.6912067346740199,68.75142086701896,14.754739104944292,1.6036131197159127,57.6215227383975
MINE,Mayfair Gold Corp.,PASSA_FASE0,,0,2.44,40822.17847938096,0.305543243026582,0.8123571795586565,50.00033520920073,2.726028839069561,16.064440273700328,90.90586835560276
KNRX,KNOREX LTD.,PASSA_FASE0,,0,0.469,533483.1943730634,0.038883335493590174,1.1892311884606275,53.01114383763478,12.975269978375703,575.4641864267701,81.82955712651102
AAPL,Apple Inc.,PASSA_FASE0,,0,338.19,55249971.502445854,1.0152193595794872,0.9050018339969351,66.75770135867424,4.8974799977047345,1.3442591602445433,27.002698446305672
INFU,"InfuSystem Holdings, Inc.",PASSA_FASE0,,0,9.76,221384.43616874603,0.7825474517908215,0.6012145293492874,56.985643146163795,3.466553588466015,1.292326330544055,40.660055156543436
CSCO,"Cisco Systems, Inc. Common Stock (DE)",PASSA_FASE0,,0,112.48,25056703.937336735,0.9083976753503239,0.8695267064067976,45.92256028020325,-1.4746394425538822,1.4065234030028904,33.9979996313419
SIRI,"Sirius XM Holdings,  Inc",PASSA_FASE0,,0,32.59,4965714.2627522545,1.3129947188063344,0.7360453265636586,72.29682917182363,6.383325988672928,1.0,25.388216575789784
CTSH,Cognizant Technology Solutions,PASSA_FASE0,,0,55.97,10576790.405587697,1.7267626886777838,0.8736386668538002,74.46441690608047,25.816277213923634,1.0,58.224673467372234
LAW,"CS Disco, Inc.",PASSA_FASE0,,0,4.22,346893.3700370635,0.9520692581028948,0.6373583378871648,59.14142793305271,6.60603764052039,1.0,65.1640007402708
SCYX,"SCYNEXIS, Inc.",PASSA_FASE0,,0,3.77,69717.87985803174,0.6738639885158197,1.2363558159775268,39.16943633532363,-11.476372174933957,4.725694436224699,76.66204379466294
ETD,Ethan Allen Interiors Inc,PASSA_FASE0,,0,23.59,575851.492567238,0.6684871750420135,0.7310609092991018,63.559234635988275,5.190403995362525,1.8512861731720403,24.261573800891405
BMY,Bristol-Myers Squibb Co.,PASSA_FASE0,,0,63.1,11875048.841131428,0.8934046008157872,0.8828998233794852,65.1831180933521,5.759802894567034,1.4273743206776648,30.699552840499134
CNVS,Cineverse Corp. Class A Common Stock,PASSA_FASE0,,0,2.43,294511.3649242063,0.2353602714443255,0.4555452477271207,40.88550469254954,-7.234205000954352,5.849226913602025,42.46854226815303
RIME,"Algorhythm Holdings, Inc. Common Stock",PASSA_FASE0,,0,0.402,490553.5122285238,0.20874640492288735,0.45169569050670005,29.50329189497441,-18.44435653205926,6.359507710480122,82.47573224872882
SCZM,Santacruz Silver Mining Ltd. Common Shares,PASSA_FASE0,,0,6.31,514417.57180336514,0.9705191010015457,0.8980494031617913,45.29688098705936,-1.4062500000000089,2.401709991899788,62.298586656268874
EVI,"EVI Industries, Inc.",PASSA_FASE0,,0,15.19,61842.87798247619,1.1516183354238583,1.2099589233420396,46.446826106880835,-2.3684802519522985,2.3615901771343677,58.84315534186244
VERA,"Vera Therapeutics, Inc. Class A Common Stock",PASSA_FASE0,,0,32.51,1669983.3780103808,0.8798390598076159,1.4375524939195696,29.987425977523614,-16.81220053607643,3.500928990439274,48.70604164569774
CMPX,"Compass Therapeutics, Inc. Common Stock",PASSA_FASE0,,0,1.94,5274007.795246542,0.6022329052336041,0.4619335884316253,34.919282849740725,-10.164389905070614,1.2221954857764663,39.55313492133914
NNVC,NanoViricides Inc.,PASSA_FASE0,,0,1.54,949743.9653311115,0.178913401822732,0.44103535500556534,49.602449664346246,-2.3771790808240767,4.806511160293633,83.43165048305163
RBA,"RB Global, Inc.",PASSA_FASE0,,0,115.2,1097206.1748983653,0.9241982433811318,0.9031301858434578,59.19514567855739,2.9279057923751406,1.65745955544436,27.106068960358265
MYSZ,"My Size, Inc",PASSA_FASE0,,0,0.41,111745.17193974605,4.188333078518718,0.2950674776417095,43.45182937506863,-6.493032590599135,1.0,91.31666720047042
WULF,TeraWulf Inc. Common Stock,PASSA_FASE0,,0,15.09,31198319.100204475,1.4927781420570432,1.182973968511663,29.067253915122222,-24.153703098690638,1.6045168022661067,96.98194365062794
ESTC,Elastic N.V.,PASSA_FASE0,,0,64.44,1990230.686722397,1.0943182500525808,0.7801696738420744,61.95522482948709,6.2533492724349715,1.0,36.91598231471604
CHTR,Charter Comm Inc Del CL A New,PASSA_FASE0,,0,145.2,3554643.480799286,1.2003112930576114,0.864429873024305,60.12372209149565,9.292085356215441,2.0544242210557204,44.75397331176632
VANI,"Vivani Medical, Inc. Common Stock (DE)",PASSA_FASE0,,0,1.26,466191.9803012063,0.18773881104400786,2.319818771105642,45.276463650259565,-7.590759075907605,132.02762545690328,93.31706002810677
GCTK,"GlucoTrack, Inc. Common Stock",PASSA_FASE0,,0,0.285,6581984.968453032,3.675777375197396,1.3290422044015215,34.57182189654229,-25.13298745649176,2.6428118734768318,143.3554868395107
VGZ,Vista Gold Corp.,PASSA_FASE0,,0,1.71,1989854.1602410001,1.130683560596976,0.8087698834662517,43.418992737040654,0.05851375073142595,1.6089250839213656,56.86707252861877
STTK,"Shattuck Labs, Inc. Common Stock",PASSA_FASE0,,0,6.76,1242294.5021407618,0.5736118213733006,1.131793249046583,51.17110501560677,-2.65677874577005,4.3694636403663285,79.69959911051743
MNTS,Momentus Inc. Class A Common Stock,PASSA_FASE0,,0,4.16,5437722.862844397,0.17013703977294325,0.2342548889815407,32.2791983967533,-22.830774938552146,3.091684995952347,81.08478168893437
OPTT,"Ocean Power Technologies, Inc.",PASSA_FASE0,,0,0.1536,4499548.146938746,1.3518554271133587,1.0581184347473356,26.09533570947724,-25.775587126703392,2.5721626410111793,96.45794962821508
TDOC,"Teladoc Health, Inc.",PASSA_FASE0,,0,9.18,4680745.293177111,1.761527574292433,0.8847945455758945,55.088223796645444,-0.954847062631492,1.0,57.304049840380344
OPAL,OPAL Fuels Inc. Class A Common Stock,PASSA_FASE0,,0,2.06,277272.17233311106,0.5591668031429254,0.8505716077095729,41.79533215131065,-8.066495592993405,2.4811985939563694,66.37856386222026
NSPR,"InspireMD, Inc.",PASSA_FASE0,,0,0.6701,313010.0975449524,0.11899886710412183,0.18447993633482443,34.06919302484468,-4.420696135692093,4.3030172723808695,24.81946968934613
RDDT,"Reddit, Inc.",PASSA_FASE0,,0,177.99,4948356.015639351,0.8550873483243706,0.8325187905234783,48.17969320725545,-5.409750251767697,2.1239437168073763,69.51040557954715
VNOM,"Viper Energy, Inc. Class A Common Stock",PASSA_FASE0,,0,43.18,1733253.9752808728,0.8485501594817721,0.9204450017492514,47.34033028527356,0.21467943138964163,1.7643074351580548,33.18679231778693
LSF,"Laird Superfood, Inc.",PASSA_FASE0,,0,4.2,56618.385062396825,1.0472261971558603,0.6771230012636297,48.48124642614175,-4.7834958059396975,2.005928513135638,67.22522009526722
ANRO,Alto Neuroscience Inc.,PASSA_FASE0,,0,26.72,488195.0908095238,0.6149322662282362,1.2147391850895912,52.977144201210336,-0.33755431640588585,7.1540347174644126,55.424295315183514
VIVO,VivoPower PLC Class A Ordinary Shares,PASSA_FASE0,,0,3.17,1589546.9097909522,0.8519373808421267,0.6300710490408333,33.81094638004933,-25.852289339804702,1.5822584818465706,123.57530188615462
GTE,Gran Tierra Energy Inc.,PASSA_FASE0,,0,6.68,321755.03870722227,1.3772877754658543,0.8444110396593499,47.719641546213985,1.5506232897537053,1.2624916520200316,70.06348286309476
BXSL,Blackstone Secured Lending Fund,PASSA_FASE0,,0,23.03,1908556.1566972223,0.6858512473063482,0.8791627560392978,42.92167569274779,-1.5706806282722474,2.9237452478948236,18.18619892281041
RBKB,"Rhinebeck Bancorp, Inc. Common Stock",PASSA_FASE0,,0,12.32,61874.34623782539,3.1023426383073875,2.1818664974098754,22.851160823296468,-21.360865541122788,7.096593671210688,134.3078863666852
FIEE,"FiEE, Inc Common Stock",PASSA_FASE0,,0,3.2,204326.46605030156,11.01648309689286,3.0686890937588585,41.63427872861101,-10.419474806177142,5.332420904012444,149.67418313197234
EVMN,"Evommune, Inc.",PASSA_FASE0,,0,11.05,774048.1978517144,0.39805360877156337,1.155199888641107,31.609265701583794,-9.21787709497207,6.249147186617687,66.10296747851139
CTSO,Cytosorbents Corp.,PASSA_FASE0,,0,0.354,156650.73232636513,0.1949326035474944,0.4774025722094451,40.19437960081868,-6.951070456964881,5.856022682957786,65.18179454816433
GEN,Gen Digital Inc. Common Stock,PASSA_FASE0,,0,27.63,6964836.245374397,0.7315203226319531,0.6310751035064038,63.661196179390394,4.654135694332662,1.911693219330257,33.48398527338964
COP,ConocoPhillips,PASSA_FASE0,,0,118.06,7370422.207378016,0.8140124655026143,0.8807344051364897,58.45805775179116,4.8653209868319,1.5133666718692944,31.70520001100928
ASTC,Astrotech Corporation (DE) Common Stock,PASSA_FASE0,,0,6.21,4206014.289612668,0.01649794453227837,0.03026015541254158,36.138580198723965,-26.011973907604325,8.862618015657405,98.20297866449435
LOOP,"Loop Industries, Inc. Common Stock",PASSA_FASE0,,0,0.7201,81639.11563703173,1.0249198115645124,1.0101056827291748,39.3631577272075,-12.23697600867759,4.4361032302533845,117.07380392039883
AVXL,Anavex Life Sciences,PASSA_FASE0,,0,2.49,1181911.5378497778,0.9307489221894871,0.7921544743910006,47.03178707393096,-1.5518434318473884,1.7463100295467335,62.59235129391697
FTEK,"Fuel Tech, Inc.",PASSA_FASE0,,0,1.38,374507.879682254,0.2548047226161521,0.44396346786152435,35.4204580199128,-15.35040637938968,7.849273634862657,50.99135055019585
QNCX,"Quince Therapeutics, Inc. Common Stock",PASSA_FASE0,,0,22.0,56076.93930334921,1.4355077329834258,0.7043812100634901,67.79604480935211,20.579328866417267,1.2989097209726779,75.69078005051388
UUUU,Energy Fuels Inc.,PASSA_FASE0,,0,10.74,9599759.964686982,0.8064810501860754,0.6955948792016784,30.60189652813088,-14.24122649419093,1.598054576486012,57.05712429681758
SHFS,"SHF Holdings, Inc. Class A Common Stock",PASSA_FASE0,,0,0.1735,3425412.1143763326,0.053484429751121054,0.29380313300816807,26.902816796959186,-18.154586409415774,74.99904875715416,65.84982166562318
SCLX,Scilex Holding Company Common Stock,PASSA_FASE0,,0,6.56,140631.8094674762,0.7155616199425548,1.5004738535206794,39.641570343762815,-19.657072872014712,22.9723593542529,110.59861177476031
CLSK,CLEANSPARK INC,PASSA_FASE0,,0,12.01,22713967.530166317,1.0991442995634235,1.0118279144091835,37.935764999408754,-11.368584185085439,3.014071390268665,98.13465323705864
GPUS,"Hyperscale Data, Inc.",PASSA_FASE0,,0,0.1145,100704809.50661895,0.21891426763540045,0.46591779857275356,38.816122370058906,-11.895967990150824,5.429082652486159,65.64904332676774
MPU,Mega Matrix Inc.,PASSA_FASE0,,0,0.2424,3146567.4059684123,0.014570168830974105,0.08623874999046313,41.109473023474976,-4.2086544161232915,30.23965038834561,82.05739379125487
LYFT,"Lyft, Inc. Class A Common Stock",PASSA_FASE0,,0,15.44,13919585.605218414,0.9132646490809473,0.8251915904864912,55.09114978229163,0.901842896353422,1.8137166188176699,41.53414031006279
OLMA,"Olema Pharmaceuticals, Inc. Common Stock",PASSA_FASE0,,0,11.19,1440184.8464807458,0.45582820012943154,0.8529207585062396,43.286843095959235,-5.700922765769178,3.586102381040959,42.7986932963086
GENC,"Gencor Industries, Inc.",PASSA_FASE0,,0,14.49,31516.283483746036,1.7254432112861686,0.8618106630056124,38.852655336959685,-5.393053016453376,1.640260309097784,29.235726626873188
COIN,"Coinbase Global, Inc. Class A Common Stock",PASSA_FASE0,,0,160.09,8506830.383561825,0.7996362245335888,0.8214896069928159,47.59891382110782,-1.634106402784652,2.0106572305175154,64.94003174124798
SBUX,Starbucks Corp,PASSA_FASE0,,0,104.14,7699030.655528222,1.6295977272480688,0.8316725610432502,51.30684189609398,-0.47497539111402975,1.0,21.746732850399063
OCSL,Oaktree Specialty Lending Corporation,PASSA_FASE0,,0,11.91,636129.074126746,0.6620231932585606,0.74072142400147,48.89142337144326,-0.8532778355879178,1.5499563865364432,20.191609548880145
TU,Telus Corporation,PASSA_FASE0,,0,11.13,5824579.4353681905,2.3655117020945977,1.0713040566276877,60.39398113823659,6.859968316451459,1.0,25.501034667909206
VCYT,"Veracyte, Inc.",PASSA_FASE0,,0,55.71,1227381.8654768888,0.7571066489563493,0.8220941983310568,49.39276562377757,-3.2556362578634146,2.1632821900502393,43.81458600301823
FCEL,FuelCell Energy Inc  NEW (DE),PASSA_FASE0,,0,18.08,12525598.876628809,0.8969717011361665,1.0080055996516855,43.088978704814366,-19.002766360164415,1.9139294497018933,137.8032649545375
INTT,inTEST Corporation,PASSA_FASE0,,0,11.42,322237.2282607619,0.6910099426370777,0.5018886876431191,29.563763756174495,-20.592427771790145,1.0855688370203238,72.10923095595193
PDEX,Pro-Dex Inc New,PASSA_FASE0,,0,54.88,68754.56781801586,0.8502501857873945,1.4586971319863395,42.0767570688696,-5.741717190800877,4.015639464600203,56.04504999701386
CSTE,Caesarstone Ltd.,PASSA_FASE0,,0,2.01,154938.82496919046,0.6629386207648394,1.0922890459450878,42.652917079380025,-12.361020274689361,6.341910529926926,67.11815731809114
MCHP,Microchip Technology Inc,PASSA_FASE0,,0,71.37,11915402.30886935,1.3166137676776126,0.9069269450124439,31.338867602059082,-14.1026026778998,1.0,50.00395941411947
IIIV,"i3 Verticals, Inc. Class A Common Stock",PASSA_FASE0,,0,21.45,409389.1452768571,0.6279015168542416,0.7280918224306425,57.73259839745039,2.3976322039359843,2.692737521622376,33.92699434325038
BHB,Bar Harbor Bankshares,PASSA_FASE0,,0,39.71,118703.42826463492,0.6946090157748621,0.8497082110167664,64.89010521539068,4.080937278850927,2.1030806626757563,23.29077230958175
TCRX,"TScan Therapeutics, Inc. Common Stock",PASSA_FASE0,,0,0.7416,706727.8610290161,0.8624728189044388,1.2909328558097446,33.81688151980504,-22.12333622115462,4.326376369112553,106.24699240576308
IREN,IREN Limited Ordinary Shares,PASSA_FASE0,,0,29.31,47649813.68787221,1.4904866123748624,0.9141083349589311,30.344019366358324,-24.456815897316943,1.3142267277090198,121.76584761061304
PAVS,Paranovus Entertainment Technology Ltd. Class A Ordinary Shares,PASSA_FASE0,,0,4.81,693946.7469666032,0.17724179938250983,2.0139822522909823,22.775420779647817,-8.411481886990046,155.18930267988034,180.0244754123855
APD,"Air Products & Chemicals, Inc.",PASSA_FASE0,,0,294.27,1296242.8681202538,0.8246353086502263,1.0360539817299195,50.383572625411766,-1.5238092050993246,2.518902433921203,25.659566771213598
FFIV,"F5, Inc. Common Stock",PASSA_FASE0,,0,386.95,707343.6816351588,1.202847927604517,0.9130280264378753,42.392437108280646,-6.016509956675775,1.9062293893079496,38.57347680507743
STNE,StoneCo Ltd. Class A Common Shares,PASSA_FASE0,,0,10.96,5114453.0666143345,0.7994892865208759,0.7306060295721098,47.563269825235665,-0.8346716731887138,1.5554500618336213,29.78265160974054
DYN,"Dyne Therapeutics, Inc. Common Stock",PASSA_FASE0,,0,25.1,2080431.091199254,1.0118991617153135,1.3183963518900825,63.0617915377421,5.3802716375926485,4.351237451788891,46.659575578929044
ACLS,Axcelis Technologies Inc,PASSA_FASE0,,0,112.05,624024.2262922856,0.6397803436032008,0.820409328866915,32.32065157382563,-19.047206207464573,2.598946118385259,94.90697163295353
MSN,Emerson Radio Corp.,PASSA_FASE0,,0,0.3761,156236.39779528574,0.23748627415627457,1.1368073032461403,50.342865601709484,1.6960610014128186,48.16453751617076,52.90289416849395
AMZE,"Amaze Holdings, Inc.",QUARENTENA,INTERRUPCAO,9,0.1868,,,,,,,
APT,"Alpha Pro Tech, Ltd.",PASSA_FASE0,,0,4.88,99617.51687220637,0.5456595584261734,0.5043823060542338,40.285643239011016,-4.947409427347072,5.407245266930506,46.71096492765648
DLO,DLocal Limited Class A Common Shares,PASSA_FASE0,,0,14.59,2704665.9302516347,0.8040867536888978,0.9755302660035995,55.74593244919422,-0.8831521739130377,5.409185627429794,53.47618934001195
VSAT,Viasat Inc,PASSA_FASE0,,0,70.19,2608519.0049316986,0.9449986363758713,0.983425097287213,47.278295248684124,-4.974649527174757,2.873141718926928,64.14845081224708
SNAL,"Snail, Inc. Class A Common Stock",PASSA_FASE0,,0,4.9,1468976.0043917464,0.05915942270614825,0.33717808652142667,57.28612980387745,9.461127337916576,65.86752750471557,132.15259922553489
PCRX,"Pacira BioSciences, Inc. Common Stock",PASSA_FASE0,,0,26.4,528315.0375105556,1.078778870581765,0.9465100517860218,63.50503017051899,2.797733777232625,1.4026167952045219,18.896417133563652
CVM,Cel-Sci Corporation,PASSA_FASE0,,0,1.14,542010.6322883174,0.28028630734902,0.7002696258979476,40.9265185785435,-6.4039408866995,10.387853211154088,87.07714864545049
TTD,"The Trade Desk, Inc.",PASSA_FASE0,,0,19.09,18986333.467731934,0.9914262670534788,0.7307261761125743,52.52653157723612,1.7238163749234037,1.0955344746501314,46.906989700170556
ACB,Aurora Cannabis Inc. Common Shares,PASSA_FASE0,,0,2.73,994351.2035715079,1.3128575195827379,1.2026367144192347,45.41540428505703,1.4869888475836257,1.2422519380013421,28.73228564473964
META,"Meta Platforms, Inc. Class A Common Stock",PASSA_FASE0,,0,585.61,18070543.201986555,1.237985331740978,1.0417977346807548,41.190268979468186,-6.423151565220242,2.0354879590366415,52.73412633832058
NEOV,NeoVolta Inc. Common Stock,PASSA_FASE0,,0,1.97,2420560.6774473023,0.4105970823702425,0.7479866693480843,41.997729723274475,-14.542891226548093,4.564751552579378,92.05123139298952
GRAB,Grab Holdings Limited Class A Ordinary Shares,PASSA_FASE0,,0,3.35,50380507.45582109,1.3780663871902932,0.8729122372548322,38.759148591349856,-8.56986899563319,1.1954671744576586,38.11448191110606
IPWR,Ideal Power Inc.,PASSA_FASE0,,0,3.35,691144.1280599682,0.4021952432038619,0.24319209770406414,26.055341372183562,-23.28829860316006,1.4742696740667438,61.53697535489303
MNST,Monster Beverage Corporation,PASSA_FASE0,,0,97.23,5785378.763720619,0.7873297603926707,0.980251165779215,56.39192378740754,0.6863092818735206,2.3611782078264634,23.484112921922275
HYLN,Hyliion Holdings Corp.,PASSA_FASE0,,0,3.24,4796427.083678159,0.6193184091492637,0.6273285791345098,35.10026219018859,-17.849898580121693,1.8047829456837527,90.31974664163361
CRCL,"Circle Internet Group, Inc.",PASSA_FASE0,,0,61.36,14996631.046898285,0.5157143285749234,0.9847674130344606,41.020165380257325,-4.511430305482477,4.758460020299023,78.46783017739817
ZENA,"ZenaTech, Inc. Common Stock",PASSA_FASE0,,0,1.24,3097421.370187682,0.5339269903716043,0.5637128894303298,34.97792349121748,-12.08791208791209,2.879365411043922,56.06447429924377
HST,"Host Hotels & Resorts, Inc.",PASSA_FASE0,,0,25.54,9196370.67434176,1.0624965650683038,1.0292114688466292,67.51630998046448,6.929034959179381,1.780886468614867,21.480318191668335
KINS,"Kingstone Companies, Inc.",PASSA_FASE0,,0,20.39,132914.10405868254,0.756684809247902,0.9397086719164547,61.60666395431411,2.2336985133746046,2.252195430565894,35.65703815898409
PBM,Psyence Biomedical Ltd. Common Shares,PASSA_FASE0,,0,2.98,122817.96050914285,0.14815161550126435,0.6327520418303546,44.54400646001213,-0.633544514838269,22.569726427671736,54.82424300380006
NUAI,"New Era Energy & Digital, Inc. Common Stock",PASSA_FASE0,,0,4.065,8115009.41357692,0.6683119249124201,1.0899017682446663,40.73557337648953,-12.931726907630514,3.1054159623957878,149.89751502466365
SBCF,Seacoast Banking Corp of Florida,PASSA_FASE0,,0,34.1,959085.4032252221,1.9962120801440337,1.0332808182160735,60.743519323427826,2.4239329588802594,1.0,23.755361816391805
ES,Eversource Energy,PASSA_FASE0,,0,74.76,2578901.2218192546,0.9547920531558748,0.7940570408739067,56.81978618641424,0.6157262541637065,1.1334377740568737,19.847276492816547
OM,"Outset Medical, Inc. Common Stock",PASSA_FASE0,,0,4.66,221784.31482871427,0.27859497920184007,0.7538879627708579,54.69731692939617,4.554633161319255,5.182062903269265,98.02815920878707
ALOT,"AstroNova, Inc. Common Stock",PASSA_FASE0,,0,28.68,144190.89958426985,0.8259085204292024,0.9788410779857383,83.00826414030325,0.20614234303484302,2.9287444752606464,3.668278625963643
WMT,Walmart Inc. Common Stock,PASSA_FASE0,,0,114.22,22435230.118362885,1.0465684412534277,0.9807631338919212,51.50586374373474,1.9316320930253372,1.7202464392113888,25.75779179699339
LESL,"Leslie's, Inc. Common Stock",PASSA_FASE0,,0,0.8898,1442217.1904630477,0.8616212442094302,0.9264312847076229,23.978258867254553,-78.63235548383378,9.626651894873897,250.35844968777877
ERO,Ero Copper Corp.,PASSA_FASE0,,0,25.28,1236005.921969508,0.7600671374147153,0.7581072384113675,45.280679121510154,-1.0025062656641603,1.865093038755601,54.4536869457303
VIR,"Vir Biotechnology, Inc. Common Stock",PASSA_FASE0,,0,8.64,1853366.31723173,0.7623104949831403,0.8769404687747903,36.67029585276774,-9.324657606129005,1.5228868290972777,45.091777257849195
SWIM,"Latham Group, Inc. Common Stock",PASSA_FASE0,,0,5.62,784853.8834983492,0.6644527630079528,0.8516477419505001,44.454419196450374,-5.019435524759174,1.9628134862442344,48.13484188543499
HIMS,"Hims & Hers Health, Inc.",PASSA_FASE0,,0,25.0,18952799.744916886,1.5426467371371055,0.768222022299231,33.52345159544198,-25.42211085257444,1.115749001421996,99.7418627102424
ON,ON Semiconductor Corp,PASSA_FASE0,,0,78.86,12596476.071102176,0.9686347080542975,0.827680413344619,35.00326791557393,-12.896046302279219,1.3672629733947306,57.20165053434445
NVCT,"Nuvectis Pharma, Inc. Common Stock",PASSA_FASE0,,0,20.69,283914.59561822226,1.0128900633122042,1.6399355587964943,59.4494201255791,7.766029480702108,3.128376605248458,57.65122499787027
SPSC,"SPS Commerce, Inc.",PASSA_FASE0,,0,69.4,650732.7366553015,1.1989868209001586,0.7848275117997159,69.23220213589357,10.80553548690968,1.0270272584653952,45.25270389921264
MAC,The Macerich Company,PASSA_FASE0,,0,26.09,3486121.2098915875,0.6027956886270602,0.6858071765165762,60.03138691638997,2.5026519467253427,1.814158563296492,20.311966677701314
RC,Ready Capital Corporation,PASSA_FASE0,,0,1.44,1599596.0710304447,0.6360340630204238,0.7794453430131112,31.49189836583048,-9.6045197740113,3.3082973679855368,39.43959461133741
CLMT,"Calumet, Inc. Common Stock",PASSA_FASE0,,0,42.4,989276.3109562857,0.7871418231608796,1.1083401842502023,66.38612161815084,4.867431737237826,3.524376840009745,28.156617625989018
BIAF,"bioAffinity Technologies, Inc. Common Stock",PASSA_FASE0,,0,0.585,426236.54525782546,0.6478500706877861,0.9732630358240821,21.74178385566809,-19.462532868923553,10.430703741882331,57.63970395592125
GSBC,Great Southern Bancorp Inc,PASSA_FASE0,,0,80.71,110012.60617950793,0.7399053638196801,1.107024859860426,63.72907809534693,2.7701201382831497,5.288430402306554,24.775998368321254
OSRH,"OSR Health, Inc. Common Stock",PASSA_FASE0,,0,0.474,6271665.7526629185,0.11514499330474974,0.12379476270688447,62.415169317843855,19.97266445619985,3.43884801792366,89.460546294328
TSLA,"Tesla, Inc. Common Stock",PASSA_FASE0,,0,298.32,47962048.40630181,0.8231099591290792,0.900486731270306,25.27930693346407,-20.20649164805477,2.9283727029233844,68.60086945809576
TIGO,Millicom International Cellular S.A. Common Stock,PASSA_FASE0,,0,94.18,1731377.0153690316,0.8968364582696271,0.7987797215510425,50.912690156148265,-1.3739370837347553,2.1172925155427094,29.215416985163856
AMD,Advanced Micro Devices,PASSA_FASE0,,0,429.56,33581225.65332151,0.961992839038105,0.8233379316791666,36.043544410980346,-17.379080400852654,1.1241471992234233,73.45423936964468
TECH,Bio-Techne Corp.,PASSA_FASE0,,0,72.03,4875975.668008446,1.2863904462673244,1.0483213628589105,73.63831419124938,0.8209284259589777,1.9900172569127652,5.251942922166415
NAK,"Northern Dynasty Minerals, Ltd.",PASSA_FASE0,,0,1.38,6756009.786805112,1.3163506541451584,0.8122356507420561,31.51102732256426,-16.967509025270754,1.0,75.95983560669228
GPRE,"Green Plains, Inc.",PASSA_FASE0,,0,16.37,1482558.8475347143,1.0061894005472662,0.8488385447673321,48.831128889360414,-2.6753864447086606,3.4504424502262134,71.79801354451168
COHN,Cohen & Company Inc,PASSA_FASE0,,0,13.45,23617.673526968258,0.10604528414452606,0.5610069752878334,50.99994890393783,-0.4938317273013082,18.122793603974603,48.337468922169876
TLRY,"Tilray Brands, Inc. Common Stock",PASSA_FASE0,,0,3.99,3817332.0087793977,3.2379650260688924,1.017622566108708,31.70067056047057,-6.491680337473616,1.0,35.317717180065316
SLDB,Solid Biosciences Inc. Common Stock,PASSA_FASE0,,0,8.04,1709119.4961259048,0.5295271074664109,0.8275229415212059,39.52015746216007,-14.139256727894079,3.1505666365281413,51.210691694352285
NAVN,"Navan, Inc. Class A Common Stock",PASSA_FASE0,,0,26.56,4458402.175682175,0.9098239832767757,0.9411246946341686,58.22063857865674,3.8453267648036027,1.896120275429078,80.01344736164701
NBTB,NBT Bancorp Inc,PASSA_FASE0,,0,54.26,361644.6218360317,2.0813221200708765,1.0784660286619285,72.88239531007868,5.580635118306354,1.0,20.519987986539114
TREX,"Trex Company, Inc.",PASSA_FASE0,,0,42.39,2066707.2285570158,1.2634900752716658,0.9719553553281547,40.78010851777785,-6.014079042181697,1.8084905180416084,36.43409108579478
SES,SES AI Corporation,PASSA_FASE0,,0,0.5072,12642959.248582,2.7395291763018736,1.283981710963696,27.617709500012765,-26.13359159390951,1.000382454324105,90.72276221830438
SNGX,"Soligenix, Inc. Common Stock",PASSA_FASE0,,0,0.3616,7477789.190772032,0.02649788452361316,0.053620501229221365,38.50898081567495,-1.9482896538633776,4.381349522438269,30.96071560816553
MOBX,"Mobix Labs, Inc. Class A Common Stock",PASSA_FASE0,,0,1.81,4547376.131197762,0.12447271381549681,0.3283600710133698,40.89881060561867,-8.724155320221882,39.867948471384686,63.58877936497114
CRDF,"Cardiff Oncology, Inc. Common Stock",PASSA_FASE0,,0,0.81,1510470.137844651,0.7963770937672894,1.1268499970898167,27.1899872115184,-23.15464416331061,10.565653385793953,140.16643468547386
FDUS,Fidus Investment Corp.,PASSA_FASE0,,0,20.0,336451.1883425079,0.6611063593140466,1.301715197446122,55.41144493798283,0.5846482680580856,13.57576174537474,34.969318009322556
EPM,Evolution Petroleum Corporation,PASSA_FASE0,,0,3.7,354151.28806411114,0.9377620996845817,0.901913033127603,43.54982298360029,-1.3464871350486574,1.438995622006422,41.70162711272625
LPCN,Lipocine Inc.,PASSA_FASE0,,0,2.07,84751.39456136509,0.4515791169110357,0.43217376590870865,36.814195747455045,-9.685863874345547,2.2053666886897587,38.96893609644966
CHOW,ChowChow Cloud International Holdings Limited,PASSA_FASE0,,0,0.346,5556716.214041174,0.01170204199661836,0.1964533578459548,42.47243645722878,-5.483487473557225,188.87230768291604,53.0960418254681
AHCO,AdaptHealth Corp. Common Stock,PASSA_FASE0,,0,10.79,1416878.1390703807,0.6554727226868925,0.7707873115242208,53.10094267145596,1.6246762420532024,1.8696808640104172,38.54299573534073
SLDP,"Solid Power, Inc. Class A Common Stock",PASSA_FASE0,,0,2.0,5588996.81758238,0.6042620219656658,0.6940132389568903,29.3282072824814,-13.793103448275856,1.94165790574009,57.45812424037009
TGB,Trekor Metals Limited,PASSA_FASE0,,0,6.71,5089585.022197508,1.0388190795406314,1.0493460836466002,45.26974017524586,-5.225988700564976,1.7382385669528142,84.4607342596414
EL,The Estee Lauder Companies Inc. Class A,PASSA_FASE0,,0,84.13,3410761.1030825083,0.7285915689131995,0.6823430942589388,53.980341678458196,1.8405873416495577,1.4742770721537837,30.51080099617754
NBIX,Neurocrine Biosciences Inc,PASSA_FASE0,,0,180.79,1208574.271231794,0.8871471531718256,0.910066999183207,62.49480630263208,3.1662020697152293,1.4672880856396664,29.304841837813306
SMJF,SMJ International Holdings Inc.,PASSA_FASE0,,0,5.7,720105.8307942537,1.5343700981775426,1.3529870597872191,69.00229293706721,6.422703510082162,2.437049538283913,27.35407491125073
MGN,Megan Holdings Limited Class A Ordinary Shares,PASSA_FASE0,,0,0.0703,11916950.367622683,3.693139782060011,0.09866394090744252,28.07647651882013,-33.91304347826086,1.0,108.31225083255805
FLNC,"Fluence Energy, Inc. Class A Common Stock",PASSA_FASE0,,0,11.89,11821036.048365667,0.5674426649192386,0.67365476987206,30.532928566276183,-21.349429469158267,2.3012428830838263,80.9469155237387
CRDO,Credo Technology Group Holding Ltd Ordinary Shares,PASSA_FASE0,,0,177.45,8063513.766168127,0.8694585386396203,0.7798539668337109,35.376063122937296,-22.801842836820185,1.2925167224454919,89.71782649139494
B,Barrick Mining Corporation,PASSA_FASE0,,0,36.36,11584514.014516572,0.7439105545320217,0.6863892920120154,45.037581028569726,-0.44629411603650526,1.317205078019191,36.09960857135125
SUNB,"Sunbelt Rentals Holdings, Inc.",PASSA_FASE0,,0,73.41,3567927.947111508,0.5213502501778143,0.6777224053701941,46.82773756969768,0.11387424737303586,2.7549527913584835,39.586157076439704
SIDU,"Sidus Space, Inc. Class A Common Stock",PASSA_FASE0,,0,1.68,17541271.427443344,0.2715115076466929,0.3717071664414993,29.60423263377419,-19.453434016540815,2.4991404634021723,76.67403488861714
ACXP,"Acurx Pharmaceuticals, Inc. Common Stock",PASSA_FASE0,,0,1.39,96847.24924453971,0.9129346417134805,0.9744166382466523,38.75269931386072,-8.06878306878308,2.4269672041114907,70.49303067936434
TRT,Trio-Tech International,PASSA_FASE0,,0,9.1,916684.6798881112,0.39073071458521413,0.5198182439509208,41.48608910107528,-10.327158060701613,4.832479725127094,97.04692512733938
STX,Seagate Technology Holdings PLC Ordinary Shares (Ireland),PASSA_FASE0,,0,764.43,4756310.494071444,1.9511130198809106,1.0575255349879593,41.53180063167214,-9.47207736494029,1.0,93.15886538368672
CRVL,Corvel Corp,PASSA_FASE0,,0,62.25,209220.45729450797,0.8516508019537595,0.8120820049171167,55.068559859654506,0.42023245872284676,1.6220132553934186,22.063526058528137
MTNB,"Matinas BioPharma Holdings, Inc.",PASSA_FASE0,,0,0.2979,4473912.278859936,5.744557774930528,3.050704379090106,35.131634324880025,-31.186024687793246,8.025164848091281,242.4940496038506
LUNR,"Intuitive Machines, Inc. Class A Common Stock",PASSA_FASE0,,0,11.39,13262881.334651398,0.5942276038450395,0.7381391200492646,25.45103496443153,-25.240392504348396,1.9647101204800401,61.622003131018886
ALLO,"Allogene Therapeutics, Inc. Common Stock",PASSA_FASE0,,0,1.81,8018947.374481476,1.5606894444495907,1.0171453668386639,44.133422794468096,-5.161121299449833,1.1500622532158347,56.31747265211543
WERN,Werner Enterprises Inc,PASSA_FASE0,,0,36.65,1175093.200015968,2.69572928056341,1.014818389589945,29.17300753676234,-15.82356251220155,1.0,45.02555734654254
GAINI,Gladstone Investment Corporation 7.875% Notes due 2030,PASSA_FASE0,,0,25.2601,8588.52965684127,0.5429352038489653,1.1729973583982685,37.903659711975344,-0.660979405718265,4.729245333132205,6.287703802133245
FSUN,FirstSun Capital Bancorp Common Stock,PASSA_FASE0,,0,39.09,265549.648005508,1.913878355837468,1.0988469278138433,62.728726817519885,7.20015357402406,2.1553263850203335,58.60130815458023
BRBR,"BellRing Brands, Inc.",PASSA_FASE0,,0,13.29,5697949.1416983325,0.8914945278872646,0.7392793581228698,61.02237822807065,3.456328818309218,1.4823632587236046,53.9104989159114
BORR,Borr Drilling Limited,PASSA_FASE0,,0,3.85,7011210.302928555,0.7278027520754283,0.5776072666599796,31.445980445112525,-9.666823087752242,1.3956505112489264,41.80735619756108
OCCI,"OFS Credit Company, Inc. Common Stock",PASSA_FASE0,,0,2.4,262773.2121077142,0.6989929071716356,0.9374815987058069,40.09665430902109,-3.2453134448699905,3.5723480384765187,44.63516795069468
SER,"Serina Therapeutics, Inc.",PASSA_FASE0,,0,2.07,87451.0764912381,0.0723178107548355,0.49699372092125826,52.017701151415956,0.1936108422071703,15.758117881392295,76.8311998348819
OPEN,Opendoor Technologies Inc Common Stock,PASSA_FASE0,,0,3.67,55656488.18487154,0.5830189799483464,1.5253692987619047,33.38998085891936,-18.331015299026433,4.441021594615695,86.47130305520334
OKLO,Oklo Inc.,PASSA_FASE0,,0,36.84,12014820.729218999,0.7112923211808522,0.7231747886446118,29.44055841948979,-18.416157321286207,1.3442632204184877,67.9277936396726
GV,Visionary Holdings Inc. Common Shares,PASSA_FASE0,,0,0.213,1995059.8114415715,0.6107216029376087,0.0725066568723704,60.53065550206119,16.89487693109788,1.0,69.16621139143227
AVAV,"AeroVironment, Inc.",PASSA_FASE0,,0,142.12,1625803.0407993654,0.7990421620993361,1.3051722238171548,42.87765806012892,-7.53957152801723,3.207943212646978,82.75219348767399
SLNG,"Stabilis Solutions, Inc. Common Stock",PASSA_FASE0,,0,4.81,43383.331715619046,0.24889759651890586,0.9518684330215406,62.031943164385595,16.204766811338757,39.941232575751116,118.28153949409146
AEI,Alset Inc. Common Stock (TX),PASSA_FASE0,,0,1.05,17172.313930730154,0.5827262200286668,0.827829127169093,32.87738084328704,-13.02619154117588,3.4119937758628143,61.167413259404704
CRMT,America's Car Mart Inc,PASSA_FASE0,,0,3.11,1676635.3157831111,0.12610325644384218,0.41918824362981943,41.135388546977055,-9.342661419618137,24.75684777882074,173.788521941183
NEWP,New Pacific Metals Corp.,PASSA_FASE0,,0,4.37,976854.5395535876,0.4372475396062475,0.5399294977844719,51.400807648698624,4.184050542376916,3.0578129168589423,67.62484166559686
POAS,Phaos Technology Holdings (Cayman) Limited,PASSA_FASE0,,0,0.1925,1381164.3514759215,0.31102936326074815,0.23933361923540264,28.92774129874377,-23.50486787204452,2.1331673119636485,127.07711044282767
HWC,Hancock Whitney Corporation Common Stock,PASSA_FASE0,,0,76.98,947469.9432340635,1.2046970017063903,1.0277752393214816,59.283987544271845,1.1019030482919856,1.500417857471525,19.37854218410542
ZBRA,Zebra Technologies Corporation,PASSA_FASE0,,0,282.98,957897.763950984,1.1273407200700571,0.7005840082610735,65.18708427076146,6.132690241290795,1.1685809845451651,37.114618988369486
LASE,Laser Photonics Corporation Common Stock,PASSA_FASE0,,0,0.9663,14705611.630524717,0.09882548013136565,0.25651426605360805,36.577254286053744,-19.110322370018153,18.192114567353634,120.51542021801124
DDC,DDC Enterprise Limited,PASSA_FASE0,,0,0.461,109495.36689739682,1.3739527834905738,1.4253257155130858,24.053502766677525,-26.97434597685673,1.76330614194433,89.14047316777507
WIX,WIX.com Ltd.,PASSA_FASE0,,0,61.22,1775713.6009567936,1.0551348689306956,0.6898191316628062,68.60066127376794,17.955338047436477,1.0,59.89299079063923
PAL,"Proficient Auto Logistics, Inc. Common Stock",PASSA_FASE0,,0,6.77,333945.9328951588,0.6658922589957487,0.6264802716351121,45.86821447920585,-2.1428829545043993,1.6441487435576283,53.47220286420957
YIBO,Planet Image International Limited Class A Ordinary Shares,PASSA_FASE0,,0,1.28,50705.79911915873,3.269127698381302,2.188402998708938,61.94863409546314,14.39653592989638,11.391665553213263,96.40367987576352
UMAC,"Unusual Machines, Inc.",PASSA_FASE0,,0,17.26,5786208.915085539,0.6314470528230117,0.6700072748285634,42.579612270792595,-11.575603883296182,1.6891529670291658,113.8200506706704
NMFC,NEW MOUNTAIN FINANCE CORPORATION,PASSA_FASE0,,0,6.92,612571.6801423015,0.5918899113533509,0.9511403336579344,41.97683889007695,-1.4245014245014342,2.419386934900368,23.526492174022316
GLW,Corning Incorporated,PASSA_FASE0,,0,124.05,15352558.165898701,1.6676948564767247,0.9165746128950962,30.14796545345355,-26.787379454431726,1.805354695749915,85.80310135990172
VLGEA,Village Super Market,PASSA_FASE0,,0,44.36,55393.08469139682,0.7344905058757082,0.7895674931765045,58.98660522734809,2.70658238984971,1.9538420098176996,20.490109189641935
RY,Royal Bank of Canada,PASSA_FASE0,,0,206.45,1481079.2171910158,1.0731501997114388,1.039501484730164,48.02171221580784,-1.8850708000560767,1.9464986350143352,21.32965040422469
HUBC,Hub Cyber Security Ltd. Ordinary Shares,PASSA_FASE0,,0,1.02,4518379.16366254,0.055954721061537385,0.10283846731782467,19.37494137879547,-17.50909826122118,10.329049146024612,57.16702409621613
RTX,RTX Corporation,PASSA_FASE0,,0,215.25,5451580.729061444,1.5104540137457794,0.9114855125395309,70.97098020493091,7.356073037042199,1.2142784317369382,32.91031370670149
VERX,"Vertex, Inc. Class A Common Stock",PASSA_FASE0,,0,13.32,1747784.8980277302,1.5857616913262897,1.070020039061539,57.37908417059479,5.773048519018498,1.157280384068002,76.1784338673564
ECX,ECARX Holdings Inc. Class A Ordinary shares,PASSA_FASE0,,0,1.07,1698093.188378762,0.12700386866394742,0.4785615098964987,44.34508410532145,-6.016275872972654,7.066211494706033,58.91070875602692
CRBP,"Corbus Pharmaceuticals Holdings, Inc.",PASSA_FASE0,,0,8.92,491191.2931312539,0.5365288224797146,0.6508107262121777,48.545954865156745,-2.3883128607774973,2.4277762756656087,42.1891899168702
MIST,Milestone Pharmaceuticals Inc. Common Shares,PASSA_FASE0,,0,1.04,1321059.1563444284,1.6888253420464696,0.8694055947873103,27.179177605697177,-15.223150601181967,1.4293226913736448,47.884718339908815
AGIG,Abundia Global Impact Group Inc.,PASSA_FASE0,,0,0.92,143762.68045323805,0.530871309622142,0.5369231370286502,37.84690884452716,-7.780517631964057,2.141811316835331,47.28685520088858
APO,"Apollo Global Management, Inc.",PASSA_FASE0,,0,119.77,4035681.5323211267,0.708668627020252,1.1186253842829315,44.91264952383292,-0.4926763207962481,3.1491270114097176,27.550994984630357
PFG,"Principal Financial Group, Inc.",PASSA_FASE0,,0,113.18,1357735.681009556,1.3866887818828333,1.1334373595817866,57.67415076609459,1.4344032730026601,1.4074609463028542,21.27516742521324
CLDI,"Calidi Biotherapeutics, Inc.",PASSA_FASE0,,0,0.0933,7356964.699317033,0.318840572645232,0.9811491770463152,30.03226082039083,-24.81263599000728,23.01692652107744,95.35314257455565
FOUR,"Shift4 Payments, Inc.",PASSA_FASE0,,0,56.05,1586636.7876947778,0.774796754846507,0.6851638480468517,67.22495315169411,11.32517676968301,1.5657409593677727,56.32915837407101
KYTX,"Kyverna Therapeutics, Inc. Common Stock",PASSA_FASE0,,0,7.07,1052013.6840144445,1.0084996329110798,1.1226618199274618,38.51993699554061,-12.745672765419124,1.8767399775802418,81.41593250573645
CSX,CSX Corporation,PASSA_FASE0,,0,50.74,12797646.244696045,1.1468286429756351,1.0469743786504144,56.87379200450115,1.2804774594049828,1.9868847252194213,27.321638292842565
BPOP,Popular Inc,PASSA_FASE0,,0,172.22,521410.6473843492,0.9011911011257656,1.0130898342762837,59.3476890636926,0.9602419950522467,2.3050045441961684,18.41080375253305
RDVT,"Red Violet, Inc. Common Stock",PASSA_FASE0,,0,67.8,172250.72597014284,2.548896897700755,0.9546018148390952,61.80992416188587,3.01642109101683,1.0,45.525791352173826
ADNT,Adient plc Ordinary Shares,PASSA_FASE0,,0,21.58,1015841.3285229367,0.7971912551062497,0.9155657317679214,59.52064317322367,8.737277033155276,1.6844938476711642,44.504727706095224
KOPN,Kopin Corp,PASSA_FASE0,,0,3.16,8715348.51486492,0.6934617256934416,0.4867117820563767,37.38107430068124,-17.326182222512898,1.2537847569159999,107.3433402580799
CHY,Calamos Convertible and High Income Fund,PASSA_FASE0,,0,12.17,197905.2334481905,1.8275379567801266,0.9126917997195668,25.705388160069162,-7.956436242625919,1.0,16.372204541882866
DTCX,"Datacentrex, Inc. Common Stock",PASSA_FASE0,,0,1.8,256245.12374093648,0.281379025568873,0.572780523020163,39.031708143746215,-7.347831681894212,6.758445334983965,69.10303341241327
BWMN,Bowman Consulting Group Ltd. Common Stock,PASSA_FASE0,,0,25.93,137850.5714936032,1.6784735685026655,1.0228672829321062,35.57416910410143,-4.231646399453382,1.0004496345629352,30.900916961260027
SBC,SBC Medical Group Holdings Incorporated Common Stock,PASSA_FASE0,,0,3.1,127826.46022169842,0.45401955712725345,0.6409347875041348,50.44631417074165,1.075970003260518,3.248021686663366,43.7469095373803
VABK,Virginia National Bankshares Corporation Common Stock,PASSA_FASE0,,0,45.76,7696.691027825396,0.7823770992274534,0.864492771282509,55.15764643582518,1.3241220495106454,2.519501587820134,28.041968114673114
INTU,Intuit Inc,PASSA_FASE0,,0,333.13,5165091.828773698,1.1589532050105344,0.8375933574266273,68.63359296609691,15.870296780028003,1.0966585990014899,44.88444840166194
TDUP,ThredUp Inc. Class A Common Stock,PASSA_FASE0,,0,5.93,2114892.5757674766,0.627831652485306,0.7026953213798329,45.524173774330535,-7.426921125551267,2.380323969183562,46.961434699244656
HSY,The Hershey Company,PASSA_FASE0,,0,183.91,2071318.159300492,1.1960077908975688,0.9198179305651768,60.14290053501715,4.920857234952325,1.0673660641575076,25.479430851202196
UROY,Uranium Royalty Corp. Common Stock,PASSA_FASE0,,0,3.03,2761208.3921287935,2.281209701868165,1.0312470573786676,54.759968576404376,8.243279449852636,1.1193419540101832,68.22333140816546
TII,Titan Mining Corporation,PASSA_FASE0,,0,1.94,1027338.2696648733,0.2825714601235455,0.4821618142849243,39.69582303768469,-9.51492537313433,3.4885054060089797,70.86179457160227
TMDE,TMD Energy Limited,PASSA_FASE0,,0,0.794,945947.8215006664,0.3459628553093184,0.43499288944021325,46.828630391990416,-7.628232721011674,7.791210372036613,134.37583820700573
COLM,Columbia Sportswear Co,PASSA_FASE0,,0,63.56,557966.0889553016,0.8735986498886467,0.9040525304036169,50.63876501216563,0.5155454344181853,1.8457898350393664,28.46338340034964
PG,Procter & Gamble Company,PASSA_FASE0,,0,146.1,8754035.888001777,1.6697217462734752,0.9571864837928512,45.18312716826112,-1.6664871850096907,1.0,23.301774460815853
SLRC,SLR Investment Corp. Common Stock,PASSA_FASE0,,0,12.91,481267.6087789206,0.7406131891181031,1.0380872105578367,49.26227453693491,-0.011617550245901498,6.871405212131615,23.225617286591113
IPST,"IP Strategy Holdings, Inc. Common Stock",PASSA_FASE0,,0,2.23,68664.93665246032,0.14586557275504491,0.2907152869977161,34.778732073015405,-8.117016893283878,6.010898567629182,70.22199891885278
MRLN,"Merlin, Inc. Common Stock",PASSA_FASE0,,0,3.31,2586463.4245597143,0.30919617995995236,0.66899688525524,31.410457076151474,-18.40256378651548,3.5941788545344298,89.55229973256633
JILL,"J.Jill, Inc. Common Stock",PASSA_FASE0,,0,18.32,73677.67893709525,0.6707587637932231,1.1711785572577917,71.00491879384768,10.785232667130295,4.868242211729398,41.33701509579433
XNCR,"Xencor, Inc.",PASSA_FASE0,,0,19.53,903726.8248914286,1.2848442076547824,1.167354273493864,69.04518560683293,13.620827576176286,2.4652031332641795,79.32625896918482
PRSU,"Pursuit Attractions and Hospitality, Inc.",PASSA_FASE0,,0,52.74,269220.64094012696,0.7289240453321812,0.9676327320318098,53.681777962451605,-0.9019165727170098,2.9122461174005725,23.28907043712113
ACCL,Acco Group Holdings Limited Class A Ordinary Shares,PASSA_FASE0,,0,2.15,441351.568555365,0.056870761969097544,0.07773461115046704,72.3303683318451,11.716168187392185,4.954519695338646,39.61296903565287
OSTX,OS Therapies Incorporated,PASSA_FASE0,,0,1.48,734809.7429517778,0.32087813996972747,1.0353580317437727,41.46210130536574,-7.005969211435758,9.071401956866366,95.47995553204517
TRMD,TORM plc Class A Common Stock,PASSA_FASE0,,0,29.83,855880.287199889,0.5371280270013207,0.6476389217224069,54.35974801713442,2.6841421330281223,1.6625097105775317,36.90072351379672
DWTX,"Dogwood Therapeutics, Inc. Common Stock",PASSA_FASE0,,0,1.54,83264.37720001586,0.8060230812365604,0.9275827047354085,54.12915145791811,6.390328151986191,4.052753681051758,54.89628665083155
TRX,TRX Gold Corporation,PASSA_FASE0,,0,0.7599,2215102.958586381,0.5589346095091312,0.6283296929359747,41.9780930993193,-3.439161843284,2.7736534083878586,71.97299961371304
GNS,Genius Group Limited,PASSA_FASE0,,0,0.15,10341998.380396383,0.21768972083204982,0.2676760587262099,27.33693486414265,-17.07667643319143,5.193172427258838,61.28582351401825
WBS,Webster Financial Corporation Waterbury,PASSA_FASE0,,0,75.85,3532388.4662538096,0.9301552938396209,1.1070825430618882,49.999299757743806,-0.6529270385141728,2.6309062077419574,14.969740975164637
AIRG,"Airgain, Inc. Common Stock",PASSA_FASE0,,0,5.61,97399.62841933334,0.9659738278973197,0.8203242212301952,33.268175908476806,-6.179446442010194,1.438645375642661,36.41386793261086
THM,"International Tower Hill Mines, Ltd.",PASSA_FASE0,,0,1.86,991794.8678863493,0.6636630819170822,0.9580718288414609,38.96426625403646,-11.34413727359389,7.302885591309271,82.35876396600258
SQFT,"Presidio Property Trust, Inc. Class A Common Stock",QUARENTENA,SERIE_CURTA,2,2.3,,,,,,,
WM,"Waste Management, Inc.",PASSA_FASE0,,0,236.6,2148989.9934064285,1.2854073691098726,0.7795572206788614,55.91650874676269,0.6061456492944428,1.0,26.04598749268317
TMUSI,"T-Mobile US, Inc. 5.500% Senior Notes due June 2070",PASSA_FASE0,,0,20.24,28678.351731682535,0.4549958840760216,1.6479023687330774,35.93934778669845,-1.9308573782009453,19.25778248465038,12.496608820821665
CYPH,Cypherpunk Technologies Inc. Common Stock,PASSA_FASE0,,0,0.6009,4559902.582310207,0.20065094918046578,0.3763434216687298,38.079661465364445,-11.599852887090844,5.107784788392956,68.08267003855086
NVTS,Navitas Semiconductor Corporation Common Stock,PASSA_FASE0,,0,9.735,28345296.771670695,0.774284153416412,0.5545888033158086,30.74580766491117,-23.588626596809313,1.3434755500416828,103.57946168067657
UPBD,"Upbound Group, Inc. Common Stock",PASSA_FASE0,,0,20.95,932915.9747477145,1.0282595971758497,0.9695222843194922,51.804165720525255,-0.6661767146345476,1.2082354845178869,44.22959445471757
CCL,Carnival Corporation Ltd.,PASSA_FASE0,,0,27.81,25691979.032257497,0.7890146116715401,0.7240486694078238,54.271725495325846,3.799641684084798,1.3612378815621717,37.28181509854528
SXTC,"China SXT Pharmaceuticals, Inc. Class A Ordinary Shares",PASSA_FASE0,,0,0.0525,13086327.204310002,4.480831278512783,3.1367501605936776,20.495307172441457,-97.21162195967209,5.8057988243186385,830.8080534833156
KIDZ,KIDZ AI Inc. Class B Common Stock,PASSA_FASE0,,0,0.5976,14288821.271765605,0.3612981831975207,2.916974040723422,33.77474699797371,-4.976188393929048,54.15591593043759,314.2366389971781
NINE,"Nine Energy Service, Inc.",PASSA_FASE0,,0,11.15,63361.48659476191,1.3899744197649682,0.7789914285625431,45.8253646524155,-3.7548554164868353,1.2440034870919887,62.198185490083524
IPSC,"Century Therapeutics, Inc. Common Stock",PASSA_FASE0,,0,2.02,1241073.9452276346,0.852959074614073,0.9907864640355598,36.73435330196394,-9.315375982042651,1.9113140742561168,42.75580580580971
HUT,Hut 8 Corp. Common Stock,PASSA_FASE0,,0,88.18,4584930.125059985,1.5714752134185983,0.9193524659735144,38.659149855721864,-13.685683941602267,1.0089196920889227,108.98011067906539
CIGI,Colliers International Group Inc. Subordinate Voting Shares,PASSA_FASE0,,0,101.205,264305.2022055238,1.1173982221558698,0.8122144051002093,55.16460359837688,2.2507697475935062,1.210215874450932,39.996449451320665
AVGO,Broadcom Inc. Common Stock,PASSA_FASE0,,0,370.32,25837972.8696203,0.8272478597385843,0.8228384627624709,43.236159055649956,-3.149688156484709,1.4795296869363803,41.589700443264626
RGLD,Royal Gold Inc,PASSA_FASE0,,0,195.48,729569.1506153811,1.5091187818348912,0.9175311878315696,43.81240911114768,-0.3978126038955865,1.0,30.355881070169012
VG,"Venture Global, Inc.",PASSA_FASE0,,0,13.05,16590892.49761249,0.8446733521209101,0.9479461423064782,51.08529009786859,1.006191950464408,1.9159713930299946,81.50210903790685
FLYX,"flyExclusive, Inc.",PASSA_FASE0,,0,1.22,424040.19057423814,2.607291832403418,1.2132806639903355,32.89628388037481,-15.512465373961204,1.0768226002039691,80.51758852820853
GCMG,GCM Grosvenor Inc. Class A Common Stock,PASSA_FASE0,,0,12.2,493748.9012895714,0.8225699279051302,1.1183308000717218,45.0783510034449,-5.97845981927827,3.0687041503041925,40.978548725165766
CTGO,Contango Silver & Gold Inc.,PASSA_FASE0,,0,15.48,528374.3414038253,0.8717124256436601,0.7493155040346811,42.365042779178125,-4.758974990002162,1.65877480411697,60.80518753062739
NBIS,Nebius Group N.V. Class A Ordinary Shares,PASSA_FASE0,,0,148.22,18485842.375945807,2.151694848480656,1.056356756747348,33.92034906046544,-25.7258541376442,1.0,140.36533921297146
MLTX,MoonLake Immunotherapeutics Class A Ordinary Shares,PASSA_FASE0,,0,18.38,1108945.4413216508,0.6383254631087683,1.028078218079863,44.29477856026879,-5.123241708607562,2.7401601319178743,53.49391087519465
IVF,"INVO Fertility, Inc. Common Stock",PASSA_FASE0,,0,0.91,2372907.365337713,0.02809938968582976,0.13087569375241984,33.31031202402306,-21.78434827452834,11.66883592195316,77.61288773460602
CPHI,"China Pharma Holdings, Inc.",PASSA_FASE0,,0,1.2,4342262.281137365,0.09834089006644493,2.951272273202547,49.204052111700776,-11.508992898596693,219.2265941644503,985.8301154886198
PM,Philip Morris International Inc.,PASSA_FASE0,,0,198.44,5040482.894822602,0.7774202211675024,1.0545114852589372,63.022485365087974,5.675167613681764,2.0587992814398137,33.426452269553415
XRX,Xerox Holdings Corporation Common Stock,PASSA_FASE0,,0,2.64,6312900.123671697,0.4859215369643522,0.37569965492072366,43.43122437836617,-3.4558420186505567,1.4637030571878726,62.85061980086356
WRN,Western Copper and Gold Corporation,PASSA_FASE0,,0,2.02,1955323.301364127,0.6534617768839532,0.8347612070844393,36.60556252490763,-6.826568265682642,2.3600763339447655,46.341771813362946
AWK,"American Water Works Company, Inc",PASSA_FASE0,,0,138.09,2144147.3384698727,1.41550974292089,1.0060495795695104,63.97986706491079,3.4304546475919295,1.53766398300256,27.744958238714446
KITT,"Nauticus Robotics, Inc. Common stock",PASSA_FASE0,,0,0.7724,311144.81140579365,0.7187535274735286,0.8107925738632532,31.12533284718046,-16.308652476121853,2.1433908270178823,86.9369700522288
PMVP,"PMV Pharmaceuticals, Inc",PASSA_FASE0,,0,1.07,327677.2579966032,1.1476421805504071,0.9156327507764063,35.74036765181454,-15.129883006147127,2.9383617727039035,70.25324474415544
SYNA,Synaptics Inc,PASSA_FASE0,,0,103.64,1078784.993648127,0.7560848877158611,0.9042958015485218,36.20474881672164,-12.82166672624917,2.5733157479399464,60.78126899382201
TIC,"TIC Solutions, Inc",PASSA_FASE0,,0,7.19,2185482.374704826,0.8253612962802435,0.9120613823567516,43.08369998281019,-2.0636109786828394,1.6879755752708305,46.78266957302928
RYDE,Ryde Group Ltd.,PASSA_FASE0,,0,0.63,202774.20898130158,0.2545132402699152,0.34314950628443264,43.273996754000144,-2.578198392540265,5.896425919390569,89.19420507169363
SHC,Sotera Health Company Common Stock,PASSA_FASE0,,0,17.53,3387342.016468366,1.2035371596103108,0.8972843667268444,52.326929198959064,-1.358917367695478,1.404435194606351,30.694592077612022
SHLS,"Shoals Technologies Group, Inc. Class A Common Stock",PASSA_FASE0,,0,7.94,5686099.266842681,1.0818993260319745,0.953428070714157,36.132519700564,-20.054371082638987,2.3446469619317805,95.04482865796524
BWLP,BW LPG Limited,PASSA_FASE0,,0,21.86,459637.29633828567,0.5373834644441274,0.7787359827841619,62.16231492989786,7.393760746745293,3.1725576285580543,41.40617006668062
NVAX,Novavax Inc,PASSA_FASE0,,0,7.34,4789508.642936254,0.4858312279675679,0.7022907973348903,28.470480404639346,-13.468906572354866,2.1901227239702528,37.2944161263127
SHAZ,"SharonAI Holdings, Inc. Class A Common Stock",PASSA_FASE0,,0,40.09,1292808.4080946662,3.092836131099956,1.7119556111217182,29.947918189664122,-40.68100689884773,1.0935316598222624,152.11246157020955
ZNB,Zeta Network Group Class A Ordinary Shares,PASSA_FASE0,,0,2.4,273009.8382384286,0.9403358591414462,2.0279941063959686,27.685722755560306,-28.048495314158263,20.210216828908028,151.942131574859
SEGG,Sports Entertainment Gaming Global Corporation Common Stock,PASSA_FASE0,,0,0.5599,2514825.642341191,0.2389971663389204,0.2563797801482833,30.45953050472977,-25.223035418558702,7.66705359032022,85.02542346944534
BENF,Beneficient Class A Common Stock,PASSA_FASE0,,0,2.91,18317.314586079367,0.4124259203770639,0.8302365599189644,36.01695752367512,-13.263785394932947,6.089260692923093,78.10649280040485
EXTR,Extreme Networks,PASSA_FASE0,,0,29.07,2352769.3123658574,0.7101866421101862,0.753517119650964,43.402988422302634,-5.62147947340228,1.6075535532190353,52.546117442903
DFIN,"Donnelley Financial Solutions, Inc.",PASSA_FASE0,,0,51.39,327362.88190688886,1.0955097710405792,0.7521272560967417,65.6406054266842,8.09048555533356,1.475223122901415,44.74176450725115
PRTA,Prothena Corporation plc Ordinary Shares,PASSA_FASE0,,0,8.56,572412.4495473492,1.1201976284950794,0.9456529151388139,42.06279184110843,-4.448289334151911,1.2511490716098097,33.86916900687105
MSGM,Motorsport Games Inc. Class A Common Stock,PASSA_FASE0,,0,4.28,54246.82999658731,0.20739649215830272,0.6083434011817113,47.06428349385145,-4.357541899441331,7.463835448015445,68.92749037942185
EHGO,Eshallgo Inc. Class A Ordinary Shares,PASSA_FASE0,,0,2.08,7518677.741974047,0.056966510689623655,1.3029796591851344,49.6506576704344,3.277060575968216,187.32502353805012,352.03677242060706
RYZ,Ryerson Holding Corporation,PASSA_FASE0,,0,28.79,446867.3999588255,0.8699561219767206,0.9004714862952108,51.949633277519375,2.872865003930536,1.7548499211007405,49.81454861173905
NTR,Nutrien Ltd. Common Shares,PASSA_FASE0,,0,70.59,2819283.666907111,0.7850856989840198,0.8837384209958037,64.3129904776751,5.335412485357627,1.4993151468525823,26.596197537105372
VLY,Valley National Bancorp,PASSA_FASE0,,0,14.28,6397791.901428509,0.922174334880862,1.0910261389528644,44.84929409463053,-2.4290253151583396,2.0578498706812844,20.77295549122258
COF,Capital One Financial,PASSA_FASE0,,0,208.71,4740532.331754762,0.8712311914333462,0.9399729293924829,56.704467460343075,1.924607728708927,1.9560387427933688,33.38425579737028
SRTS,"Sensus Healthcare, Inc",PASSA_FASE0,,0,2.85,56819.29376915873,0.7063933575638011,0.3959870521413052,39.347027894699785,-5.636950583560951,1.1539479319907537,34.60278476688501
AON,Aon plc Class A,PASSA_FASE0,,0,377.16,1561217.628637254,1.287857749192227,0.7889088444676879,64.9016798172314,4.439278539356484,1.0,31.30480604622995
JAKK,Jakks Pacific Inc,PASSA_FASE0,,0,26.51,67399.22004026984,1.6195740841478583,1.3108814546534964,70.69160467664051,11.19500020972275,2.469444811010315,43.73912476868666
MRKR,"Marker Therapeutics, Inc. Common Stock",PASSA_FASE0,,0,1.11,61507.19814919047,0.6377452221909782,0.982746399629253,27.604230023954926,-19.360697420995265,5.82972994846195,61.31664928875904
PTRN,Pattern Group Inc. Series A Common Stock,PASSA_FASE0,,0,23.05,1999416.482118476,0.6488166080133028,1.0607478709549956,42.12782579142212,-13.433732677357568,2.368494451697787,62.8074463849521
BANC,"Banc of California, Inc.",PASSA_FASE0,,0,18.59,2884044.918141841,3.441848862449585,0.9991478259500985,33.95447090224111,-10.383725414577693,1.0,53.91493498817336
LAES,SEALSQ Corp Ordinary Shares,PASSA_FASE0,,0,2.25,16389775.019591777,1.7401643852854654,0.8864294529882822,29.876730725612873,-15.619726232889564,1.0,50.07710838347768
OPBK,OP Bancorp Common Stock,PASSA_FASE0,,0,15.75,44236.441253301586,0.8607354981829197,0.9247245673757027,60.3088741940672,4.403161924332566,2.396164273602398,33.637880569204974
CAL,Caleres Inc,PASSA_FASE0,,0,12.86,621330.551507111,0.9632484125048698,0.7145581118067212,54.08649425747008,7.1398816962426,1.0,62.71659640743466
ELS,"Equity Lifestyle Properties, Inc.",PASSA_FASE0,,0,67.65,1572398.835325254,1.3923112544478229,1.0515371875578778,63.522285922883285,3.818972859740799,1.394227381104805,23.953966656962958
FDSB,"Fifth District Bancorp, Inc. Common Stock",PASSA_FASE0,,0,17.64,9953.756921301585,0.36086876828516107,0.6507332952232688,65.26885716751703,2.136499873632136,6.9178730512249444,19.48226270218538
CNXC,Concentrix Corporation Common Stock,PASSA_FASE0,,0,26.56,1881702.8816333334,0.7935634539757128,1.0229845039655916,58.20817626873192,11.873973295143415,1.9243856466170413,85.78457377002007
PK,Park Hotels & Resorts Inc. Common Stock,PASSA_FASE0,,0,15.32,5103530.106333667,0.7293974647415598,0.7887015799139554,66.75268773456011,5.061034151693877,1.6407525573780024,23.92410408508992
TALO,"Talos Energy, Inc. Common Stock",PASSA_FASE0,,0,14.25,1931834.7182871746,1.0312773389725587,0.991312793372378,49.84871116757904,0.6284866887931617,1.5196639393036837,55.0608097959718
KLIC,Kulicke & Soffa Industries Inc,PASSA_FASE0,,0,82.86,1051186.2031029523,1.7441896742117264,0.9251838112287801,31.391937807798186,-21.95939741277414,1.0,84.52963096515805
GSUN,Golden Sun Technology Group Limited Class A Ordinary Shares,PASSA_FASE0,,0,0.3232,5814963.094434793,30.129950634434707,3.006701804515512,49.62076743839444,1.7704339885539877,1.0,293.5425210492079
GRWG,GROW GENERATION CORP,PASSA_FASE0,,0,1.41,364613.9067201904,0.5587512549331914,0.6154110687821293,45.5276203333133,-2.959394356503775,2.7588788590713342,41.789084657319506
HPQ,HP Inc.,PASSA_FASE0,,0,28.41,18597245.18742398,1.0113875924915603,0.7826036475899715,72.54816921336104,15.626462627948134,1.354620999808562,38.207172308749776
TLPH,"Talphera, Inc. Common Stock",PASSA_FASE0,,0,1.31,275263.1740441905,0.48295816415913967,1.648006550189034,57.515995965638254,0.8468052347960109,9.287313653483888,69.98785958802476
RDWR,Radware Ltd.,PASSA_FASE0,,0,23.35,241304.0475692064,2.5080227016060674,1.0133619869190917,23.8262693409536,-21.793884181264023,1.3067173585009293,72.14440673482201
MSA,Mine Safety Incorporated,PASSA_FASE0,,0,175.81,315811.4634100317,0.6435407116021242,0.7974701344702677,58.51670070422385,2.4298019977918806,2.224314252570851,21.951034999306273
ARLO,"Arlo Technologies, Inc.",PASSA_FASE0,,0,14.51,1335086.3268241584,0.7809541040324984,0.8461516457443569,65.37536745777466,9.629405764799227,2.2525154392773405,41.6981893840062
DFH,"Dream Finders Homes, Inc.",PASSA_FASE0,,0,15.42,728660.2930400794,0.6588672903075192,0.8098910189634693,48.32544987128767,-2.4791297748545493,2.163333192096262,59.50028784586774
WAFD,"WaFd, Inc. Common Stock",PASSA_FASE0,,0,36.64,577233.9676916508,1.3355527015551802,1.0468938261660115,44.59529405570057,-2.523378160873657,1.7541106328149378,24.599919596021977
BLKB,"Blackbaud, Inc.",PASSA_FASE0,,0,42.18,806862.8405368412,2.21061859977868,0.8122673354675022,79.05943501371226,32.49151903505467,1.0,72.77799382226804
FBGL,FBS Global Limited Ordinary Shares,PASSA_FASE0,,0,0.56005,408583.87963598414,0.2159467217174795,2.393650542304622,48.78875499128893,-2.4009743695600605,202.40084061696126,117.29317155880187
ACGLN,"Arch Capital Group Ltd. Depositary Shares, each Representing a 1/1,000th Interest in a 4.550% Non-Cumulative Preferred Share, Series G",PASSA_FASE0,,0,16.33,47778.03789163492,1.2928738919773637,1.0694373436847628,53.01058542169739,0.6403263877333476,2.0590270690032693,8.700034778848892
PESI,"Perma-Fix Environmental Services, Inc.",PASSA_FASE0,,0,15.87,370805.9738783493,0.8398042670401065,1.5220089940490105,58.67931142809055,3.796723241440203,8.170050962275475,82.16556954651128
XOS,"Xos, Inc. Common Stock",PASSA_FASE0,,0,1.95,2807685.9647863805,0.04807107562126127,0.03819318777964145,35.495089406765345,-16.407673346908158,1.4956108640330135,58.30572930457015
DBGI,"Digital Brands Group, Inc. Common Stock",PASSA_FASE0,,0,12.01,135220.12204353965,0.5017236422117348,0.26082254366102314,29.502225938803036,-50.229582110829305,2.691010043990697,214.72327372980882
UAA,"Under Armour, Inc.",PASSA_FASE0,,0,7.06,8668880.130191205,0.8359572484889303,0.8701361417430079,56.96707219190465,1.9789108767875208,1.9507065129911303,47.69514754269705
VRME,"VerifyMe, Inc. Common Stock",PASSA_FASE0,,0,0.7087,65517.97793746032,0.46992879770174223,0.6358740641846024,63.03669438989605,8.389603040475958,3.0990935446019527,38.04128886774926
COCH,"Envoy Medical, Inc. Class A Common Stock",PASSA_FASE0,,0,0.6433,386121.9783378571,0.8752009778223686,1.029284149052243,42.6253182350838,-9.219197606649454,3.5968389723840226,70.44041845804814
JAGX,"Jaguar Health, Inc.",PASSA_FASE0,,0,0.9663,108803.11945368252,0.3213467229207888,0.7547734610610977,19.03079793050479,-46.604262044156584,9.009451713026145,154.64004142705005
FVAV,Fortress Value Acquisition Corp. V Class A Ordinary Shares,QUARENTENA,INTERRUPCAO,25,10.16,,,,,,,
ACM,Aecom,PASSA_FASE0,,0,73.57,2025033.2363502223,1.0398262609744295,0.7714818720236352,61.741229610551564,6.4750492069005405,1.406867639654054,34.24301328655883
MAMO,Massimo Group Common Stock,PASSA_FASE0,,0,1.01,290385.02131879365,0.1424305887995305,0.2340456826625975,53.89980391877205,3.5419549951304585,9.178773653242894,48.69281794077068
GPAC,General Purpose Acquisition Corp. Class A Ordinary Shares,QUARENTENA,INTERRUPCAO,33,10.01,,,,,,,
BKE,"The Buckle, Inc.",PASSA_FASE0,,0,45.0,500306.73515809525,1.0708152422507549,0.9974577654146646,57.38249384835882,5.223775896740412,1.6005238850710752,28.79757215709901
FITB,Fifth Third Bancorp,PASSA_FASE0,,0,56.57,6701052.752762413,0.8884774815875996,0.9618674055495572,50.79575763541347,-1.4494268492386997,2.058430425104313,24.149327680656068
SG,"Sweetgreen, Inc.",PASSA_FASE0,,0,6.36,5763299.017880573,0.6461661971468387,0.9748751397068108,39.54526158141182,-11.660531981387601,3.656270928488435,94.66643902857102
PLPC,Preformed Line Products Co,PASSA_FASE0,,0,283.51,101213.1184979841,1.7360609925826929,0.8459995215912198,28.441361877290362,-15.127312025601626,1.0,58.09758179446661
CL,Colgate-Palmolive Company,PASSA_FASE0,,0,93.49,5160655.155247094,1.13675125780287,0.8272827634665572,55.75134526888431,1.1550217750006642,1.0413827506214173,25.880366850146093
ACEL,"Accel Entertainment, Inc.",PASSA_FASE0,,0,12.33,317819.7000318571,0.8259615069949636,0.8272121590234884,48.65613195304817,-0.3112746088854812,1.2841831058468824,23.14754049959423
WAY,Waystar Holding Corp. Common Stock,PASSA_FASE0,,0,24.52,2678169.6018418567,1.3578975967358256,0.9768000377188677,64.49683762565493,7.992644872881827,1.8776139926335278,55.779992158242486
MIRM,"Mirum Pharmaceuticals, Inc. Common Stock",PASSA_FASE0,,0,107.57,991139.2482928728,0.6885887954417188,0.6609581588559728,38.66458999350624,-9.656666778647516,2.0567719717611794,40.380124439981884
BBCQ,Bleichroeder Acquisition Corp. II Class A Ordinary Shares,PASSA_FASE0,,0,10.21,309037.95272815874,0.9109695883943392,0.3581127959954803,39.08641247480749,-0.8713803733100156,1.1758656547363802,5.97904084128336
LRN,"Stride, Inc.",PASSA_FASE0,,0,97.71,815904.4141064447,0.7893805266433754,0.8349154874612281,65.9991407574764,9.741510504119088,2.214251265758157,43.50398857708761
GFF,Griffon Corp,PASSA_FASE0,,0,87.59,356676.27345493657,1.2847902197281902,0.8073669686941841,42.68742645686892,-3.85924088424473,1.0,37.77635787815668
JKHY,Henry (Jack) & Associates,PASSA_FASE0,,0,161.15,1545478.4515221906,0.6132169109912642,0.7785152826250353,70.08498625407677,7.47076898452963,2.002528371595698,31.277228114124284
OMDA,"Omada Health, Inc. Common Stock",PASSA_FASE0,,0,19.61,1214178.6374972223,0.6925291949026929,1.0434383739545479,36.10526779021125,-12.801814220285468,3.0261541028366143,34.85697675984897
HSHP,Himalaya Shipping Ltd.,PASSA_FASE0,,0,14.62,318538.10690063494,1.0652284644199461,0.9198768549481697,46.08285910401522,-3.175601841120579,1.151683409451066,50.9262451483766
AMAT,Applied Materials Inc,PASSA_FASE0,,0,436.45,9593987.159942985,1.0597186693355363,0.9743675799000031,33.606432980867936,-21.902330046532935,1.5825030043519666,73.96119813456582
YSXT,"YSX Tech. Co., Ltd Class A Ordinary Shares",PASSA_FASE0,,0,0.9198,191557.84333482542,0.0372785570962928,2.7907511062553345,47.59046742691768,-1.6209336278216524,980.5427811230919,195.77592624678812
AEG,Aegon Ltd.,PASSA_FASE0,,0,9.02,4811258.79996573,1.8124111524907185,1.0701681071866318,57.272558957217115,1.00783874580066,1.0,16.445245042337227
KROS,"Keros Therapeutics, Inc. Common Stock",PASSA_FASE0,,0,9.97,293374.31948676193,0.5599487029689135,0.7640072807963137,38.77275290279371,-7.732173430197586,2.4569323609293967,46.59134930214351
CIEN,Ciena Corporation,PASSA_FASE0,,0,330.37,2730042.1584785236,0.9651339022132276,0.7247537236642331,30.28167740378875,-19.588853379935788,1.5867273178775356,73.00076222723692
FCF,First Commonwealth Financial Corporation,PASSA_FASE0,,0,21.79,737415.1926666825,2.11503423948573,0.9825175017627285,71.9198779383947,5.050018078823659,1.0,20.93195351434225
ARVN,"Arvinas, Inc",PASSA_FASE0,,0,8.22,814004.7529776349,0.9096676219940264,0.7268320976081641,50.19414324834214,-0.3757120349048404,1.1403736941365963,26.854673755134822
NEXT,NextDecade Corporation Common Stock,PASSA_FASE0,,0,6.34,2989919.668574285,1.225284981550995,0.8723727626467987,34.72304123719954,-15.7307104406194,1.6353117352060091,70.1236430875862
LADR,LADDER CAPITAL CORP,PASSA_FASE0,,0,9.81,928316.489260635,2.3146955300410585,1.1768332016592846,47.081985469274066,-0.20853466252988007,1.147980068869456,23.765271516683345
DAVE,Dave Inc. Class A Common Stock,PASSA_FASE0,,0,378.99,573167.847444635,0.7279246118447031,0.8578584085148727,47.88041819089692,-6.972120355233491,2.559570938363349,51.12989560796094
CSL,"Carlisle Companies, Inc.",PASSA_FASE0,,0,334.54,451152.4810470794,2.4567262723561054,1.2434117608872486,45.60445592313049,-1.918876526379043,1.0,40.82602796287064
CLDT,CHATHAM LODGING TRUST,PASSA_FASE0,,0,13.54,437636.20740382536,0.5321594221615684,0.7895610205890833,60.441417872257674,2.7509011572756537,2.227845704630939,24.498208103718948
NMTC,NeuroOne Medical Technologies Corporation Common Stock,PASSA_FASE0,,0,1.65,39367.7984647619,0.8562841861013342,1.370299546004249,18.164067084028886,-31.264319933347227,13.040489959030559,66.57389250284932
PNNT,Pennant Investment Corp,PASSA_FASE0,,0,3.37,807954.2739154921,0.9853067635858143,0.7448593187824964,45.486528195834985,0.014838996883814737,1.5547214991453915,27.357540332060886
WH,"Wyndham Hotels & Resorts, Inc. Common Stock",PASSA_FASE0,,0,75.58,1376471.420581746,1.0372305650571338,1.0388051057520897,40.751159476509926,-2.836610465826339,1.7105136428868608,30.761588747055026
INCR,Intercure Ltd. Ordinary Shares,PASSA_FASE0,,0,0.8763,49100.84822633334,0.49008677479617097,0.44413345558161826,40.29298362007405,-8.948276220361162,5.0764982418918505,53.53953498373157
CHWY,"Chewy, Inc.",PASSA_FASE0,,0,23.3,9578392.385037428,0.8633699751190227,0.8800624851767763,64.55688096686848,9.833129065711299,1.4282072591758996,45.35140924409469
CAPS,Capstone Holding Corp. Common Stock,PASSA_FASE0,,0,0.2493,2417122.9510901757,0.019720908778968295,0.12770792144434603,45.23876011629143,-1.2849195192936036,71.43336636515029,65.11797206303407
MELI,"Mercado Libre, Inc",PASSA_FASE0,,0,1863.31,534169.9339657619,0.558304052187848,0.6768045084817007,63.48191613916909,2.239344021228007,1.7041265396324174,20.944845038781395
HOLO,MicroCloud Hologram Inc. Ordinary Shares,PASSA_FASE0,,0,1.55,532630.7269253492,0.3578053654379396,0.5967655834015545,46.31114038386872,0.2911679068262618,4.212504892886468,53.681912722021316
CENN,Cenntro Inc. Common Stock,PASSA_FASE0,,0,3.48,13032.496678126983,0.439461667817829,0.519830342816834,47.71390433686504,1.4849463996173817,2.12086836744717,41.75481771615976
CRWV,"CoreWeave, Inc. Class A Common Stock",PASSA_FASE0,,0,60.82,28579663.990764596,1.2991794964139693,0.8939822226800335,28.556999408608007,-22.99608776572173,1.638887788572332,93.63588789108856
BOOM,DMC Global Inc. Common Stock,PASSA_FASE0,,0,5.42,323428.03432668257,1.6945322624581947,0.6333536991026398,31.18159449565026,-12.524209167204647,1.0,50.44563061547238
BSVN,Bank7 Corp. Common stock,PASSA_FASE0,,0,50.32,21139.113338746032,0.8935622175494943,1.6774177321598782,55.48026165384535,0.08751690667516687,3.86744055498739,33.65612612119816
DOUG,Douglas Elliman Inc.,PASSA_FASE0,,0,1.72,454888.5148591429,0.6445519612443715,0.8657360041395968,42.2312326681943,-6.673901247965275,3.3595797720064287,47.546793151953096
LFVN,Lifevantage Corporation Common Stock (Delaware),PASSA_FASE0,,0,6.35,447647.08217379375,0.15008202611028454,0.3034443463183644,47.56916965292805,1.0744130521289197,5.257043746447104,21.155053973509922
IBIO,"iBio, Inc. Common Stock",PASSA_FASE0,,0,1.36,962789.2695137935,0.8339296699094517,1.0824944819451674,35.88479998653463,-7.545887151597541,6.285874743470534,39.24490410899357
TRU,TransUnion,PASSA_FASE0,,0,83.73,2454397.1429753336,1.3622466790003112,1.0199654642183384,66.5622611308936,7.736352816289771,1.7966483368412294,45.595670630448396
PAGP,"Plains GP Holdings, L.P. Class A Units representing Limited Partner Interests",PASSA_FASE0,,0,26.66,1541838.4427711426,1.2901972852828079,0.7408772238870394,70.16501634076556,4.837837572135006,1.0,16.100383843068265
EVRG,"Evergy, Inc.",PASSA_FASE0,,0,84.0,2097886.3739173175,0.9672234731574516,0.9715905023730486,43.03781914711062,-2.385171842770395,1.5768004151567827,19.02909080797798
SAR,SARATOGA INVESTMENT CORP. NEW,PASSA_FASE0,,0,18.97,137208.55299088891,0.8384277452123483,1.6761064266858867,37.305307569898375,-3.105526611502729,8.896290949934038,62.658484339186685
MT,ArcelorMittal,PASSA_FASE0,,0,65.7,1980698.7694525714,0.9630930136889138,0.8817677360288889,50.54752814701453,0.5009751806952512,1.5367038978932748,38.37389308348628
PECO,"Phillips Edison & Company, Inc. Common Stock",PASSA_FASE0,,0,42.79,1031023.3493669365,0.9671029498228508,0.8681602279024531,53.04300135127859,0.2272035228257696,1.540636122500174,18.18436870440017
EYE,"National Vision Holdings, Inc. Common Stock",PASSA_FASE0,,0,21.95,2373097.6321486663,0.6308269876079913,0.7593970318868463,70.2387981349763,9.043940485357304,1.7037615563570823,34.07292730995053
OSBC,Old Second Bancorp Inc,PASSA_FASE0,,0,25.29,398921.29661542864,1.3519481354587108,1.0929273920522435,76.08943759897019,7.2178060413354395,1.3653361999372349,20.503970591135563
RBRK,"Rubrik, Inc.",PASSA_FASE0,,0,71.91,3601449.8375196187,0.6199549225571678,0.7852717790863978,41.79772615980706,-10.132720137968965,2.128359661056607,54.79901840245589
WHD,"Cactus, Inc.",PASSA_FASE0,,0,52.32,761070.0422554761,0.9606292585348961,0.9576508122274021,43.109475032907476,-1.7612377483194885,1.385926080811136,32.90254046655383
VTS,"Vitesse Energy, Inc..",PASSA_FASE0,,0,15.45,527433.4679171905,0.7904375808636697,0.8653478986141224,43.77629753099619,-1.1579553451474656,1.743937303560135,33.87251908989393
SPRY,"ARS Pharmaceuticals, Inc. Common Stock",PASSA_FASE0,,0,5.83,1930154.8345975082,3.3358606151815056,1.0351917226741585,27.113973695739872,-18.0949704973307,1.0,49.515970620732716
KDK,"Kodiak AI, Inc. Common Stock",PASSA_FASE0,,0,4.02,1187112.0561225393,0.6055289707889201,0.7366533260534766,26.436314111189702,-13.024664647338824,1.997947504172111,52.898829681549856
PKBK,Parke Bancorp Inc.,PASSA_FASE0,,0,33.86,74976.28408225397,0.4689440151025288,0.6990839516459306,59.01955773125404,2.3486382734334565,2.4628912392883504,28.166308606490215
VTR,"Ventas, Inc.",PASSA_FASE0,,0,97.72,4280982.393144682,1.0510586728399867,0.8232130213149408,64.12248781510631,3.046472145184609,1.6561946778176064,22.960245733464518
SZZL,Sizzle Acquisition Corp. II Class A ordinary shares,PASSA_FASE0,,0,10.38,43400.436317746025,0.31939771062467315,0.7937855416631714,55.40027894214667,0.0036128472849616955,16.034771317270234,1.0772930019156697
NMAX,"Newsmax, Inc.",PASSA_FASE0,,0,7.64,1288682.2824608888,0.5945473564204553,0.6667317732814231,43.70604930841736,-8.117859290438945,3.1857843842084055,59.209369561330405
GOGO,Gogo Inc.,PASSA_FASE0,,0,3.88,1867043.8556210794,0.912365295264234,0.7913291405713507,56.68458658480043,5.967499658609876,1.4042713873449924,62.516002204768505
AIRE,reAlpha Tech Corp. Common Stock,PASSA_FASE0,,0,1.31,123431.35215114287,0.2701034281401681,0.5703707610550398,33.91538601165742,-19.198149575944477,12.043522234196285,116.36700381089496
GETY,"Getty Images Holdings, Inc.",PASSA_FASE0,,0,0.3787,7649284.58909189,0.6762067820928166,0.7418294060549998,28.385962382073743,-38.91639918060551,4.117489503668101,105.06608670923553
BHFAL,"Brighthouse Financial, Inc. 6.25% Junior Subordinated Debentures due 2058",PASSA_FASE0,,0,15.12,21984.69956814286,1.284302108040366,1.1932619347577489,27.32998731224562,-3.4438981588565176,1.2897485446783843,12.480461582052989
BBDC,"Barings BDC, Inc.",PASSA_FASE0,,0,8.3,717288.2740072856,0.5889125998896636,0.7768711417721991,45.86219023634791,-1.7111729528095143,2.7095219052212416,20.714979649333404
XRTX,XORTX Therapeutics Inc. Common Stock,PASSA_FASE0,,0,2.06,24005.441289460316,1.0595097875233352,0.611386611103201,47.920452880776025,0.1945525291828787,2.0956200361720536,45.447775359457076
BRO,"Brown & Brown, Inc.",PASSA_FASE0,,0,74.87,3264453.2078069528,1.0881615815471866,0.8443433154351553,70.78316957403763,8.908154656270906,1.3871669500427932,40.15918676636088
WYY,WidePoint Corporation,PASSA_FASE0,,0,9.85,320345.9946566349,0.8504363262416006,0.6736832562350883,34.572637992121415,-21.391803998244274,2.362267153387412,63.13212621389543
PGR,Progressive Corporation,PASSA_FASE0,,0,219.99,3272351.3546140166,0.8955309277141055,0.960344104830906,54.994715831607415,0.09555009555008986,2.46500917856236,45.71987525699961
KOSS,Koss Corp,PASSA_FASE0,,0,3.63,22316.107191301588,0.8999753464093575,0.8600083197342191,39.283026533046716,-5.4441260744985565,2.3176624655683327,37.77951815540611
SDA,SunCar Technology Group Inc. Class A Ordinary Shares,PASSA_FASE0,,0,0.773,929230.6056001587,0.06930326844691802,0.15418268977576982,42.355867904193644,-6.718556732132608,6.603124110207589,64.68858187352872
CHD,"Church & Dwight Co., Inc.",PASSA_FASE0,,0,99.86,1969670.0194945554,1.2378989871240915,0.8188176387064655,57.41464365955894,2.4047582423216696,1.0,22.21750334040675
AIT,"Applied Industrial Technologies, Inc.",PASSA_FASE0,,0,334.36,278444.60844214284,0.8818783300953122,1.0285000610530983,50.72648645182164,0.24735035303640185,2.735050951043094,26.671428612400177
LOBO,LOBO TECHNOLOGIES LTD. Class A Ordinary Shares,PASSA_FASE0,,0,0.711,1882377.399942492,0.027779153951060783,0.15668555425820063,48.99410385987126,0.15812587383030596,83.66499786334795,91.36956816013976
SITM,SiTime Corporation Common Stock,PASSA_FASE0,,0,462.16,576602.6464308096,0.8883502625867071,0.7741898501150332,29.66890338915688,-21.021849038192887,1.6632791609793296,80.11951396025727
GLND,Greenland Energy Company Common Stock,PASSA_FASE0,,0,1.83,1353673.9018979205,0.2850914488540549,0.6214391836688348,32.00073150524703,-13.943098988948977,3.0331635827175623,74.38036573418694
JAN,"Janus Living, Inc.",PASSA_FASE0,,0,31.36,1297876.5623063336,0.7628366969480088,0.8607045659854801,68.15879018108787,4.444555461191313,1.9867131782973837,22.680178678903093
FLGT,"Fulgent Genetics, Inc. Common Stock",PASSA_FASE0,,0,19.64,425774.9601253809,0.5098692766152151,0.5588322188111605,48.743524808027175,-3.3083891295785595,1.472306446898753,26.444230929394223
ORIC,"Oric Pharmaceuticals, Inc. Common Stock",PASSA_FASE0,,0,11.28,1650842.915445048,1.1314988859175792,0.9999011178439082,57.5227504294457,2.164658998279134,1.9343303735539512,62.70530483174822
GCT,GigaCloud Technology Inc Class A Ordinary Shares,PASSA_FASE0,,0,41.59,736780.1265413652,0.9250328277112342,0.840563039226235,69.33471094912119,14.16571734445984,1.1716293769005652,45.54812927922326
GABC,"German American Bancorp, Inc.",PASSA_FASE0,,0,51.31,160229.69076631742,1.3443094401719946,1.060784620250793,73.01377451281664,6.603783385101258,1.6499322590920837,23.764301602838284
WTRG,"Essential Utilities, Inc.",PASSA_FASE0,,0,40.7,1962819.7927278727,1.0149833786209455,1.046487139000222,66.67230139084327,3.9392198174040827,1.4918422256244723,24.569077692860173
NC,"NACCO Industries, Inc.",PASSA_FASE0,,0,47.61,12663.381000349205,0.6496586022147748,0.984322549574736,46.22969031139253,0.21364597914055317,3.1306086532693387,24.07746428331684
CNI,Canadian National Railway,PASSA_FASE0,,0,129.84,1572098.9180744286,1.313239839096599,0.9950159894232193,67.43824237967118,3.105308922849681,1.3011699823238587,17.176926869382704
PKE,Park Aerospace Corp. Common Stock,PASSA_FASE0,,0,33.09,326337.1231893175,1.1405961461579264,0.9671319327234643,45.342649659107764,-4.856378849305621,3.010783242204488,52.19765435809486
MTEK,Maris-Tech Ltd. Ordinary Shares,PASSA_FASE0,,0,1.04,503389.7186888255,0.10696339945171643,0.13034223480716176,46.260618514014325,-0.048053820278703974,3.427810197879464,55.30659447699456
RES,"RPC, Inc.",PASSA_FASE0,,0,5.12,1670044.2991487938,0.9802586162614981,0.8040197663136159,27.63644887187185,-9.771786060445853,1.1871377240670782,32.890649776473104
OBE,Obsidian Energy Ltd.,PASSA_FASE0,,0,9.82,874414.2613549683,1.1258160405830469,0.9692008639434968,52.445186194739854,6.884353741496585,2.248188494577778,67.77709387967602
FLS,Flowserve Corporation,PASSA_FASE0,,0,69.94,2307754.926711191,1.194430618563668,0.7899636583881937,45.67813079513018,-0.6244716146036944,1.32454513138412,38.81627917611169
UFCS,United Fire Group Inc.,PASSA_FASE0,,0,52.44,153109.18446071428,1.0328288109363906,1.0487570755378244,58.18634002566795,1.5865636078340017,1.447884758800051,33.31217574231354
ICUI,ICU Medical Inc,PASSA_FASE0,,0,166.53,299635.5656841111,1.0123549851114526,0.8883140083520945,65.58267682329293,5.800340215469779,1.398848817095486,36.46427411790587
CDP,COPT Defense Properties,PASSA_FASE0,,0,38.08,1040392.8339254127,1.303439981708121,0.8943311887243409,68.3109409689633,2.171959056089934,1.2299558681564218,16.53821089545099
GPI,"Group 1 Automotive, Inc.",PASSA_FASE0,,0,357.97,193134.51604230158,1.7216953224879261,0.9663430194638133,69.07541769513776,13.880418720583098,1.0517728332791134,44.442664430676835
GROW,US Global Investors Inc,PASSA_FASE0,,0,2.93,25779.526640047614,0.7933623549250021,0.7501543999030652,47.83363948933665,-1.4131897711978425,4.45740668304738,22.79216955643083
IMUX,"Immunic, Inc. Common Stock",PASSA_FASE0,,0,13.05,226020.81412309528,0.40735615942369086,0.6747367884580892,36.295709943118844,-10.585817060637194,2.854036030471467,41.72420274185288
KGC,Kinross Gold Corporation,PASSA_FASE0,,0,23.21,8182436.240486333,1.0947448678420242,0.8965844035375656,42.13515277219023,-1.8729125269521862,1.2720579361574982,41.4910168982768
TEX,Terex Corporation,PASSA_FASE0,,0,64.56,1342247.2902501423,2.0914361716452734,0.9130598559889848,45.40878878416374,-3.084163357827485,1.0,46.01716384598665
MAN,ManpowerGroup,PASSA_FASE0,,0,55.86,1223670.7995118252,1.413665844126636,1.3269021786366977,77.12312899122225,22.33768793596216,3.09681937238803,106.39813229376065
CVX,Chevron Corporation,PASSA_FASE0,,0,191.86,9238695.064533236,0.8775861465110091,0.8946756404447098,61.82169712953379,5.053071348589944,1.2302155996630877,23.149841883086513
PDCC,Pearl Diver Credit Company Inc.,PASSA_FASE0,,0,9.16,10362.2218215873,0.8563865503740642,0.6373067592214894,37.72697010134439,-3.6465469226064195,6.899339123793449,29.01296682657179
EMA,Emera Incorporated,PASSA_FASE0,,0,54.02,409483.5438560159,0.9369843337633876,1.0976044404538698,52.189264093304175,0.21612696763659844,2.701646033613047,18.64458693843881
SBFM,Sunshine Biopharma Inc.,PASSA_FASE0,,0,1.23,1611506.268527889,0.046524620013727536,0.032805283718097496,21.08983531888562,-33.710590137429264,1.4412818404015495,70.90374803355071
PKG,Packaging Corp of America,PASSA_FASE0,,0,249.43,721302.640109889,1.2873144798271337,1.0151332488331777,64.68541734236291,6.199400092391727,1.6308684664864346,37.512713528153455
CNMD,CONMED Corporation,PASSA_FASE0,,0,43.21,616876.7632274764,1.2370559490641715,1.2460678494431294,61.065948045490956,7.740833551507897,3.2165751469579402,59.62731550307453
MCD,McDonald's Corporation,PASSA_FASE0,,0,271.52,4538833.001801413,0.8051730841880613,0.9984443643531146,49.55042002306529,0.06873460151435307,1.8814540154018178,24.67162558917378
TRN,"Trinity Industries, Inc.",PASSA_FASE0,,0,36.7,742655.3165950001,1.6669712296560897,0.9155508098761083,54.27423693779941,1.938781178823401,1.0,36.33412784179743
LAKE,Lakeland Industries Inc,PASSA_FASE0,,0,10.91,143891.2614283492,0.49190402705063035,0.5193670472206756,48.52528483111881,-3.1556522125072095,2.2056216696366895,49.59282905648991
BAX,Baxter International Inc.,PASSA_FASE0,,0,24.77,6982726.094355396,1.3510570549473768,0.8045247551859327,68.86963060002645,9.628449401403017,1.0,42.83220721727881
FUL,H.B. Fuller Company,PASSA_FASE0,,0,55.76,747107.8083669364,0.8787943516386572,1.054436496934508,42.41747171426078,-1.2957586914961405,2.278933117988743,28.449050419471316
AGYS,"Agilysys, Inc. Common Stock (DE)",PASSA_FASE0,,0,113.69,388747.2309608729,1.2015753058624723,0.747891748308589,64.11984813878041,6.735138382965933,1.2974191317374775,56.31650948405272
WING,Wingstop Inc,PASSA_FASE0,,0,139.45,1305188.4854714922,2.029981451613006,0.8797409174355448,41.54553947242262,-6.736444347840598,1.0,41.303172114745976
ELV,"Elevance Health, Inc.",PASSA_FASE0,,0,375.98,1703422.776478365,0.6230711666907667,0.9738968413768715,42.23812526253456,-5.578569213209139,3.672018739293776,50.96768186202011
WW,"WW International, Inc. Common Stock",PASSA_FASE0,,0,13.0,244708.121436873,0.5981776859202491,0.5058359073455675,35.058840122151906,-12.507992058417749,2.0340298106587418,52.44413674043773
WLY,"John Wiley & Sons, Inc. Class A",PASSA_FASE0,,0,55.72,497507.0886755555,1.1411448485937818,1.0260955013674409,71.49701346763862,9.295619936839227,1.6070735347091718,39.74044139944517
ACMR,"ACM Research, Inc. Class A Common Stock",PASSA_FASE0,,0,65.3,1643525.8981925081,1.2751741946761332,0.7489763638345881,34.207805774304404,-28.457760771735874,1.4048794778676676,113.06871109131504
AG,FIRST MAJESTIC SILVER CORP,PASSA_FASE0,,0,15.22,11949113.074704159,1.1561098364720284,0.8172352941660628,38.369754674114226,-7.844146407919828,1.0919295558035937,59.77285454634615
FNWB,First Northwest Bancorp Common Stock,PASSA_FASE0,,0,12.01,26867.840278650787,0.5848084340625324,0.8508772763014213,68.20837744298464,3.3140497645110845,2.2957549841274543,30.313121509658636
DBI,Designer Brands Inc.,PASSA_FASE0,,0,6.2,649657.1064172857,0.7552056660500277,0.835795320045702,54.15174671700038,9.569673941857392,2.029545995413442,61.3664133669764
RHP,"Ryman Hospitality Properties, Inc",PASSA_FASE0,,0,135.57,639743.3569037777,0.7974828475033867,0.8351043696090396,69.16478577454515,5.640470188535129,1.6793761735805002,24.12110501652632
CXM,"Sprinklr, Inc.",PASSA_FASE0,,0,6.45,3694858.1967809373,0.6385197637144601,0.8753829627339726,72.6391416344178,13.019099351673379,2.3486189484688924,38.6417354538779
CGON,"CG Oncology, Inc. Common stock",PASSA_FASE0,,0,69.12,1043573.2621094444,1.0580492027728883,0.9548345156509948,48.77158355016065,-2.8947534788319462,1.2419564549268551,47.98774532550835
BTBT,"Bit Digital, Inc. Ordinary Shares",PASSA_FASE0,,0,1.21,26730508.19191284,1.305284593758642,0.9232164904360367,28.872977447092893,-21.935483870967754,1.0,71.02451277830701
BCSF,"Bain Capital Specialty Finance, Inc.",PASSA_FASE0,,0,12.66,336608.08016633336,0.450120453912247,0.8290200089400892,49.70127927730256,-0.14591631502148816,2.8920164211306814,20.772146997254715
SD,"SandRidge Energy, Inc.",PASSA_FASE0,,0,13.63,337349.0962194603,1.0779996738880304,0.8447202589799364,47.35696116027294,0.28695460231036307,1.1530921029372039,28.180362013243997
KRYS,"Krystal Biotech, Inc. Common Stock",PASSA_FASE0,,0,363.28,415225.9645184444,0.857142569583195,1.3944362784974167,57.8516541967356,2.1993912148134065,13.120851646628877,44.41927178756242
MGLD,"The Marygold Companies, Inc.",PASSA_FASE0,,1,1.1,19530.393161492062,0.2568816694326453,0.6390092570336438,45.740162510932954,-3.2116146062472484,5.095475383695436,41.69356527795838
TFX,Teleflex Incorporated,PASSA_FASE0,,0,134.65,584800.9208103651,0.938545583342166,0.7303097118434466,54.65698440984033,0.9801789370270875,1.2265364177316527,30.802880567986197
TEAM,Atlassian Corporation Class A Common Stock,PASSA_FASE0,,0,104.28,5846851.842203365,0.9364427695945644,0.6270948332099829,62.902535203375216,15.34186119821479,1.118918311226738,81.07648406171396
LULU,lululemon athletica inc.,PASSA_FASE0,,0,119.03,3571721.738512286,0.6727456464346109,0.7360737175699239,52.48690985227042,2.003127878826816,1.3917346744888066,31.23605532288552
CION,CION Investment Corporation,PASSA_FASE0,,0,5.97,548909.7511956668,0.8690542245622358,0.8837482291175034,39.260580525926144,-4.18104485996309,1.7892973613120675,35.496847801682435
HLX,"Helix Energy Solutions Group, Inc.",PASSA_FASE0,,0,9.07,1595977.3709160795,1.5593980409455725,0.8186761579238291,44.10877524718688,-2.194424974389375,1.0,35.787630339272056
PD,"PagerDuty, Inc.",PASSA_FASE0,,0,10.76,2010004.3729261744,0.7780027934697615,0.8229971401365245,61.267473041884905,6.698398532401195,1.4876445427124934,66.33468513898806
CNNE,"Cannae Holdings, Inc. Common Stock",PASSA_FASE0,,0,14.85,477641.4889258571,0.9095984879936597,0.8870498799200175,54.00753469341271,0.6847921893009534,1.5856924712897316,27.561463436581903
TMC,TMC the metals company Inc. Common Stock,PASSA_FASE0,,0,3.45,5424499.008104668,0.9067837822928567,0.7531999069899847,32.15906273143554,-12.658227848101266,1.6526148306131425,60.388173926265175
GRAL,"GRAIL, Inc. Common Stock",PASSA_FASE0,,0,63.44,670443.2394023014,0.7735604607011266,0.724335682485641,40.577250887562954,-9.491675345612261,1.6103682636833678,50.60220126815893
PEB,Pebblebrook Hotel Trust,PASSA_FASE0,,0,19.24,2639788.421610206,0.9235698696863222,0.8454181406042771,58.190951279656005,2.166525063721303,1.3855353939804649,29.26863992354276
CARL,"Carlsmed, Inc. Common Stock",PASSA_FASE0,,0,12.78,167806.628207619,0.8235370732735183,0.8773085066830857,61.0053610424347,9.32888489670216,3.338470592169046,82.64158795984761
KMPR,Kemper Corporation,PASSA_FASE0,,0,30.8,1163830.989591079,0.6883038567579833,0.7601079639846365,64.71767015554268,6.836865656110169,1.4765205301618958,42.53721655159072
LCFY,Locafy Limited Ordinary Share,PASSA_FASE0,,0,2.45,13363.434161238101,2.0468181848299563,0.8723147445671245,28.621441684847127,-13.112864615657427,1.167120025436144,60.466875792194394
CHRS,"Coherus Oncology, Inc. Common Stock",PASSA_FASE0,,0,1.41,1030675.6132380952,0.5539846562558562,0.7066785908304917,43.68332124361588,-4.60081190798377,2.820967514019997,52.95329590769927
WSBF,"Waterstone Financial, Inc.",PASSA_FASE0,,0,20.57,72920.14202549207,0.7339302079429659,1.0817083657575024,62.52529383840002,3.3097282908944647,2.117951968611855,25.36265025194295
FCBC,"First Community Bankshares, Inc. (VA)",PASSA_FASE0,,0,47.64,86510.7947214603,1.274621568141094,0.9573322173753581,63.48624718937261,4.700995582514689,1.8962981141016169,28.785082602326156
LBTYK,Liberty Global Ltd. Class C Common Shares,PASSA_FASE0,,0,10.25,1241668.4811069684,0.985821951354299,1.0043144321189146,46.92507008358056,0.04148061391309188,3.324967800664792,32.264255024060354
BTE,Baytex Energy Corp.,PASSA_FASE0,,0,4.15,19417845.787076272,0.7067450212298926,0.9239511515266895,47.740033330234084,0.6060606060605878,1.8615881237073648,38.07169190576887
MOD,Modine Manufacturing Co,PASSA_FASE0,,0,178.04,1420008.379492,3.3533862167112845,0.8819308746805923,26.630731845198895,-23.423491233314476,1.0,82.19700749023158
HHH,Howard Hughes Holdings Inc.,PASSA_FASE0,,0,66.11,435681.65302982536,0.9624240829239035,0.7863056304395223,38.45239241791385,-5.7624460995687965,1.2314308754331125,22.907897012579813
MFICL,MidCap Financial Investment Corporation 8.00% Notes due 2028,PASSA_FASE0,,2,25.2265,5247.191607936508,0.6971348243634145,0.44854954628302174,42.50670221205035,-0.4776591054568291,2.090486604702023,5.321379847814973
AHRT,"AH Realty Trust, Inc.",PASSA_FASE0,,0,7.06,879758.6677655713,0.8022742297096368,0.736722416674909,54.273623832003295,0.10634526763557695,1.218849525263046,15.04227027624226
BAH,Booz Allen Hamilton Holding Corporation,PASSA_FASE0,,0,70.17,2211413.931404127,1.0805087542180891,1.1317773289295465,56.06750089608113,7.346923165181463,1.7932922471517396,45.02481688941947
GLUE,"Monte Rosa Therapeutics, Inc. Common Stock",PASSA_FASE0,,0,21.56,1165067.8502858253,1.0589984175679652,1.046424532013784,44.852253219316424,-7.654088319698471,1.4430750419989768,52.98828192896754
BOH,Bank of Hawaii Corp.,PASSA_FASE0,,0,79.62,417869.11501338094,0.9903111884656723,1.1724826736887723,40.55175217614507,-3.920066128866806,2.4685227503474088,25.730776400346695
ANGO,"AngioDynamics, Inc.",PASSA_FASE0,,0,14.63,399762.55395428574,1.087068908636937,1.3410924618009799,65.25148642993878,8.352311651761756,3.7897250801770617,50.80215269541388
FBIZ,"First Business Financial Services, Inc.",PASSA_FASE0,,0,67.575,48438.83753173017,0.948349458425973,1.3220565531439707,66.47617449208042,3.6470096514806816,3.072931781928537,22.150257679090394
FTFT,Future FinTech Group Inc.,PASSA_FASE0,,0,0.9335,70217.85399300001,1.9307233458532504,1.8140951084705415,19.79617235827351,-44.32117763542449,2.4604825462625737,91.88185392747499
HAVA,Harvard Ave Acquisition Corporation Class A Ordinary Share,QUARENTENA,INTERRUPCAO,41,10.15,,,,,,,
CAR,"Avis Budget Group, Inc.",PASSA_FASE0,,0,154.85,1013555.8738900953,0.8941795101276031,0.5364742704230148,40.780590537979094,-2.4956946355316423,1.5019794832370679,55.96148678973274
BBSI,Barrett Business Services,PASSA_FASE0,,0,40.98,237406.7742667778,1.2120239044639012,0.8262562551863966,72.83155225989378,4.8423718731811505,1.0,29.50727639012373
MS,Morgan Stanley,PASSA_FASE0,,0,203.13,5888879.049429699,1.1419113103484837,0.9699431042354334,36.85232270461424,-6.5716729985557665,1.615799409517777,33.23145387844079
ATI,ATI Inc.,PASSA_FASE0,,0,177.92,1735271.6669339521,1.3753618343863847,0.7763646921884119,39.62868141661136,-6.092978085546619,1.0,43.69244808402699
LTH,"Life Time Group Holdings, Inc.",PASSA_FASE0,,0,45.7,3081183.347449778,1.2926762331286163,0.8044020247791496,78.60319070862133,8.137526324507238,1.0913672159558279,24.305450517813377
ALV,"Autoliv, Inc.",PASSA_FASE0,,0,124.77,751020.7750580477,0.8731266913013385,1.0575956425450532,57.867555977077174,4.358953984869318,2.750437929861548,32.87952567819331
AMIX,"Autonomix Medical, Inc. Common Stock",PASSA_FASE0,,0,4.57,408244.0328072857,171.6093994993298,2.8765848843728454,44.12388324951739,-9.16138265519091,1.0,216.71427829161493
WY,Weyerhaeuser Company,PASSA_FASE0,,0,24.45,5464724.120230761,0.7702225649830722,0.8858402427764792,55.08142364660846,3.066708820739805,1.5498859746469233,28.21795022830561
BYAH,"Park Ha Biological Technology Co., Ltd. Ordinary Shares",PASSA_FASE0,,0,0.3579,4763761.538945792,0.03130183894763101,1.0995062037970331,32.841321192256174,-33.17337764790456,417.24735507687325,138.85888812312737
BUSE,First Busey Corporation Class A Common Stock,PASSA_FASE0,,0,30.715,786658.7248955396,1.918827044882063,1.1114721484011443,66.05998999348144,3.610251393585684,1.0,21.463296101705005
A,Agilent Technologies Inc.,PASSA_FASE0,,0,140.3,2419169.191536095,0.7707731626596233,0.93979335103486,62.82178383515783,4.393764648982468,2.2778383690386534,28.03526919686869
PRZO,ParaZero Technologies Ltd. Ordinary Shares,PASSA_FASE0,,0,0.3967,2598035.3219865863,0.34827561153022374,0.15462727141905044,30.33296379666406,-20.601244921241737,2.73818340195257,84.4333665549496
NWE,"NorthWestern Energy Group, Inc. Common Stock",PASSA_FASE0,,0,70.61,487987.291413508,0.8169622622040367,0.748132452773327,44.29375421483888,-1.7230820621311427,1.401028215653149,20.589982366255985
ERNA,Ernexa Therapeutics Inc. Common Stock,PASSA_FASE0,,0,3.41,2053914.397165746,0.012199197506758618,0.672213260386082,29.422723458469193,-37.13370241933849,1041.680515489799,120.85247495460946
KELYA,Kelly Services Inc,PASSA_FASE0,,0,15.81,455773.62198655563,0.8242987631304431,0.7652220902523796,71.33519984425052,8.869301749070369,1.6337775742149918,43.8099993970232
FHI,"Federated Hermes, Inc.",PASSA_FASE0,,0,60.08,696393.6167674602,0.862884219880285,0.8299990245450626,58.73062430680118,2.9498701988570852,1.4199149304602154,25.210623310722635
TSQ,"TOWNSQUARE MEDIA, INC.",PASSA_FASE0,,0,5.84,63444.38988995237,1.0477759355288192,1.0936850981892563,27.353526916551516,-11.675741076830004,2.8063143394756174,29.002230656347738
MSS,Maison Solutions Inc. Class A Common Stock,PASSA_FASE0,,0,1.64,536635.5835769841,52.12260186332088,2.7239075402093653,27.704791544076656,-39.43199025002772,1.0,173.58326444810098
PFSA,"Profusa, Inc. Common Stock",PASSA_FASE0,,0,0.991,312781.4212269207,0.41559921256221916,2.020330517604801,22.462773758311883,-51.15640055694518,61.3367059243882,209.67347114243947
LBRDK,Liberty Broadband Corporation Class C,PASSA_FASE0,,0,34.1,2042282.4167554441,1.2207749719080834,0.8203651224950664,60.069080520980414,9.352702551028603,2.328937901078787,45.46153303082146
DSX,"Diana Shipping, Inc.",PASSA_FASE0,,0,2.14,783192.5868622063,0.34827295134369013,0.5044236113278692,45.12447764291895,-0.5113900511390157,2.289506193767515,31.64724212894973
LILA,Liberty Latin America Ltd. Class A Common Stock,PASSA_FASE0,,0,8.52,707041.4600932382,1.3532398616918822,0.8970010896569138,69.50137807075953,12.594158847627845,1.0944177976538325,39.71843392764295
KVUE,Kenvue Inc.,PASSA_FASE0,,0,19.79,20308048.11408938,1.3390587834111685,0.8896050363185305,64.36179190728814,2.671854734111534,1.4662961728993589,22.18631343491163
SMID,Smith-Midland Corporation Common Stock,PASSA_FASE0,,0,29.25,13322.830743619046,0.6827334877279357,1.1513228813888923,46.85559554772957,-1.1882743418885733,3.8356692924197957,36.76062000369982
EPSN,Epsilon Energy Ltd.,PASSA_FASE0,,0,5.56,174243.69801488894,0.7672870733527242,0.8272072791133814,49.92951362790796,0.9349187619134058,1.7427229712949242,42.378024667178195
MTH,Meritage Homes Corporation,PASSA_FASE0,,0,71.61,911149.2293351429,1.1748041816246466,0.9401846355408086,42.97907569294423,-4.442279720839604,1.6432374154317406,34.46250468587142
ONIT,Onity Group Inc.,PASSA_FASE0,,0,40.54,75592.75632161905,0.625818470141833,0.7087176996663925,57.99786159146952,2.8346756293994524,1.764964517179269,32.56766999880115
IDCC,"InterDigital, Inc.",PASSA_FASE0,,0,261.14,366095.578069619,1.0131131988255484,0.6578857439199899,43.21130383679384,-1.851696989571261,1.0043423551468535,22.409281822835172
MSM,"MSC Industrial Direct Co., Inc. Class A",PASSA_FASE0,,0,120.97,774139.506188905,1.1309989700013432,1.135035027703051,47.588428756590424,-2.202999312825882,2.7133682619700745,23.404275400997264
YEXT,"Yext, Inc.",PASSA_FASE0,,0,5.72,1380542.2410203177,0.5583017310613798,0.83130935789328,69.46595416304945,9.662576687116564,2.125034494111822,52.43037230483544
FDBC,"Fidelity D & D Bancorp, Inc. Common Stock",PASSA_FASE0,,0,53.04,10223.989995904762,0.5743218168593656,0.7361072363445715,61.61377603333405,2.681250604975327,2.6434264886854404,27.55469539054388
KDP,Keurig Dr Pepper Inc.,PASSA_FASE0,,0,31.45,13267056.979309192,1.3043580209074417,0.9810191631677532,54.992363789368916,1.4188971299580633,1.4568885455214837,32.86634500379437
PNC,PNC Financial Services Group,PASSA_FASE0,,0,248.49,2033996.825791,1.129651187960161,0.9918792176000195,52.361965339434306,-1.1496539104145165,1.326072259851585,18.935268875469575
CVKD,"Cadrenal Therapeutics, Inc. Common Stock",PASSA_FASE0,,0,1.97,78334.60486298411,0.17580460033069706,1.1976090329394202,27.32725393769053,-21.88739095955591,34.84521889308608,87.24823920026965
PBF,PBF ENERGY INC.,PASSA_FASE0,,0,63.35,2930439.7541413335,1.2269846121093761,0.9920981880097144,67.3901210314614,9.350456561890486,1.1913581142619443,56.493065017884994
NXL,"Nexalin Technology, Inc. Common Stock",PASSA_FASE0,,0,0.3611,606434.5556485715,0.23227343007911888,0.4768554995262022,41.62434196521499,-15.120173943703374,4.916609460716034,154.38223490768215
RYTM,"Rhythm Pharmaceuticals, Inc. Common Stock",PASSA_FASE0,,0,106.53,807095.9226137459,0.622224581304615,0.8451988654674588,52.981343552769424,-1.792587197912876,2.2848444800873473,38.10116869441369
HLIO,"Helios Technologies, Inc.",PASSA_FASE0,,0,74.83,361889.70786530164,1.040733330457646,0.8686884016142312,31.30301312333134,-6.84501764628992,1.6309497625641427,27.964340643687024
IOVA,"Iovance Biotherapeutics, Inc. Common Stock",PASSA_FASE0,,0,4.56,15336787.159542572,0.703822106690235,1.0729605582435824,49.89258349027623,-0.8911106281243475,4.0482095622189425,94.328286652594
IMTX,Immatics N.V. Ordinary Shares,PASSA_FASE0,,0,8.99,477386.8664361587,0.9089575897057675,0.7857132788614554,41.96000857280636,-4.990884831831755,1.9294102955727648,39.35192905193542
ABCL,AbCellera Biologics Inc. Common Shares,PASSA_FASE0,,0,5.39,7835008.311916682,0.7730131560372754,0.7561120944639079,40.00177024668115,-16.753542607822702,1.5512560686559793,74.54292660358101
MFI,mF International Limited Class A Ordinary Shares,PASSA_FASE0,,3,8.54,11110.680571412699,0.22592434548596127,0.8442581228403832,47.19162800957703,-1.5123732288949587,13.08893721070652,46.17312328281044
DVN,Devon Energy Corporation,PASSA_FASE0,,0,44.46,14320114.328032812,0.551426849822697,0.8245363634292099,54.445547869777315,3.234495089047318,2.3682959568601394,35.79309065259596
TECK,Teck Resources Limited,PASSA_FASE0,,0,57.48,3237378.1449568095,1.079987131943045,1.0472152557891965,45.477732359293,-1.4191999313982073,1.424125063810995,45.96462643879002
CENT,Central Garden and Pet Co,PASSA_FASE0,,0,44.16,76763.55063323808,0.9763047940040114,1.0565978335671296,56.58679310365903,1.728884230410399,1.9402869922559614,24.465061920457277
ISBA,Isabella Bank Corporation Common stock,PASSA_FASE0,,0,40.21,56136.030360507924,0.9326455391265449,0.892344151707074,52.122587843431766,1.7112069510668126,2.649359859855115,40.43648210758394
MAIR,Madison Air Solutions Corporation,PASSA_FASE0,,0,31.64,1915640.8292409363,2.667126456485331,1.2994852837578073,33.58504751214598,-9.93965615393373,1.1016839822071254,50.77524099736953
KRNY,Kearny Financial Corporation,PASSA_FASE0,,0,9.59,490545.53333517455,1.0906211078828671,1.1239837626087796,59.29340823073619,1.7048015483734247,1.6561522862111544,27.47996863566806
SRPT,"Sarepta Therapeutics,, Inc. Common Stock",PASSA_FASE0,,0,15.535,3325610.9347231905,0.8601634306876915,0.966691524249781,35.88893251660302,-11.794347684140295,1.887442695088839,46.72431063852889
OBK,"Origin Bancorp, Inc.",PASSA_FASE0,,0,55.08,152656.90878698413,1.0917318707308308,1.0445834681109183,71.10354696180354,5.571847507331373,1.4416106961899118,21.660047977450947
GLOB,GLOBANT S.A.,PASSA_FASE0,,0,38.15,2006961.222351445,1.1211387757271682,0.9649026587383859,66.03755285512048,19.224338640873807,1.4413842423386924,69.36921849931713
ARQ,"Arq, Inc. Common Stock",PASSA_FASE0,,0,1.94,344955.0314246984,0.6718897847112411,0.6657621903440273,28.592961992971524,-9.546567198974254,2.0059565448753727,40.036315115654354
GEMI,"Gemini Space Station, Inc. Class A Common Stock",PASSA_FASE0,,0,4.065,1894939.5464954919,0.6345628622701082,0.577925838726964,42.80010819765282,-7.197077792363449,1.7572080584947447,78.7218567884299
KIM,Kimco Realty Corp.,PASSA_FASE0,,0,26.01,4799154.378057824,0.8111546803129523,0.8096778935138125,57.022022809985316,1.62935177587622,1.4774560069000586,18.57897862315064
SANM,Sanmina  Corp,PASSA_FASE0,,0,163.85,1146040.934629778,1.011592259870293,0.6958887796625113,28.275847019462176,-20.91360831360397,1.7600220058920288,88.30411265589015
COKE,"Coca-Cola Consolidated, Inc. Common Stock",PASSA_FASE0,,0,192.39,591790.6977489208,0.7438553932149955,0.9509436273832107,59.498631978950726,4.9258826994186045,3.4210007241968907,38.02075515776552
FAMI,"Farmmi, Inc. Class A Ordinary Shares",PASSA_FASE0,,0,0.1499,464386.1009642698,0.7180771860905826,1.6686044467809549,24.581203635073223,-21.51832460732984,10.772329208371612,116.35811973601639
HCSG,Healthcare Services Group,PASSA_FASE0,,0,23.43,704989.8417931271,1.0677980702520513,1.0691169463573933,49.05889231269828,-2.852641180860782,2.2375782231406722,35.09166071990036
RZLT,"Rezolute, Inc. Common Stock (NV)",PASSA_FASE0,,0,4.7,1818959.53871554,0.44115000069140603,0.918597855888566,48.65189557866895,-3.3816425120772986,3.482939506120205,78.26773796566022
AIN,Albany International Corp Class A,PASSA_FASE0,,0,73.79,246036.01195428573,0.7144381627623684,0.8007550686671672,51.88514576086378,-0.4660385375427456,1.8900918064396104,23.763855538883018
SRTA,"Strata Critical Medical, Inc. Class A Common Stock",PASSA_FASE0,,0,4.87,1124872.7765668414,1.0480964993039317,0.9352997829535732,37.30491278777428,-5.793597059676969,1.1572580150971374,36.919718513045076
UCB,"United Community Banks, Inc.",PASSA_FASE0,,0,35.59,917425.9216677301,1.2819204733828566,1.0362552083241294,53.90183632167166,0.03794639720042792,1.2244044873839726,22.946635434884058
XBIO,"Xenetic Biosciences, Inc.",PASSA_FASE0,,0,2.48,16658.727156714285,0.13532471471515706,1.1933925770455531,33.682756038426405,-9.76404024232721,24.975518077483958,50.78179402637486
FRT,Federal Realty Investment Trust,PASSA_FASE0,,0,125.78,939597.1265662382,0.9551742598828935,0.8586241350222735,58.5607656112513,1.8210077673125324,1.8524637893244813,16.494587167675338
DHR,Danaher Corporation,PASSA_FASE0,,0,196.49,5189010.802961684,1.5828609146350334,1.2326129915446775,53.7005683965068,0.5218192049931236,3.4209842673536146,53.84477264719659
PUBM,"PubMatic, Inc. Class A Common Stock",PASSA_FASE0,,0,13.1,628673.2964502062,0.5012357915459169,0.7282309674533175,55.42629962669343,-0.87397374295336,2.651675730314199,40.089818662663646
EQIX,"Equinix, Inc. Common Stock REIT",PASSA_FASE0,,0,1008.02,589824.5535756348,1.2770158367329025,0.9577096906533982,42.03510981343215,-1.827357874059088,1.2697872521328346,30.144476933821345
CURI,CuriosityStream Inc. Class A Common Stock,PASSA_FASE0,,0,2.49,463297.81867153966,0.46711651572318164,0.7303866285594428,43.75459825371372,-4.634239754883174,3.516679932709992,47.737086018816235
BWA,BorgWarner Inc.,PASSA_FASE0,,0,62.2,3104028.4440639685,0.5538113122379537,0.7304419020728613,39.2042088178642,-2.5078369905956244,2.412590891964339,27.065916144863518
RRX,Regal Rexnord Corporation,PASSA_FASE0,,0,187.6,1080717.329324032,1.6851699220018252,0.9846702364369005,32.53309511879321,-11.139952206935899,1.1190997211773064,42.240734991944
HCA,"HCA Healthcare, Inc.",PASSA_FASE0,,0,408.18,1668444.1342122224,1.108924617290579,1.0831173063247668,57.44710329440451,3.990930282919125,2.2850002508505867,50.05943547090405
HR,Healthcare Realty Trust Incorporated,PASSA_FASE0,,0,21.81,4335640.23693827,0.8137028943749122,0.8636854222210609,67.35835760694266,3.6917298595098513,2.2711097740459794,15.99724102995434
AQST,"Aquestive Therapeutics, Inc. Common Stock",PASSA_FASE0,,0,3.6,1916976.7208985712,1.3484558207792512,0.9297093970214151,34.04316856624486,-10.26360067302302,1.1814933020909761,38.51468116824462
TPG,TPG Inc. Class A Common Stock,PASSA_FASE0,,0,42.16,2282646.966025413,0.612796671438253,0.7666843578918836,48.238242079836596,-1.1732164414388069,2.3433953657074134,28.8186225447308
NXPL,NextPlat Corp Common Stock,PASSA_FASE0,,0,5.9,27006.888609571426,0.31649332596464697,1.1348987448127363,43.99612786540301,-8.114000934433896,10.854144486692014,68.60454806946964
OKE,"Oneok, Inc.",PASSA_FASE0,,0,90.0,3871083.3915239526,0.7756220370899808,0.8992250592694733,48.96333515855641,-0.8630422929276849,1.4775581249652288,27.83861830010585
TARS,"Tarsus Pharmaceuticals, Inc. Common Stock",PASSA_FASE0,,0,58.52,971868.7769114762,0.6995210413976745,1.4907735652174563,45.70953083003694,-3.298301275695681,4.385304160105857,65.88718617846331
FCUV,Focus Universal Inc. Common Stock,PASSA_FASE0,,0,1.79,1854596.555572619,0.011166527297148914,0.02670402247574474,31.42211817046892,-34.33602347762289,11.489438735494469,119.09580284363304
ATEX,Anterix Inc. Common Stock,PASSA_FASE0,,0,88.2,448799.6901707777,0.7187455430979782,0.9579311762367899,43.76439105780882,-12.727920386490643,1.8977340814551202,68.90206841565404
ICMB,"Investcorp Credit Management BDC, Inc. Common Stock",PASSA_FASE0,,0,0.7555,90660.78267495237,0.26222272518024553,0.9497540136137506,26.331401078872887,-11.287244972846032,20.142049623490706,104.70071764901594
TXRH,"Texas Roadhouse, Inc.",PASSA_FASE0,,0,209.16,1154340.7290768248,0.8512811487504921,0.7218541980877674,70.93502908422329,8.269555787343187,1.2054651875113807,32.95589670153551
ETON,"Eton Pharmaceutcials, Inc. Common Stock",PASSA_FASE0,,0,48.13,457094.78452106344,1.5293497221182724,1.143081948695638,75.48732410287305,19.64600889949537,1.8296523800274669,66.02765666077384
CSR,Centerspace,PASSA_FASE0,,0,56.63,155826.79465384124,0.5404776436112356,0.8862176195234716,49.58586234566103,1.1927630109448195,2.3829922446323013,17.85392702671309
BLCO,Bausch + Lomb Corporation,PASSA_FASE0,,0,16.2,466048.5253687302,1.2703831690306742,0.9274920216526932,50.33552950586368,-1.2857229906770185,1.3682023351004475,30.136555021768014
MAS,Masco Corporation,PASSA_FASE0,,0,72.56,2504174.5091963806,3.695721217730929,0.9287911159912512,40.17462075896959,-7.575120689874771,1.0,50.915407443303664
NWSA,News Corporation Class A Common Stock,PASSA_FASE0,,0,28.82,5052351.92400546,0.7849190280640701,0.8042511547495692,63.427136095312356,5.082768176183161,1.7992996842695328,31.48153847346199
MSI,"Motorola Solutions, Inc. New",PASSA_FASE0,,0,434.2,1123189.0816552383,1.077035964410595,0.7784159023491273,62.64922835885043,3.8765921204987563,1.5291534603133843,22.28263482474261
OMEX,"Odyssey Marine Exploration, Inc",PASSA_FASE0,,0,0.644,778581.5050332856,0.4007985492137514,0.6535752071568863,34.81184373058157,-9.380012945712446,5.225551090330417,66.47833981267046
JPM,JPMorgan Chase & Co.,PASSA_FASE0,,0,344.71,9366022.07247322,0.8832570901541246,1.049542723464632,55.02551179948463,0.641435507557353,2.236930478757976,22.87813863694638
ELTX,"Elicio Therapeutics, Inc. Common Stock",PASSA_FASE0,,0,2.89,1660755.1338641269,0.15656638518287017,0.6330649083673501,34.48851181711224,-10.933045689190223,16.74284608437302,218.4792199178277
CWEN,"Clearway Energy, Inc. Class C Common Stock",PASSA_FASE0,,0,30.78,1317628.597589349,1.1512412182835443,0.9074034408152518,25.46704288018779,-7.163323782234976,1.1119082150293191,27.09187045694189
BRT,BRT Apartments Corp,PASSA_FASE0,,0,15.11,34914.89952101588,0.42111125676160044,0.9521482976641467,53.744984529625555,0.7669223074358245,3.5663186795853985,23.465626311118264
AQMS,"Aqua Metals, Inc. Common Stock",PASSA_FASE0,,0,2.75,96490.75296757143,0.41566792939712593,0.3429044636533192,43.05567984263973,0.1274349171672906,2.462058236541415,44.04791145152867
IONQ,"IonQ, Inc.",PASSA_FASE0,,0,31.99,27300021.64515381,0.8113384912127314,0.6656535195824042,29.759325350794015,-18.61604019589137,1.2805339402634328,64.1854998154646
GENB,"Generate Biomedicines, Inc. Common Stock",PASSA_FASE0,,0,13.08,796594.2294971109,0.9401614788181392,0.8307024000488945,38.81603345628383,-10.332653515912849,1.9465554934090892,51.01076467958021
DASH,"DoorDash, Inc. Class A Common Stock",PASSA_FASE0,,0,193.53,4813711.9332284285,0.8059046015959237,0.7882271168006962,58.616599791263845,3.285132181807038,1.420751292999933,48.617334113183
ORRF,Orrstown Financial Services Inc,PASSA_FASE0,,0,43.28,134847.57502604762,1.0297910308967468,0.9257592680664534,67.81076730542031,4.6731684311722255,1.3347787826695778,21.949127074299472
VWAV,"VisionWave Holdings, Inc. Common Stock",PASSA_FASE0,,0,2.09,751811.9927361428,0.7254280293017478,1.5605642908924917,23.627538988268697,-43.3297180043384,2.073317754479795,98.94495932497036
WLK,Westlake Corporation,PASSA_FASE0,,0,72.25,1102561.8191500634,1.2735170804376381,0.9299576404159404,29.96982532841156,-4.004570578231292,1.3136037038657091,21.06831252434135
TNL,Travel + Leisure Co.,PASSA_FASE0,,0,77.71,856245.6729612857,1.2348154155773525,0.9436359108491311,58.874029117592634,3.9438748553734193,1.7198485955814973,32.04225011640343
PSNY,Polestar Automotive Holding UK PLC Class A ADS,PASSA_FASE0,,0,13.59,146101.74781968253,1.5746809154873525,1.0820147086553418,32.4164617817661,-17.502617880503244,1.6501191009825078,83.91638967059704
ESQ,"Esquire Financial Holdings, Inc. Common Stock",PASSA_FASE0,,0,131.89,122015.97332798413,1.3496492583010953,1.2495036109709396,69.14278579756738,8.69838444151867,1.7521749109451739,40.34573140966747
LQDT,"Liquidity Services, Inc.",PASSA_FASE0,,0,38.45,191756.0463360476,1.0200759409182119,1.0509158645964791,50.28754694785064,-0.7325652693064733,2.556710784770586,28.82323230696083
NEXM,NexMetals Mining Corp. Common Shares,PASSA_FASE0,,0,2.07,34113.60798957142,1.841369673333963,0.9384935233026996,37.37919452409852,-8.447589562140656,1.4201970756283033,51.4871194333138
ENVX,Enovix Corporation Common Stock,PASSA_FASE0,,0,3.68,6666072.509204761,1.4905639402587827,0.8983016371884791,29.550079163473598,-23.592006228912542,1.0,88.38644516146502
INGM,Ingram Micro Holding Corporation,PASSA_FASE0,,0,30.13,1488820.412366095,0.6518024831965955,0.700773270499431,59.62312275261917,5.206187366877324,1.7905759346848258,40.55031629263001
HUBB,Hubbell Incorporated,PASSA_FASE0,,0,460.96,664121.8172482064,1.329168101435963,0.8524024270565085,39.20136766829581,-4.749605069165841,1.8249305510571217,37.345672633449276
CPSS,Consumer Portfolio Services,PASSA_FASE0,,0,9.62,26907.054231412694,1.5506813507399455,0.7548550841785561,55.28525987078681,3.2382689882757054,1.0,35.905885259074324
HEI.A,HEICO CORP CL A,PASSA_FASE0,,0,257.36,347348.3140995872,0.48988647477129704,0.6640609118280276,56.405464988246244,1.3867002836432496,2.184797540753142,23.139979107569918
EARN,Ellington Credit Company,PASSA_FASE0,,0,4.43,399661.26015119045,0.7698550351530326,0.9445798095837172,48.93609837438914,0.876693612660806,2.2036914915951895,14.3557984572064
PVL,Permianville Royalty Trust,PASSA_FASE0,,0,1.69,77163.55563111111,0.28182328720000255,0.7123981486065231,40.24719008239319,-0.4711425206124775,6.025651559379,23.348779776837034
DOX,Amdocs Limited,PASSA_FASE0,,0,56.82,1376970.5508612697,1.1279971905335886,0.9927058024188408,62.94765751944574,8.50759094815241,1.6169015205293595,27.969675121704018
FORR,Forrester Research Inc,PASSA_FASE0,,0,10.255,125175.84381222224,0.7517388389660854,1.0744200422651211,65.08263181946697,5.282069708947179,3.137018643069423,61.452540771235654
F,Ford Motor Company,PASSA_FASE0,,0,15.28,63649831.53526779,1.5453475520725928,0.8174987679904325,66.1089015131677,8.364951597461069,1.0,27.29205994328126
LH,Labcorp Holdings Inc.,PASSA_FASE0,,0,307.15,693785.8241579205,1.7198701832201133,1.0373685115553446,70.38420483582127,7.515025500470829,1.2622105428517036,27.83594826696043
AEBI,Aebi Schmidt Holding AG Common Stock,PASSA_FASE0,,0,13.09,280925.0676509047,1.3614904212652532,1.0909175631132508,55.14954490623469,4.653022065877854,1.397249892223329,44.078146249008256
CEG,Constellation Energy Corporation Common Stock,PASSA_FASE0,,0,257.95,3657466.033276222,0.7820596872001019,0.8908213896284557,47.4594309899422,0.9078577666679299,3.0379054187625143,37.84325855493997
THG,"The Hanover Insurance Group, Inc.",PASSA_FASE0,,0,232.34,321146.97606841265,1.6090287424780922,1.0156252843841769,73.76353217093154,7.408922697843634,1.3595601743470704,27.562697605187658
REXR,"REXFORD INDUSTRIAL REALTY, INC.",PASSA_FASE0,,0,38.69,2517320.795636143,1.2461335524800607,1.20513890576525,66.54484545804343,7.335071852632713,2.4483103336334358,39.57038993539119
RNTX,"Rein Therapeutics, Inc. Common Stock",PASSA_FASE0,,0,0.758,851252.7570076667,0.2527609205711649,0.5309848584363283,32.05887605445355,-15.507872370071052,6.255395271298205,62.252286419068525
CQP,"Cheniere Energy Partners, LP",PASSA_FASE0,,0,63.04,115718.0406618254,1.3170870689247616,0.7380610961699008,49.55697625828151,-0.7876865935899091,1.1430456074332895,31.264473981029646
ALB,Albemarle Corporation,PASSA_FASE0,,0,113.88,2264044.4603311266,1.0140306757766706,0.9388948381693917,26.666037149919617,-7.680334646626785,1.1964424409587402,27.141730569445887
CMND,Clearmind Medicine Inc. Common Shares,PASSA_FASE0,,0,1.46,1979486.3871352384,0.020633253279962866,0.4236739991389257,26.51968263081619,-23.117430226434955,221.9845584386942,78.46082334885777
EMP,"Entergy Mississippi, LLC First Mortgage Bonds, 4.90% Series due October 1, 2066",PASSA_FASE0,,0,20.04,14685.610585857143,1.1036315722281582,1.5251442867734692,39.334122756458285,-0.1512429650596614,2.489942641443822,3.777750662222305
RMNI,"Rimini Street, Inc. (DE) Common Stock",PASSA_FASE0,,0,4.94,454533.18820926984,0.9825098208172872,0.7356545571930815,66.20481413129679,6.545885905316529,1.2850822310370613,40.87844342503675
PARR,"Par Pacific Holdings, Inc. Common Stock",PASSA_FASE0,,0,83.07,1055083.7695251587,0.917503991063827,0.9118543370960832,78.08566291660307,15.338155866875859,1.5455828274663843,54.025621376314724
TAC,TransAlta Corporation,PASSA_FASE0,,0,12.43,1619066.9916070316,1.703304346696449,0.8917139747135401,33.42101473107384,-9.316407674910621,1.0130103427992563,36.06311291208125
JBGS,JBG SMITH Properties Common Shares,PASSA_FASE0,,0,14.53,565644.7622491269,0.8096168293260049,0.9031780487252953,48.14634876129868,-1.1833514689880253,1.8559184688107728,24.364228272644738
WBTN,WEBTOON Entertainment Inc. Common Stock,PASSA_FASE0,,0,9.02,341643.91334830155,0.8213388614593183,0.968973598631201,30.673977409710687,-14.417192466435791,2.4057082712669517,50.059950529821016
SSNC,SS&C Technologies Inc,PASSA_FASE0,,0,78.31,2265065.685680302,0.8644030366240549,0.8397186334144381,73.92563877615265,13.499333294683735,1.7754055642073734,42.31590199417688
STLA,Stellantis N.V.,PASSA_FASE0,,0,6.01,18779660.00560019,1.8375063234687217,0.9921305800457929,51.610506604120566,5.024027959807764,1.0,33.66090968409613
LFMD,"LifeMD, Inc. Common Stock",PASSA_FASE0,,0,3.64,945304.2717024442,0.7356280425757882,0.9171805122010096,34.42487367863872,-16.254457609570927,2.736383819742142,70.33913503588313
EZPW,Ezcorp Inc,PASSA_FASE0,,0,29.06,931643.110330635,0.8945052029089178,1.0439260385198808,36.631393745133266,-10.627239316633574,2.2546370142060566,55.29339452834423
PROF,Profound Medical Corp. Common Stock,PASSA_FASE0,,0,7.24,79178.69256749206,3.1123286936310866,1.4258341181589669,57.24935007927544,2.1372645834802695,2.4123724923794514,43.262385480715416
LITE,Lumentum Holdings Inc. Common Stock,PASSA_FASE0,,0,602.35,5559257.771794969,1.1491812641026817,0.7506266566253859,34.1328813923152,-19.81603013804395,1.0,97.28211729185003
INDI,"indie Semiconductor, Inc. Class A Common Stock",PASSA_FASE0,,0,3.01,5746866.421499048,0.7367449011429403,0.930301229632876,32.206655583149654,-24.06659939455096,1.9981297635398654,78.65176499345984
CCO,"Clear Channel Outdoor Holdings, Inc. Common Stock",PASSA_FASE0,,0,2.4,7135629.206007539,1.9729503748482928,0.7404453650532101,46.12274591294001,-0.37359900373598043,1.0,5.473202128117471
IQV,IQVIA Holdings Inc.,PASSA_FASE0,,0,247.56,1673813.713023111,1.3393195546833514,0.8556040171463072,80.75635192459967,17.686208142387194,2.2735159787128882,52.90555293408037
QSI,Quantum-Si Incorporated Class A Common Stock,PASSA_FASE0,,0,0.7023,5429624.721634712,0.7556276581309963,0.543796045774053,29.26500798576977,-17.289381171939866,1.4715196811881908,56.11103678764312
LOPE,"Grand Canyon Education, Inc",PASSA_FASE0,,0,159.31,339083.63399411115,1.5421711851981674,1.0537210166172608,66.31488434622062,8.533257939360084,1.52540372379811,39.398844272624686
TTAM,Titan America SA,PASSA_FASE0,,0,15.97,261033.96046009523,2.4680490570363425,0.8023699146399703,36.92589789912011,-7.50608131588093,1.0,43.33938775642468
FBIO,"Fortress Biotech, Inc.",PASSA_FASE0,,0,3.35,488924.05143098405,0.6642391373721223,1.150750743524161,54.133537197819265,0.9492240470091895,3.724729665654642,69.94933270973324
MAZE,"Maze Therapeutics, Inc. Common Stock",PASSA_FASE0,,0,27.27,601676.9131022381,0.5172295315810455,0.8834554968387616,44.75626083852221,-7.613344739093241,3.526310261095815,54.151274051213896
OCC,Optical Cable Corp.,PASSA_FASE0,,0,12.8,736335.3167952381,0.3111865193649528,0.34627409536782244,38.677198807037996,-17.027241641953104,2.3719147967919887,112.2400657992974
UTI,"Universal Technical Institute, Inc.",PASSA_FASE0,,0,41.04,1173805.0528499843,0.7655834100169354,0.8276913213717157,49.470426742364054,-5.12737528318461,2.2752905325912613,78.58724307909418
ANAB,"AnaptysBio, Inc. Common Stock",PASSA_FASE0,,0,52.14,669019.8047553967,0.6404045991906698,1.231897101010524,41.03776374434355,-11.678390087110447,3.6088975273832142,92.2465792802398
DDS,Dillards Inc.,PASSA_FASE0,,0,589.15,120898.51576612699,2.269462431935608,1.0033128325776786,60.289741704707005,7.558094424377515,1.0,35.97190742149949
PSTL,"Postal Realty Trust, Inc",PASSA_FASE0,,0,23.32,334401.29338292056,0.6855843002899982,0.7576244754008473,42.38528661772147,-3.194337782021217,2.0369212123589975,18.94022804317838
ARAY,Accuray Incorporated,PASSA_FASE0,,0,0.2309,3360469.1469050166,0.3440091287898604,0.3477942387189501,38.49121933418439,-8.489220038046918,3.207634750579046,83.02857727180134
FSK,FS KKR Capital Corp. Common Stock,PASSA_FASE0,,0,10.75,3065200.5972761423,0.5242659679444882,0.8104646725960742,50.13077987441072,0.08845025836787812,2.4702094290611947,23.121177752476076
RCKT,"Rocket Pharmaceuticals, Inc. Common Stock",PASSA_FASE0,,0,3.14,2453217.1538947937,0.4613263513599801,0.7927846463350043,38.71923385669121,-12.47386759581881,3.5814172480040996,58.846031519744734
ASND,Ascendis Pharma A/S Ordinary Share,PASSA_FASE0,,0,252.05,730088.6002095874,0.6945605955529628,0.7198267624313452,47.51712091002251,-3.9026101278756498,1.4586535720906857,28.113545389184114
SEI,"Solaris Energy Infrastructure, Inc.",PASSA_FASE0,,0,43.42,2756131.8198391907,1.9244592356212016,1.2576932602186999,25.58829272601659,-30.6073851513868,1.9691584105795006,84.25615526951691
BSY,"Bentley Systems, Incorporated Class B Common Stock",PASSA_FASE0,,0,36.96,3003571.2524677296,1.6177578501478236,0.9098777537750828,70.39194679931758,14.643754458885194,1.0,50.50329019504891
NEM,Newmont Corporation,PASSA_FASE0,,0,91.34,7973855.04920535,0.8403918941030685,0.9373158773682047,41.815137404407636,-2.423391038207001,1.6012981345088515,35.59855227647422
CNS,Cohen & Steers Inc.,PASSA_FASE0,,0,81.66,294146.3030917936,0.8236379259010959,0.9555775907276458,58.68685814127218,2.468864698685569,2.1654114225231003,29.218707887114764
CAPL,CrossAmerica Partners LP Common units representing limited partner interests,PASSA_FASE0,,0,21.86,42898.45459479364,1.4783755055758339,0.5687760140201239,42.49009672577788,-1.8476528298498218,1.0,10.33814262204798
PAR,PAR Technology Corp.,PASSA_FASE0,,0,17.36,1260369.6410204284,0.6046567266226686,0.7193565709039913,57.79677061597399,2.8893169358423343,2.315993226021683,58.29528109402382
RAIN,"Rain Enhancement Technologies Holdco, Inc. Class A Common Stock",PASSA_FASE0,,0,1.3502,37286.63069668254,0.1525961341555656,0.8381482590482633,37.52044495112201,-19.715060412900776,5.990293465194189,115.4949443042872
TNON,"Tenon Medical, Inc. Common Stock",PASSA_FASE0,,0,0.1929,7045629.79953573,0.06235366136167826,0.6862540213364471,30.73968159203028,-12.560627351434672,163.114925146729,64.17721157941959
FLOC,Flowco Holdings Inc.,PASSA_FASE0,,0,19.39,721389.0463320633,0.6317783320571929,0.7820830205074238,37.056992341984916,-3.802743531863173,2.0622678110558144,46.249032039850555
MUX,McEwen Inc.,PASSA_FASE0,,0,16.75,1167824.4976898574,0.7118550773977483,0.728512822504339,40.324760477505365,-4.688744736542628,1.4122170556998657,48.71917233135801
AEYE,"AudioEye, Inc. Common Stock",PASSA_FASE0,,0,5.72,132590.6891959365,0.7090462353512016,0.7809737781291621,37.262106115386345,-13.320200030307616,3.174975968784308,69.85576405426109
OPRT,Oportun Financial Corporation Common Stock,PASSA_FASE0,,0,5.7,519473.47644060326,0.5383533569533004,0.893266515663783,50.734428019772146,-1.1960478419136722,3.967987246671591,72.67551725509787
TPL,Texas Pacific Land Corporation,PASSA_FASE0,,0,389.41,399669.15517657145,0.6449210170850572,0.8039543257074583,43.485646566264876,-4.548184280514245,1.8880990591580313,37.63071594289127
ULS,UL Solutions Inc.,PASSA_FASE0,,0,92.38,934236.9471425081,0.7478209569102275,0.9936708371145632,54.99025751023484,4.023331494138982,3.0520064937850466,41.85055055575094
CCOI,"Cogent Communications Holdings, Inc.",PASSA_FASE0,,0,12.69,1373881.1930062063,1.0245972441778968,0.8939800429137991,46.446205775497475,1.6175528507367032,1.5550476837760934,86.6677266857998
CETX,CEMTREX INC.,PASSA_FASE0,,0,2.51,514228.8946559206,0.14991347206302386,2.8308460741487225,32.654325190141606,-8.59431900946831,337.4432219211455,92.78233866454664
POOL,Pool Corporation,PASSA_FASE0,,0,193.45,1027292.0283107461,1.0124611504523247,0.8480860210880178,44.964550792250456,-4.371382104175625,1.9768707144043254,38.98122393514079
FLXS,Flexsteel Industries,PASSA_FASE0,,0,75.35,51161.12755660318,0.9333332922182054,0.8713304465246573,63.66730925439361,2.6643685834769615,1.4125346547037885,32.42212073346441
APEI,"American Public Education, Inc.",PASSA_FASE0,,0,51.22,281502.547447619,2.095048644740029,1.1909255703088506,47.2701820421332,-3.689670895834607,1.8257381714466698,68.33273993153594
MWH,"SOLV Energy, Inc. Class A Common Stock",PASSA_FASE0,,0,23.86,1970844.6608778094,0.7425718170016319,1.12084094792256,31.85655096991455,-16.539137582748154,4.619649737482696,72.44240270391502
MHK,"Mohawk Industries, Inc.",PASSA_FASE0,,0,113.38,808339.6992334921,0.9210789455052304,0.8675796094317855,52.258358940168435,0.9284563411876556,1.3763276630818817,36.94767454133551
HYPR,"Hyperfine, Inc. Class A Common Stock",PASSA_FASE0,,0,0.891,1066740.2244690952,0.676234132618385,0.9201677409537279,27.570727854585698,-15.569432533722495,3.408706761103383,45.535655848084865
ZVRA,"Zevra Therapeutics, Inc. Common Stock",PASSA_FASE0,,0,9.78,1799807.5325071586,0.5797207996604771,0.8826660375953178,30.06277331269743,-22.026668792728888,6.652594346884156,102.19039820393454
DMAA,Drugs Made In America Acquisition Corp. Ordinary Shares,PASSA_FASE0,,3,10.71,36881.6846886508,0.25885476980225347,1.5950666019264768,68.05760537014822,0.3913952107399199,23.608048440557244,2.0262659887821175
PGC,Peapack-Gladstone Financial Corp,PASSA_FASE0,,0,46.01,176719.8577696508,1.5122169489256718,1.4326539046993274,49.31525891057484,-1.17808778203764,3.0157500165205704,29.370697762491094
DPRO,Draganfly Inc. Common Shares,PASSA_FASE0,,0,3.8,1520736.272975381,0.8441901579661887,0.6144001763100418,31.2586955909495,-16.652958271645556,1.3727805073804955,64.03063194756243
ROST,Ross Stores Inc,PASSA_FASE0,,0,251.96,3093572.6978602703,0.8219675123363961,0.7609314710028757,71.6616671745242,10.210044703391684,1.3071133620233175,22.553823769265776
USAU,U.S. Gold Corp. Common Stock,PASSA_FASE0,,0,12.92,233356.15884815872,1.2218124068562577,1.0048106620737265,33.44560657615256,-11.25002146622932,1.2120024955204802,51.6728515301165
IRMD,iRadimed Corporation,PASSA_FASE0,,0,94.26,137063.48416300002,0.8135429004664181,0.8658330123099688,47.51388813665849,-2.294918838236204,2.4746470416743453,37.60641649853606
LBRDA,Liberty Broadband Corporation Class A,PASSA_FASE0,,0,34.06,226254.0621575238,1.5045709694131117,1.0264553671436796,60.108424769005246,9.329609835171016,1.3010723428724458,45.47794700105059
IRM,Iron Mountain Inc.,PASSA_FASE0,,0,120.75,1750454.2539927145,1.0298208560093585,1.1698043948189192,43.15138679828894,-1.1165841614563243,1.6407867200711166,31.387903446139294
MERC,Mercer International Inc,PASSA_FASE0,,0,0.6049,588200.6655427937,0.5506553857383139,1.2190767780175713,39.97635421192445,-7.755182957049501,5.444044043662255,115.02433180385296
OSIS,OSI Systems Inc,PASSA_FASE0,,0,214.02,286735.8941853016,0.49669214479984897,0.66784841491469,46.35252521940346,-0.7282341481515853,1.965055804798304,25.427094883094142
MBOT,"Microbot Medical, Inc. Common Stock",PASSA_FASE0,,0,1.67,1205293.4428091268,0.5006640730041402,0.5451937123965279,33.88903439678822,-8.090258668134299,2.87087556024088,26.191452852475233
PII,Polaris Inc.,PASSA_FASE0,,0,67.28,912069.2365019366,1.7800068834857066,0.8878791727298662,43.52493624386958,-3.03309817034062,1.0874821046377607,45.69145783870131
ORA,"Ormat Technologies, Inc.",PASSA_FASE0,,0,94.33,929714.4374155238,1.541738149347864,0.8979531366883347,26.0116092553,-11.096659880871606,1.0,35.778398641512936
JBTM,JBT Marel Corporation,PASSA_FASE0,,0,141.16,547710.601896635,0.8246767308445175,0.8587071739655868,55.720737533206304,1.6504882334303028,1.3954555005065226,34.78484676058696
STEP,StepStone Group Inc. Class A Common Stock,PASSA_FASE0,,0,43.0,1309972.9518621587,0.797029548924506,1.03335289511847,48.216783030765896,0.2979782959839916,4.265274741724727,47.63835868663015
TK,Teekay Corporation Ltd.,PASSA_FASE0,,0,11.45,600698.9711234284,0.9692330804864473,0.8841352538425982,54.97139139087927,5.074791226943187,1.6807194042162696,32.751755297779425
COHU,Cohu Inc,PASSA_FASE0,,0,39.34,1432473.7091478575,1.2503270016630579,0.7546741602724698,31.218503223058775,-26.14980289093297,1.5023176159058989,100.61378675556425
EVCM,EverCommerce Inc. Common Stock,PASSA_FASE0,,0,12.12,153019.08260219044,0.8471821785719182,1.212950059424439,65.81144180742069,9.391218015253378,4.356018391321763,51.315040772578755
BWIN,"The Baldwin Insurance Group, Inc. Class A Common Stock",PASSA_FASE0,,0,28.22,1627991.3365250956,0.5845468584791393,0.7994171408145194,61.789327339413695,4.782414971038174,2.268154489220575,51.18153517737585
HROW,"Harrow, Inc. Common Stock",PASSA_FASE0,,0,38.68,825119.3092298572,0.43960549709903046,0.7639450853778913,42.38524871714357,-9.172028366129725,2.617456148259029,56.50851250605486
LSCC,Lattice Semiconductor Corp,PASSA_FASE0,,0,112.96,2197545.1440494764,0.9449803492165464,0.8266897671751758,34.517071760467104,-14.035775302788744,1.534875447577603,64.21565461753003
BANR,Banner Corp.,PASSA_FASE0,,0,69.96,317070.3044368095,1.2031255170981365,1.3641599457575564,56.19972427652064,1.2068585150974531,2.7883117728542803,22.033318054712378
AGIO,"Agios Pharmaceuticals, Inc.",PASSA_FASE0,,0,35.01,1077363.9157321905,1.0723174314389947,0.9922885206408235,42.161593895874034,-9.720341933237918,2.9462027955751307,69.9131892202151
STZ,"Constellation Brands, Inc.",PASSA_FASE0,,0,131.75,2207226.8396545555,1.1289466204914345,1.0771862246407613,44.141090479199875,-0.5555303956644386,1.8118603541397902,29.926463767940636
CCEC,Capital Clean Energy Carriers Corp. Common Share,PASSA_FASE0,,0,22.72,13002.340960650794,1.1207954643015756,0.869702448130079,55.22352199598123,0.9979773732524233,1.5840786276507057,22.81573740022427
CWCO,Consolidated Water Co Inc,PASSA_FASE0,,0,29.47,103537.12133725395,1.1819184864276198,0.8287050038446208,50.64687848564592,0.881471972614456,1.204317840011675,18.596619136173548
UHAL,U-Haul Holding Company,PASSA_FASE0,,0,71.62,238535.6784795556,0.8176810105022382,0.7569212843602967,64.28123539604593,2.9807180755460516,1.3030677954929872,25.381690889934255
HUN,Huntsman Corporation,PASSA_FASE0,,0,11.96,5887816.397600445,0.528328579265779,0.7118193915774447,48.17299335707377,2.292165583304806,2.0872407312766916,55.34980005815689
KUST,"Kustom Entertainment, Inc. Common Stock",PASSA_FASE0,,0,1.08,5383101.65994765,0.11941020759623759,1.9113845289518576,43.25169040114094,-4.02772532379535,132.0562786733361,240.06971691517137
CWST,Casella Waste Systems Inc,PASSA_FASE0,,0,90.48,732261.6972865239,0.8904369194226317,0.9294564699492789,45.66276236332497,-4.2797975149562735,1.5808079658503496,33.24493957466445
CNO,"CNO Financial Group, Inc.",PASSA_FASE0,,0,52.95,802186.799664286,0.859898412318278,0.9201484387544231,56.88430106442521,0.2726962845131409,1.5135365705389936,15.231464157153344
IOSP,Innospec Inc.,PASSA_FASE0,,0,84.95,198524.23844290475,0.7076655550571691,0.7287563279700405,56.738992559441144,1.8847784500800602,1.3756059325421055,18.090988419223315
RDZN,"Roadzen, Inc. Ordinary Shares",PASSA_FASE0,,0,1.16,729523.7285996985,0.6883835384819414,0.561303696594824,38.67866684549537,-4.132231404958697,1.2913390859883809,53.45847290765312
EXPE,"Expedia Group, Inc. Common Stock",PASSA_FASE0,,0,304.27,1626655.3363981743,1.5342163185435336,0.8543080470044248,73.99195107821151,12.8053979905832,1.0,40.11092412020823
MICC,The Magnum Ice Cream Company N.V.,PASSA_FASE0,,0,18.24,1543562.3527316826,0.4664073144372323,0.773558786132049,53.826071321345026,-0.8399249775748352,3.4913181565197426,28.661735129687244
CGABL,The Carlyle Group Inc. 4.625% Subordinated Notes due 2061,PASSA_FASE0,,0,16.345,19893.06579365079,0.8036101707913865,0.9927337643603973,47.95785894958869,-0.22738024386154132,2.2463651621047314,6.0984411643000085
BNC,CEA Industries Inc. Common Stock,PASSA_FASE0,,0,2.5,383572.2519140794,0.5416448065084187,0.5442681313784498,40.50577297476592,-11.473087818696893,2.4944330990925128,55.763018300677956
AS,"Amer Sports, Inc.",PASSA_FASE0,,0,36.06,4230531.091461365,0.7282479310108944,0.8784601783343471,56.458563601777506,3.5032075661246553,3.179112451427749,35.31826866530243
BNZI,"Banzai International, Inc. Class A Common Stock",PASSA_FASE0,,0,1.75,401964.41399041266,0.39014183702774347,0.7068877236343541,30.846772932061043,-31.493442943824622,11.610237785028882,146.4377780132278
SMHI,SEACOR Marine Holdings Inc. Common Stock,PASSA_FASE0,,0,7.72,112518.23348069841,1.8779499007087364,0.9426829310601936,49.06962076688955,-1.4174434938066693,1.0,43.46482363452206
ACVA,ACV Auctions Inc.,PASSA_FASE0,,0,8.07,3477852.489368571,0.43116364025440573,0.8583668948545163,65.28031791383032,8.256757663156478,3.838032597515356,47.489018391147994
TSEM,Tower Semiconductor Ltd,PASSA_FASE0,,0,187.84,2045775.7772814287,0.9370293677391083,0.8688679776536554,35.285911297469184,-18.4384152285344,2.382541975183282,95.82489404492007
UA,"Under Armour, Inc. Class C Common Stock, $0.0003 1/3 par value",PASSA_FASE0,,0,6.91,3228750.9089344437,0.7035168478387317,0.8006584544553319,57.63183348138955,2.1509350284574014,1.9113568558282636,46.32482613261424
ACA,"Arcosa, Inc. Common Stock",PASSA_FASE0,,0,144.87,646693.0840217777,1.5314451581233373,1.1909376765152853,65.27265520214904,-0.09172224022949704,2.202928980260107,3.721192399455208
PTLO,Portillo's Inc. Class A Common Stock,PASSA_FASE0,,0,4.76,1670503.9955841587,0.5704751435310108,0.6514150504388468,56.93350510633371,2.5806799202629183,2.06389989445127,49.95973540731284
TRUG,"TruGolf Holdings, Inc. Class A Common Stock",PASSA_FASE0,,0,1.17,391466.218278254,0.20181976953077174,2.4240325063281793,39.25620718621238,-7.837731390311154,181.05632167166158,71.12080305881446
DJCO,Daily Journal Corp,PASSA_FASE0,,0,599.8,34881.57396531747,1.9691721948756062,1.0897965101287257,61.43523007771566,2.6277178678826507,1.14315055896699,29.602611979918088
GLAD,Gladstone Capital Corp,PASSA_FASE0,,0,18.9,168133.55136038095,0.7300277767279887,0.9679573156547832,42.80831628859223,-3.0371434434639744,2.2865832204943386,19.514759294642545
QTTB,Q32 Bio Inc. Common Stock,PASSA_FASE0,,0,14.64,1458898.7874302855,0.4939613386397692,1.785293321591928,51.46496328594941,-1.571560635347491,38.66966976381454,252.18527434409287
CRWS,Crown Crafts Inc,PASSA_FASE0,,0,2.94,41188.56834328571,0.7366429793607049,1.2915601539042547,49.684956180996,-1.4745308310992078,3.517467520484154,24.91091435857261
PAX,Patria Investments Limited Class A Common Shares,PASSA_FASE0,,0,10.68,912209.0579617459,1.5457439418543144,0.8569057631842,39.202804554689365,-3.036905896772457,1.0504766470412013,20.775376221600883
ATEC,"Alphatec Holdings, Inc.",PASSA_FASE0,,0,9.65,3459505.8359473012,0.7024525793732519,0.6582231738474766,61.06094565549308,7.770053326632631,1.3828631025542275,60.54061482583338
PHG,KONINKLIJKE PHILIPS  N.V.,PASSA_FASE0,,0,26.1,1275497.6314072856,1.3281995793538588,0.9975045596421659,45.541250838063135,-2.7389603130240303,3.732541730376251,32.470665379737554
EFX,"Equifax, Incorporated",PASSA_FASE0,,0,187.05,1784038.536902778,0.8993771882201439,1.0685845115638835,63.649302697044746,8.028657481872493,3.9502793134953804,47.1539995449113
DIS,The Walt Disney Company,PASSA_FASE0,,0,98.48,10116592.485828541,1.0942556133482888,1.028786261068621,52.18836910628383,1.7823276196185178,1.2251417334787738,27.4299348508339
KLAC,KLA Corporation Common Stock,PASSA_FASE0,,0,170.19,12729534.278357953,1.6047390665176053,1.0508186984586716,32.246533657775814,-22.22427869290724,1.1811434040146658,79.43146691765368
MATX,"Matsons, Inc.",PASSA_FASE0,,0,201.84,283932.0789516349,1.4693161224592155,1.1608735073661607,45.47735551631261,-3.5370696947538915,1.333810025026216,39.593243307470395
SNDA,"Sonida Senior Living, Inc.",PASSA_FASE0,,0,40.75,700568.270802254,0.6052266402522833,0.7397194183632626,53.190614426069644,-0.4154447702834796,1.9918506979994326,36.62962146943689
NUVB,Nuvation Bio Inc.,PASSA_FASE0,,0,6.59,6383069.513756761,1.0783646079247915,1.0988987364645666,63.77690289494805,8.6741424802111,1.7353833417706825,52.020605507316965
CMCSA,Comcast Corp,PASSA_FASE0,,0,24.61,36229325.70044431,1.0225895735404387,1.0292151955259756,57.78435053031282,4.750148974206159,1.430837252088235,41.63916659830674
RPID,"Rapid Micro Biosystems, Inc. Class A Common Stock",PASSA_FASE0,,0,2.05,182323.76161047618,0.2596747085119354,1.2926636806266827,57.08842482373876,4.51185317359164,16.338368581054095,69.40983264527728
USNA,USANA Health Sciences Inc,PASSA_FASE0,,0,22.67,110953.1571631746,0.7069680329568339,0.8236418193675425,58.110599278959945,3.059508114742937,1.7836289636118994,48.733965943259825
TBBK,The Bancorp Inc.,PASSA_FASE0,,0,67.59,441721.6849628572,0.945575958939216,0.9417836221929663,60.2679131395584,1.5520531273945704,1.9339057681481355,33.2958704478096
LHX,"L3Harris Technologies, Inc.",PASSA_FASE0,,0,297.53,1378855.9994143497,0.929392116962394,0.9272617580816278,52.070324187601294,1.7802042924679906,1.5835310059435668,27.79444352888371
REFI,"Chicago Atlantic Real Estate Finance, Inc. Common Stock",PASSA_FASE0,,0,9.87,161535.8163166984,0.9099333589080056,0.9502730581337457,28.951912888542893,-5.9776137175517885,1.591752202342794,17.912859343725135
PBH,Prestige Consumer Healthcare Inc.,PASSA_FASE0,,0,52.19,699628.3829214443,0.5521518156166267,0.7045415559450592,62.36642439716008,5.562297734627841,2.000354019189726,34.86679327038436
VOC,VOC ENERGY TRUST,PASSA_FASE0,,0,3.32,97556.28122833333,7.216987985008582,1.1471363222822173,62.08610299698208,4.864181933038525,1.0,32.887126548753976
SF,Stifel Financial Corp.,PASSA_FASE0,,0,81.92,1374750.7720875395,1.2693686308683738,0.9137340612910835,64.31669237324707,5.759858504876791,1.0940133074162712,29.025147847611805
IVR,Invesco Mortgage Capital Inc.,PASSA_FASE0,,0,7.41,2607461.8321757778,0.9926791650626581,1.0418538842680807,32.04892760890593,-5.466607131466461,1.5932504518134132,21.843974376283377
ISSC,Innovative Solutions & Support,PASSA_FASE0,,0,17.83,438300.39450846036,1.0793022657611793,0.6660822649857658,43.90943734421886,-4.2967177477792,1.1167219037088842,39.31275745777662
KNDI,"Kandi Technologies Group, Inc. Ordinary Shares",PASSA_FASE0,,0,0.6619,953911.858432397,0.11355320234199241,0.8654416299276003,44.71833202401888,-4.573109195236579,122.2870110420449,50.45620465471209
MTA,Metalla Royalty & Streaming Ltd.,PASSA_FASE0,,0,7.37,474649.1628762857,0.6460700090583076,0.8616323972724381,50.4437455526476,0.6212028124786606,1.9948942260907712,49.54586328794334
MLP,Maui Land & Pineapple Co.,PASSA_FASE0,,0,17.81,16618.283026714285,1.2500015354538796,0.8591649563795504,58.84926201720354,4.915908220670984,1.3884269149438515,26.717492873833336
ALKS,Alkermes Inc. plc,PASSA_FASE0,,0,48.34,2238530.1047130795,1.8537322657748547,0.7640463168993301,40.3978432273199,-8.042915842337528,1.0,34.4998734953248
SAH,"Sonic Automotive, Inc.",PASSA_FASE0,,0,112.66,278531.30921876186,1.9748208689565472,0.8835160649102121,75.75221108349224,17.50533238071894,1.0,54.29465594560059
RELL,Richardson Electronics Ltd,PASSA_FASE0,,0,16.69,260279.83778606355,2.144127557543305,1.0856384770564043,46.400829978285216,-4.717048455006056,1.9102428438399983,120.6498011400482
ORN,"Orion Group Holdings, Inc",PASSA_FASE0,,0,9.08,448870.4266939048,8.004025886802282,0.9958191808566516,19.485962890330967,-31.826713717246037,1.0,99.77997846967955
DXLG,"Destination XL Group, Inc. Common Stock",PASSA_FASE0,,0,0.596,108474.50353742857,0.9582933408967615,0.3731157729266289,33.315678850960566,-5.091763207134036,1.0,26.209050714779973
ANDE,Andersons Inc/The,PASSA_FASE0,,0,70.17,334812.63878341275,0.9496039557684444,0.8997812386065006,41.24502312515092,-4.854237288135588,2.0376112906663395,42.73421336387889
TRMK,Trustmark Corp,PASSA_FASE0,,0,46.93,431088.1891845238,2.365341150001997,1.0859599089430503,56.58300757612949,0.9692445056422638,1.0,19.552669848631442
SBR,Sabine Royalty Trust,PASSA_FASE0,,0,72.75,37204.31592203174,1.2356084415673236,0.8747997429157578,44.529042048844325,-0.9139074651666523,1.2036103872875155,13.427879728025193
RMIX,"Suncrete, Inc. Class A Common Stock",PASSA_FASE0,,0,17.14,380785.1325032222,0.4641487368641012,0.7304328336583529,38.19653079552847,-11.544614749445214,3.8331522037113737,56.92198304740411
AISP,"Airship AI Holdings, Inc. Class A Common Stock",PASSA_FASE0,,0,1.71,603548.2742679523,1.5701347355609847,0.6025647709734672,22.017481687504358,-18.279569892473113,1.0,51.304114852146576
HBCP,"Home Bancorp, Inc.",PASSA_FASE0,,0,70.93,90939.24254209525,1.2064707765210747,1.190920431681822,59.513096815424845,2.3048520163849506,2.3742577432940273,25.505069540373444
RACE,Ferrari N.V.,PASSA_FASE0,,0,385.69,584129.8189547937,1.4380691001772155,0.7050345363991288,58.195746186704255,2.4323330186186265,1.0,32.391020650386096
WATT,Energous Corporation,PASSA_FASE0,,0,13.05,323978.5177054286,0.5276258887894026,0.7186512466769296,27.76990173457584,-23.131295281851916,4.2496698317612305,95.77640217600175
FERG,Ferguson Enterprises Inc.,PASSA_FASE0,,0,226.2,1345722.7385595238,1.5247062400969036,0.8845087349730478,44.25026307673966,-1.3605442176870874,1.0,25.173663470034523
KMRK,K-Tech Solutions Company Limited Class A Ordinary Shares,PASSA_FASE0,,0,1.05,811239.7154657303,0.10126020439327241,0.14366402761702968,42.18757641087127,0.6894832232142267,4.213693153900004,74.78634444796239
BCML,BayCom Corp Common Stock,PASSA_FASE0,,0,30.75,71355.95264393651,0.7248721350845178,0.6746057012062113,34.30038445513004,-7.0926807160662015,1.4687075576333517,27.85961556012882
GKOS,Glaukos Corporation,PASSA_FASE0,,0,161.66,990328.8874799681,3.1684492247303755,0.6953033209828771,69.49345957329237,5.928066416360345,1.0,38.234673572353586
AAP,ADVANCE AUTO PARTS INC,PASSA_FASE0,,0,58.43,1960564.6840475714,0.7577539651050618,0.8833546568324687,54.795478734889286,4.234120931560104,2.0664199414741207,58.81231422098051
XZO,"Exzeo Group, Inc.",PASSA_FASE0,,0,16.45,224002.2214277143,0.5350194126921828,0.7856354874973426,54.20059855337279,-1.7910447761193882,2.4859790971214806,55.93196457906414
BELFB,Bel Fuse Inc,PASSA_FASE0,,0,242.43,309752.4169275397,1.3520504035226624,0.9727405144043962,37.429061458110766,-10.542270373192586,1.1811999852694226,86.8670354922621
RSKD,Riskified Ltd.,PASSA_FASE0,,0,5.37,994127.0332751747,0.45902387228482927,0.7828765683025363,62.72288973462427,3.6979820411315867,4.796889197399553,28.157874171006597
OCG,Oriental Culture Holding LTD Ordinary Shares,PASSA_FASE0,,0,1.65,994976.3198087936,0.20631632197080732,0.20726350582165623,48.26193268570695,1.6949152542372836,5.330121009381071,77.86923634484324
ARCB,ArcBest Corporation,PASSA_FASE0,,0,141.49,394553.2152368729,1.6714124730300008,0.8511449683539818,40.679582925365565,-5.875074423818283,1.0,42.49586062526106
TFPM,Triple Flag Precious Metals Corp.,PASSA_FASE0,,0,28.7,650084.689531238,0.7240091854084242,0.9143584341370453,48.51352954245488,0.38123885138678926,2.868057225725305,39.420174128395715
XMTR,"Xometry, Inc. Class A Common Stock",PASSA_FASE0,,0,80.97,946014.3411502223,0.7540825582418099,0.9634164684744703,35.731757755460066,-13.298836328397934,2.300836737604499,63.11565310500203
STT,State Street Corporation,PASSA_FASE0,,0,176.04,2288946.342407952,0.9101520559627437,1.0702913587725214,46.89848937281103,-2.595839684836354,2.680053326108002,25.392155102509296
WPAC,White Pearl Acquisition Corp.,QUARENTENA,INTERRUPCAO,18,9.98,,,,,,,
PFXNZ,PhenixFIN Corporation 5.25% Notes due 2028,QUARENTENA,INTERRUPCAO,15,23.8,,,,,,,
INBX,"Inhibrx Biosciences, Inc. Common Stock",PASSA_FASE0,,0,79.25,390188.9191474921,0.5489635082128824,0.7743366504937612,33.589689274567405,-12.08974056767288,3.1685278136360058,58.15862692338817
TFII,TFI International Inc.,PASSA_FASE0,,0,141.03,378804.5091886508,1.6190485202132725,0.9138195525614958,39.76058870798115,-4.731989056641995,1.2288255477344259,38.53236962790547
MAT,"Mattel, Inc.",PASSA_FASE0,,0,15.37,4779787.74237681,0.7380927531655818,1.085739203052405,66.4642290109768,9.597832287507124,2.718882501376996,37.12229077342448
ERAS,"Erasca, Inc. Common Stock",PASSA_FASE0,,0,17.72,6290635.912008556,0.6670601325218285,0.7800291476719431,48.62699199782154,-6.228501878605086,2.528122686410388,68.09951479372631
DERM,Journey Medical Corporation Common Stock,PASSA_FASE0,,0,6.15,264934.8181822539,0.692524946169154,0.6375135236177627,40.11784524229382,-10.431458219552137,1.7094700794198268,52.849534633219484
BTOG,Bit Origin Limited Class A Ordinary Shares,PASSA_FASE0,,0,0.8151,900316.918748508,0.059841150241729014,1.6589849537770613,25.76575721491278,-17.621737229310074,256.85290837112996,65.28809698658654
UHAL.B,U-Haul Holding Company,PASSA_FASE0,,0,63.28,444436.48811042844,0.5527066108441696,0.7897961689873312,66.19462629024503,3.765772709011439,1.8937789519631163,24.447453456627404
AXG,Solowin Holdings Class A Ordinary Share,PASSA_FASE0,,0,3.12,138994.35654961903,0.9652766006517963,0.8844744568723785,33.32096161798307,-3.195780328886133,5.100378347288474,18.180519403878797
IHRT,"iHeartMedia, Inc. Class A Common Stock",PASSA_FASE0,,0,3.51,1211362.5021337457,0.37728702462637353,0.5316262848141201,36.907512705952236,-9.884467265725306,1.9378622867870288,42.06855282556812
CWBC,Community West Bancshares Common Stock,PASSA_FASE0,,0,25.25,360390.2176133175,0.7861814345360578,0.8567003277076213,40.323562065139846,-5.437794921728701,2.1547108773475427,32.508637565388646
NWTG,"Newton Golf Company, Inc. Common Stock",PASSA_FASE0,,0,1.09,61771.86965790476,0.2539826329830431,1.31445812303027,55.56612049329737,11.58200765718731,41.48647989961057,103.05101120787484
CZFS,"Citizens Financial Services, Inc. Common Stock",PASSA_FASE0,,0,77.26,10903.809983253968,1.9243900831201108,1.4581237004421195,63.23538408028045,5.624367702950295,1.6604406763095694,35.640763983608075
CM,Canadian Imperial Bank of Commerce,PASSA_FASE0,,0,116.23,1341824.66470046,0.9944075069061761,0.9259439216121857,49.13641535919348,-1.005025125628145,1.4603421425553442,22.780784116795687
SUNS,"Sunrise Realty Trust, Inc. Common Stock",PASSA_FASE0,,0,7.86,98565.76022034921,0.5426461121227935,0.6308047926739738,41.931881429006275,-2.962962962962956,1.9041746486160238,35.250163419726704
PSIX,"Power Solutions International, Inc. Common Stock",PASSA_FASE0,,0,25.44,700059.1884578094,0.8056069417535958,0.6101043634491067,26.432451439918097,-21.59763313609465,1.5393377494546663,65.004645926417
PTGX,"Protagonist Therapeutics, Inc",PASSA_FASE0,,0,133.0,697566.2751167779,0.8037286473262233,1.012455271359295,54.530687570145815,-1.2173293028023169,2.877591111543513,50.89319585309854
MIDD,Middleby Corp,PASSA_FASE0,,0,133.02,670574.880571016,0.6875159939355577,0.9171438395098341,38.06741807239873,-5.06302011219435,2.3126518415366935,92.99451728349484
PMT,PennyMac Mortgage Investment Trust,PASSA_FASE0,,0,9.69,1371282.1332025873,1.049608228421629,1.1912700059169106,41.01960072937322,-4.206415896396631,1.7447056471048432,29.05935954036129
MTX,Minerals Technologies Inc,PASSA_FASE0,,0,73.74,237592.36342468255,0.898096928231628,0.8499329007584657,47.06625985006172,0.12287931350518644,1.841296929026958,22.223371401625418
IMNN,"Imunon, Inc. Common Stock",PASSA_FASE0,,0,1.54,113696.05716244444,0.351912497219088,2.014425103772225,29.708279701453748,-14.893617021276583,88.66544497312711,59.54284948057086
IIIN,"Insteel Industries, Inc.",PASSA_FASE0,,0,30.56,324547.4090062064,1.0467543905842842,0.8823140975382858,50.59141048786097,0.0032723583886840046,1.5585369748483862,34.12989097902597
HSDT,Solana Company Class A Common Stock (DE),PASSA_FASE0,,0,1.65,295396.6139628254,0.21013631596268648,0.636465436877216,45.756622533975204,-4.803115534400693,5.869045756392247,64.68902596982701
FCX,Freeport-McMoran Inc.,PASSA_FASE0,,0,59.99,14431698.447060857,1.571150352375942,1.0375169419051615,44.34320807462946,-1.4950616168997066,1.0,46.035816088452755
IGIC,International General Insurance Holdings Ltd. Ordinary Share,PASSA_FASE0,,0,28.0,77635.64466531746,1.1928942354280803,1.2818333809644686,54.20827107115198,-0.10881004619965884,1.7983543671802682,28.946360390414377
GFL,GFL Environmental Inc. Subordinate Voting Shares,PASSA_FASE0,,0,40.24,2810728.903640032,1.7621727451728395,1.0018662543571617,60.11339157080827,2.243565312396778,1.6559629509712575,35.997972708295784
JAZZ,"Jazz Pharmaceuticals, Inc.",PASSA_FASE0,,0,255.97,863888.176225619,0.7208188210395989,0.8495621439096679,63.59987942298983,3.60934698222648,1.6967159907990301,25.866872690168304
TOMZ,"TOMI Environmental Solutions, Inc.",PASSA_FASE0,,0,1.52,140217.09985601585,0.14218470043576956,0.30783740868427395,28.113934264058102,-27.375756402997673,8.201235217195705,78.3405073636327
BNS,Bank of Nova Scotia,PASSA_FASE0,,0,86.04,2542649.1314455243,0.6476415295691303,1.1069183086656444,47.98362396952682,-1.545925781831059,6.233941563789151,22.504947401838407
STRA,"Strategic Education, Inc. Common Stock",PASSA_FASE0,,0,87.62,277941.3768899206,2.6072726000742485,0.9808275697355736,66.36874093208667,9.521235207539714,1.0099283527962735,53.73477230285252
ACOG,Alpha Cognition Inc. Common Stock,PASSA_FASE0,,0,8.8,57075.09108233333,0.4832296569656646,1.681493454530927,65.16123795674123,6.83501274735947,13.040293626432026,57.324619555902125
GEL,"Genesis Energy, L.P.",PASSA_FASE0,,0,14.9,312083.0732393175,0.4691949178150827,0.5693498066684464,52.34887496626512,1.3433089610610516,2.615425402389066,26.925870999067214
CCEP,Coca-Cola Europacific Partners plc Ordinary Shares,PASSA_FASE0,,0,111.1,1892669.4165379046,1.9243848870456224,0.9933856303953998,68.9950322008365,4.468840358259474,1.0,27.805070912026412
AMBQ,"Ambiq Micro, Inc.",PASSA_FASE0,,0,57.26,731934.0280010158,1.642115438155762,0.7300805542255899,31.533127236598872,-25.600613281706785,1.0652668948252997,86.68761714189982
GSIT,GSI Technology,PASSA_FASE0,,0,5.25,1687390.9560414918,0.3613469814140731,0.49498500082523983,35.52031700312554,-14.463769296566342,3.1703266518434328,84.2428941845098
ARE,"Alexandria Real Estate Equities, Inc.",PASSA_FASE0,,0,53.77,2007784.1603289521,1.2438267269310663,0.7720626991456732,62.38464507019249,7.062501244449759,1.077426823596826,33.78203078525469
CXAI,CXApp Inc. Class A Common Stock,PASSA_FASE0,,0,0.1183,22472920.061067943,0.22514034473544792,0.19060773644378334,36.420793532768904,-15.764739390487058,1.6156358976016327,80.3229067891777
NWBI,"Northwest Bancshares, Inc",PASSA_FASE0,,0,15.89,1173853.0116012066,1.1448182392937847,0.9388502160534621,69.62165410222066,3.8460281671731655,1.348595962025927,19.366656511101993
DUOT,"Duos Technologies Group, Inc. Common Stock",PASSA_FASE0,,0,7.48,771721.6281394444,1.4118248819432193,0.9595326989835233,30.579831521177283,-15.442007687090209,1.2136426035555596,56.88019138170123
FTRE,Fortrea Holdings Inc. Common Stock,PASSA_FASE0,,0,20.4,1480495.8993623012,2.131550803400595,0.8459714397112987,72.36856410890744,11.606532264682556,1.0261445918240757,40.64706690151435
AMPL,"Amplitude, Inc. Class A Common Stock",PASSA_FASE0,,0,8.89,2559759.1285190475,0.9108048849763682,0.9041143226992809,54.66155970959985,-1.9737567537765899,3.6717989654855314,73.0003980696295
HTLD,Heartland Express Inc,PASSA_FASE0,,0,12.99,622280.3227424284,1.5346108051632417,0.9567479654116124,29.15981231337065,-11.755714819469453,1.1198591449828876,34.355033168188925
EE,"Excelerate Energy, Inc.",PASSA_FASE0,,0,37.26,364246.55210587295,0.7119822217249714,0.775753232939371,45.50278770782737,-3.6611852311511095,1.6648327675057937,24.203495319281306
ELE,Elemental Royalty Corporation Common Stock,PASSA_FASE0,,0,15.11,405516.0844494603,0.6200005074258272,0.7283229467197846,43.90966893477693,-4.463834092058672,1.8878798259038354,60.26938629388986
SAIA,"Saia, Inc.",PASSA_FASE0,,0,394.44,409996.5297917302,1.3514125112606645,0.9638606603911821,32.285561090697655,-6.58149961276937,1.6500213913908417,31.13932453487816
RLYB,Rallybio Corporation Common Stock,PASSA_FASE0,,0,15.96,243105.25198246032,0.06734885114362431,0.17333620611758838,49.59527736173987,-0.9187981127390055,8.405912426428976,18.07173631273968
IMVT,"Immunovant, Inc. Common Stock",PASSA_FASE0,,0,38.61,1768175.3350074284,0.916384231708103,0.5680348392395036,51.719851851960115,-2.027455657337174,1.3683585387321229,32.024635065861304
CELH,"Celsius Holdings, Inc. Common Stock",PASSA_FASE0,,0,28.88,9377620.59648081,0.693279269555305,0.8540281751264377,47.02643391264215,-3.4049100274265998,1.9094032038201632,54.05206756443665
ANIK,Anika Therapeutics Inc,PASSA_FASE0,,0,16.17,82618.92896119048,1.5115237174239031,0.776979905784717,61.23384065159166,4.339409582190701,1.2575245079553832,40.37978736258995
BEN,"Franklin Resources, Inc.",PASSA_FASE0,,0,32.39,4677150.346033745,1.118047309286831,0.9201957323135719,46.214726043483296,-2.4647304154056915,1.1051832343594972,23.249800647453252
RBCAA,Republic Bancorp Inc/KY,PASSA_FASE0,,0,99.75,101273.76931396828,1.7035835912172757,1.1562409662587656,75.11855203504406,8.776846616467559,1.3784962472732571,28.72762730709089
DAIC,"CID HoldCo, Inc. Common Stock",PASSA_FASE0,,0,0.6619,940672.837529651,0.3112246863881321,0.45344737778585514,20.959702098216212,-55.52031288325006,16.951759122317434,192.8191334769058
SLVM,Sylvamo Corporation,PASSA_FASE0,,0,38.25,357930.26214557147,0.6898334451882135,0.8311982015901782,48.72958882533426,-0.0261369576581183,1.5364128248254967,35.85568806225287
WEYS,Weyco Group Inc,PASSA_FASE0,,0,39.575,17866.15864260317,0.9674633990310032,0.9343763349102143,59.73271636074025,2.1705596468241994,1.562159908535714,24.25327658132538
AGMH,AGM Group Holdings Inc. Class A Ordinary Shares,PASSA_FASE0,,0,0.7253,165204.44757776192,1.6418302309829045,0.3314570642883283,29.057297143913445,-31.923560661523165,1.0,107.64832828899411
AMPY,Amplify Energy Corp.,PASSA_FASE0,,0,3.82,774059.7739578413,0.6145378884666187,0.8238935232550068,41.05526297181828,-3.7783375314861423,2.0611978382770797,43.04332693788109
ADMA,"ADMA Biologics, Inc.",PASSA_FASE0,,0,8.71,4367039.570610858,0.5004171464801536,0.6232200861553452,50.928379637216395,-0.9213968831759733,2.55774973791471,30.954140697239318
MANE,"Veradermics, Incorporated",PASSA_FASE0,,0,107.76,670511.4322198887,0.6673751482364759,0.9342081605276464,47.299734585991466,-6.398207181696581,3.25221324921881,93.79541214351632
MTRX,Matrix Service Co,PASSA_FASE0,,0,11.1,258394.24681771433,0.9878828341951317,0.7437502909649728,30.760993668344142,-10.50913048736244,1.108375676842381,45.171729457393816
RPC,"Ridgepost Capital, Inc.",PASSA_FASE0,,0,8.41,434573.2695135396,1.0982986269134287,1.14760188666669,52.556153637947986,2.355017343150978,1.659307193161028,47.479569595475276
MCB,"Metropolitan Bank Holding Corp. Common Stock, $0.01 par value per share",PASSA_FASE0,,0,92.58,138442.2875487619,1.9788850749486915,1.1747564868640057,43.55356944239822,-3.8429580390527462,2.1772533868446153,40.980571563053516
NIXX,"Nixxy, Inc. Common Stock",PASSA_FASE0,,0,0.6499,3518592.995445905,0.16183141360083297,0.46040183021306064,32.282857676250785,-43.727216839407376,5.120610128819988,143.15388252416886
TTI,"TETRA Technologies, Inc.",PASSA_FASE0,,0,7.31,1674373.84826127,1.8989567814002668,0.9429070625649767,27.10203206594103,-18.26009169182603,1.1439066448860562,62.741019153374275
TDY,Teledyne Technologies Incorporated,PASSA_FASE0,,0,631.35,354058.31562795234,0.770092645216985,1.2212790208071937,46.72476150399547,-1.4817143913782638,4.223904695842551,20.72998571251129
PAYX,Paychex Inc,PASSA_FASE0,,0,122.13,3386334.928756651,1.436315490306755,0.9492647949338452,75.03221525688873,9.982439551533151,1.0864693182094436,31.99860583974109
TIGR,UP Fintech Holding Ltd American Depositary Share representing fifteen Class A Ordinary Shares,PASSA_FASE0,,0,4.79,4402671.854224555,0.6374175215866235,0.42795177820119484,49.797038403706466,1.828231292517013,1.5110992672234997,37.89368246767598
UIS,Unisys Corporation,PASSA_FASE0,,0,3.46,966140.3939428095,0.9556537685895102,0.8912513398297796,45.95333880324254,-5.140507196710075,1.5684681002390641,70.24917230935877
RAL,Ralliant Corporation,PASSA_FASE0,,0,66.97,1707543.5593566827,2.574969215518298,0.8609313539726635,45.74424945352056,-2.861079885411777,1.0,34.0226283642181
BBY,"Best Buy Company, Inc.",PASSA_FASE0,,0,90.17,4072240.8430846827,0.9315235089178924,0.8455079307287917,73.18165631064332,7.993843979615667,1.3996127405986714,25.401167875752623
DOGZ,Dogness (International) Corporation Class A Common Stock,PASSA_FASE0,,0,0.905,349037.63600290485,0.18122024051146618,0.07652881133462552,37.135690242584616,-9.090909090909093,2.844780902062517,51.568008723324134
TNXP,Tonix Pharmaceuticals Holding Corp.,PASSA_FASE0,,0,9.51,518528.2111755556,1.0502573720075212,0.9681395778326085,35.33992221544082,-17.53560666825641,1.890826728399751,78.68731716315587
PLBC,Plumas Bancorp,PASSA_FASE0,,0,61.71,61527.577403650794,0.9788552782581426,1.0364254630512433,64.9376014205861,2.736561713108432,1.753173249433918,20.671665380687934
OSCR,"Oscar Health, Inc.",PASSA_FASE0,,0,30.57,7074025.532413349,0.8006706138105643,0.6721205629103361,55.40706997893042,0.6055420259329924,1.309539976296069,66.24119044986651
DHT,"DHT HOLDINGS, INC.",PASSA_FASE0,,0,18.55,3177412.250321778,0.813263110677977,0.884485041511199,56.30774840862666,4.187143699626494,1.6225835139807965,39.5125256769623
SMTI,Sanara MedTech Inc. Common Stock,PASSA_FASE0,,0,30.25,57864.94192315873,6.6925654613162004,1.0823654516886985,78.02301383409815,20.026584400511837,1.0,57.13670118860489
JRSH,"Jerash Holdings (US), Inc. Common Stock",PASSA_FASE0,,0,4.45,784304.6098194922,0.04672340011546526,0.10421687840692656,49.88502040077502,-2.7003389089319096,5.2931933565963005,44.08437559742962
COTY,COTY INC,PASSA_FASE0,,0,2.73,11789613.044801172,0.6894739297934342,0.956488564181559,67.63495816637224,10.99817035982924,2.1487937134952513,47.909767731919494
BLDP,Ballard Power Systems Inc.,PASSA_FASE0,,0,2.5,9291441.981957586,0.6819500712258684,0.7185660444614319,28.09004341574922,-17.6480276702627,2.301683803655097,62.98139542019005
BAP,Credicorp LTD,PASSA_FASE0,,0,383.93,443439.616922508,0.4536714558143683,0.6378858966678231,50.4668930778838,-1.5617107796759733,3.4989012100989068,23.780581220903272
UMH,"UMH Properties, Inc.",PASSA_FASE0,,0,15.76,670233.3019277302,0.6075921456345519,0.6844667941387464,58.78456064969324,1.854843921670013,1.411669775757757,18.471436831303265
BNAI,Brand Engagement Network Inc. Common Stock,PASSA_FASE0,,0,11.62,494588.55703155557,0.24367687381879852,0.4414495420180532,37.23399723161383,-12.05464418837865,2.4688717431051,85.35213182145137
ACHR,Archer Aviation Inc.,PASSA_FASE0,,0,4.48,43564789.966250114,0.5963142511581151,0.765863273763754,40.362688426012916,-8.224930861415558,3.8206372301216343,93.9986858027493
LLY,Eli Lilly & Co.,PASSA_FASE0,,0,1210.02,3136757.0021435875,0.6929079342785213,0.7763782637651452,58.570776776958596,1.6935477771082397,1.5171228686056837,26.12708543400617
GO,Grocery Outlet Holding Corp. Common Stock,PASSA_FASE0,,0,9.14,2853586.1674411753,0.782610515029782,0.7324651715985152,44.02537367875723,-5.478424985134033,1.524090758211179,32.42871341356796
Z,"Zillow Group, Inc. Class C Capital Stock",PASSA_FASE0,,0,34.0,4240563.958849112,0.8522745943456712,0.8222946945134556,55.20211906917266,4.258499750852862,1.7338103148509694,50.830554454980955
CLBK,"Columbia Financial, Inc. Common Stock",PASSA_FASE0,,0,10.91,2423156.5944615873,1.7042414826548118,2.775561165207153,22.280424894902353,-39.509030675186786,13.926163957523842,278.31923092937035
HESM,Hess Midstream LP Class A Share representing a limited partner Interest,PASSA_FASE0,,0,40.45,1643837.2299521584,0.6063339509508542,0.4723128602239689,59.57106256265119,2.305347951996173,1.1610551154892539,18.666674037046203
HQI,"HireQuest, Inc. Common Stock (DE)",PASSA_FASE0,,0,13.6,16462.04419301587,0.3679745291031342,0.6765416568147141,59.88822001701974,6.916137654527232,4.83431029571754,49.03918829561919
CRVO,CervoMed Inc. Common Stock,PASSA_FASE0,,0,2.48,5531194.562121349,0.0662995902128157,0.10597144691199355,35.87756614113479,-20.154539600772694,6.053265711325584,94.17012632026459
TECX,"Tectonic Therapeutic, Inc. Common Stock",PASSA_FASE0,,0,28.43,195270.41851141266,0.8461158485218465,1.0623755691393957,37.604818891648264,-13.81257342074349,2.9051179394753914,79.01454116338678
CYD,China Yuchai International Ltd.,PASSA_FASE0,,0,45.12,198871.8575364762,0.6410210708803683,0.7837293819501965,45.03292282159047,-0.9581508676039796,2.3049359608572373,44.96055365210279
XLO,"Xilio Therapeutics, Inc. Common Stock",PASSA_FASE0,,0,9.1,50167.549320603175,0.24198337101179415,1.009964646289619,55.04625654092555,1.0830324909747002,15.951968606802367,36.71967739896901
MED,"Medifast, Inc.",PASSA_FASE0,,0,9.64,222458.23881652375,0.5775372539291043,0.7891699999182495,34.954090171504006,-7.356686367786258,2.1696634738320886,40.89295050998727
ALMU,"Aeluma, Inc. Common Stock",PASSA_FASE0,,0,15.06,1184488.9566301745,0.6811913460759449,0.42221715000357457,40.083382621442894,-8.736952141439524,1.0,91.80303966545294
SMWB,Similarweb Ltd.,PASSA_FASE0,,0,7.16,938088.9756130794,0.9331572208018973,1.0432532554472278,63.26397507154967,7.652984513606964,2.459032139792542,81.83041089995751
UAMY,United States Antimony Corporation,PASSA_FASE0,,0,4.91,9570996.33259825,0.608850373191926,0.5783237966189585,33.80410043569522,-19.09038477383207,1.878080517562305,85.13809851960592
BSM,"Black Stone Minerals, L.P.",PASSA_FASE0,,0,14.77,361615.5202461746,0.6666164685544912,0.903986061252049,63.89966541472093,3.6018658155928973,2.82846867794623,23.772651282759
EW,Edwards Lifesciences Corp,PASSA_FASE0,,0,85.76,5118543.89286543,1.0930306839826662,1.0117078858672874,46.00013309155353,-3.0472949675260375,1.8733552642101448,24.608427518290775
CURX,Curanex Pharmaceuticals Inc Common Stock,PASSA_FASE0,,0,0.1936,88199.37547801586,0.43656771707638187,0.8468925740184884,33.01857035843523,-9.154896532307255,3.502064666926373,70.29870714476462
HYFT,MindWalk Holdings Corp. Common Stock,PASSA_FASE0,,0,1.3,367913.48038282536,0.514908182594669,0.7739570518047059,42.25920359477702,-10.003461405330572,5.191173086132998,105.05072360361731
CVSA,Covista Inc.,PASSA_FASE0,,0,133.6,334180.30125782546,1.2030474661455994,1.0539497841702972,62.01641958853381,7.4741169183244915,1.8733728490332255,63.36032010807352
SOBR,"SOBR Safe, Inc. Common Stock",PASSA_FASE0,,0,0.5871,14573602.799519842,0.01729523478088098,1.7171652755835032,44.82329600489868,-26.689933757468687,1068.5645699760503,548.3779829352076
WSHP,WeShop Holdings Limited Class A Ordinary Shares,PASSA_FASE0,,0,4.85,288567.94863595243,0.2326628061964717,0.39106218755002914,41.64902297304215,-13.685709200925423,3.9640002202517413,117.3434912377509
EGBN,Eagle Bancorp Inc,PASSA_FASE0,,0,27.89,288306.65636296826,0.9877269420394044,1.0753453324117281,53.080151107502644,1.8477943324569202,2.6389228184408124,27.78666860600904
PMAX,Powell Max Limited Class A Ordinary Shares,PASSA_FASE0,,0,1.53,1659095.5709077932,0.011855723609241784,0.6184920038208149,36.85001177639777,-10.87655529148609,510.251600030852,96.7779186672245
RFL,"Rafael Holdings, Inc. Class B Common Stock",PASSA_FASE0,,0,1.99,197964.5532627937,0.5157207061987095,1.1536485635545999,42.17754944523078,-16.614288707311985,6.140690715751212,127.98104208536611
ALLE,Allegion Public Limited Company,PASSA_FASE0,,0,158.47,1250518.3451773336,1.0726391854417658,1.1549193838032772,72.31544740792009,11.081514919985146,2.9588886268861474,41.21006193743765
DJT,Trump Media & Technology Group Corp. Common Stock,PASSA_FASE0,,0,9.85,4645796.886954508,1.1911941994196336,0.9533102864407509,61.022859835842695,8.918007408636065,1.2024214834169913,66.72691737500229
ACRE,Ares Commercial Real Estate Corporation,PASSA_FASE0,,0,4.45,421657.8411668413,0.961245183840005,0.8804944368871518,43.11788053272087,-1.526886479309586,1.5414402058109005,28.838316388920436
CRSP,CRISPR Therapeutics AG,PASSA_FASE0,,0,47.64,1712910.2464268098,1.106182629469116,0.998529536059222,39.714525904475956,-7.8913024564252865,1.547235598578378,51.76164737276765
ADVB,Advanced Biomed Inc. Common Stock,PASSA_FASE0,,0,10.98,1773293.423200778,0.07633053561980899,2.950518071969837,56.676778902132945,36.13547587593817,390.5475268141501,342.08030716976316
SAMG,Silvercrest Asset Management Group Inc.,PASSA_FASE0,,0,9.98,52177.95007274604,0.7520158128346137,1.1216995824318665,43.265742051240316,-2.755109497941588,3.3753469836052687,40.43989428690583
SJ,Scienjoy Holding Corporation Class A Ordinary Shares,PASSA_FASE0,,0,0.9801,60777.9771752381,0.5790822256970273,0.54279943780427,56.27848853974903,10.898012525670842,2.4111445714965853,114.6725962838646
OFG,OFG BANCORP,PASSA_FASE0,,0,52.34,348330.23652850796,0.7930681408657765,0.9784531582705606,62.94656840781856,3.0670014276571678,1.9841155449019416,27.925362869460884
SOFI,"SoFi Technologies, Inc. Common Stock",PASSA_FASE0,,0,15.25,79692019.55524798,2.4291551665328934,1.0292605497042866,34.155225724524215,-13.110364081818693,1.0,52.22834700911946
KRC,Kilroy Realty Corp.,PASSA_FASE0,,0,39.43,1567717.2938740633,1.021115572927778,0.8662254902962685,56.10057010430168,0.6290913267064102,2.1936825625898093,25.633541450588098
PRIM,Primoris Services Corporation,PASSA_FASE0,,0,74.76,2306873.503338587,0.7356386320814758,0.5886328206908823,31.305371596999123,-14.198161389172615,1.8161018214733295,53.634586556855425
AME,"Ametek, Inc.",PASSA_FASE0,,0,235.25,1240844.6614499523,1.2238222166894897,0.8001985283658314,48.3612101362403,-0.43908374332116695,1.0,18.838349073709345
HAS,"Hasbro, Inc.",PASSA_FASE0,,0,95.17,2170371.121873905,0.9218649097931753,1.1781970435314402,70.4508272248145,14.092189654138965,4.026210213843608,43.26141806286881
LIDR,"AEye, Inc. Class A Common Stock",PASSA_FASE0,,0,1.02,1279282.1828702379,0.4801135376254205,0.5389260377906648,23.850824726632183,-18.951132300357564,3.0852538680371038,44.43163655802931
ABEO,Abeona Therapeutics Inc. Common Stock,PASSA_FASE0,,0,6.23,1234216.7223040636,1.3843286183640575,1.1498857756513703,47.861465410344834,-5.4843358871273455,1.5266245531379006,53.231400991448794
PRAA,"PRA Group, Inc.",PASSA_FASE0,,0,17.61,650955.7828685237,0.6764034315352737,0.5382617404562156,50.822585889497184,-1.4190948022504313,1.6408329488936242,46.27900731813293
HURA,"TuHURA Biosciences, Inc. Common Stock",PASSA_FASE0,,0,2.04,561439.0804249523,0.4210680199534136,0.6045662777509861,38.231467065499245,-10.013233348037065,3.2584817921849956,46.2709830047732
ATLC,Atlanticus Holdings Corporation,PASSA_FASE0,,0,104.13,147361.991226,1.4696766471542384,1.2166719135786657,59.60662409918079,5.190318409568451,1.1190821960069097,48.11397892862861
OCFC,OceanFirst Financial Corp,PASSA_FASE0,,0,19.73,972268.1642085396,0.8754075343759202,0.900074884847766,56.48989867499966,1.3562108291379715,1.4200551367279255,23.625207464151437
UPST,"Upstart Holdings, Inc. Common stock",PASSA_FASE0,,0,26.6,4473437.210399018,1.1400600331544826,0.7930394586634788,33.04216475771605,-13.356459992508274,1.108636602791513,38.87748662326618
CSAI,"Cloudastructure, Inc. Class A Common Stock",PASSA_FASE0,,0,0.191,685875.6694305238,2.2468963469611833,1.1336292833605321,30.419521833237326,-42.87935881332615,2.4197642381864113,177.2513757612327
TRI,Thomson Reuters Corporation Common Shares,PASSA_FASE0,,0,106.34,2074917.3898608573,1.7566607824451395,0.9852875342752538,68.32578037187756,14.754982895744973,1.0621400862242838,57.829434584878946
AERT,"Aeries Technology, Inc. Class A Ordinary Share",PASSA_FASE0,,0,6.25,38605.506820523806,0.32557925817251215,0.5684116546368984,43.36167969734224,-7.674126597237619,4.82553588344339,49.10026308837882
ETN,"Eaton Corporation, plc Ordinary Shares",PASSA_FASE0,,0,361.88,2545731.387561095,1.7735773877555818,0.8193992355906554,34.32326744887672,-9.950306942346598,1.0,42.14832876716854
VLTO,Veralto Corporation,PASSA_FASE0,,0,98.83,2304706.0065524285,1.3474548088714564,0.8037265059342231,70.62838444071659,6.359165312469717,1.0097455601601621,27.16210795397235
BKD,"Brookdale Senior Living, Inc.",PASSA_FASE0,,0,14.86,4566443.465704238,0.8146360108179512,1.090172460164501,51.07133471379271,-1.163950781509826,3.349084857294092,43.51736026289634
MLYS,"Mineralys Therapeutics, Inc. Common Stock",PASSA_FASE0,,0,26.35,1472081.6818934127,0.35781637707664826,0.6017403972242947,43.74467981821998,-4.8238247458055605,3.2602283539413013,38.345556334459566
FLO,"Flowers Foods, Inc.",PASSA_FASE0,,0,7.46,7964268.828639857,0.8389919418557785,0.6710135583802078,36.370071767140935,-9.240221424660866,1.0931671906061282,44.04380501790995
ABM,"ABM Industries, Inc.",PASSA_FASE0,,0,49.36,559048.4582379682,0.8010888845602833,0.7558473259896414,74.1504711504855,6.379310344827571,1.3428948263005545,19.934622331569756
NVA,Nova Minerals Corp,QUARENTENA,INTERRUPCAO,10,4.38,,,,,,,
DLB,"Dolby Laboratories, Inc.Class A",PASSA_FASE0,,0,52.54,910927.7382473018,1.4336658889658842,0.9820031166354701,57.14155825224516,4.661354581673316,1.0930919125576848,27.148567792623247
AVY,Avery Dennison Corp.,PASSA_FASE0,,0,167.14,731516.6225052855,1.438198638859226,0.96213776947668,58.536840502136194,3.7472921050507813,1.021330618082629,32.27980068631624
AORT,"Artivion, Inc.",PASSA_FASE0,,0,27.55,785455.69942573,0.9728604438591311,0.7091656546010203,68.40969428948995,10.849578530186887,1.1501152806964028,42.3793605910465
OPY,"Oppenheimer Holdings, Inc.",PASSA_FASE0,,0,109.79,104062.14802985716,1.7871140194669233,1.208524410960332,49.671058142055024,-2.386763221885846,1.2924964204312859,41.67386156774743
INOD,Innodata Inc.,PASSA_FASE0,,0,55.4,1925487.4769655715,0.7367995055515839,0.5009706610017323,31.87094382608214,-13.950436072474236,1.162858041415162,56.92062643936045
CMP,"Compass Minerals International, Inc.",PASSA_FASE0,,0,29.32,593128.7229832221,0.7917733545055181,0.5844628264664331,46.17725566514739,-1.0879649152399584,1.1966717081216607,23.02799905353651
HBT,"HBT Financial, Inc. Common Stock",PASSA_FASE0,,0,36.51,152349.7218914921,1.2274963484882042,0.9792788115038995,78.52423585112055,10.853030924078876,1.2460109985803312,29.409810287522024
BA,Boeing Company,PASSA_FASE0,,0,214.01,6264588.274768617,1.4422889762404572,0.8718914301039026,47.51916595059353,-1.5930603358095041,1.1590605593199241,35.12388145323111
CCD,Calamos Dynamic Convertible & Income Fund,PASSA_FASE0,,0,23.71,82879.65060495239,0.7527935499799497,0.8914515665475694,31.48741793197682,-6.306804710345371,1.8488305187374752,19.535805577041277
SR,Spire Inc.,PASSA_FASE0,,0,81.01,543891.4710036666,0.735528927033502,0.9017085597268795,48.75467761080295,-0.0672304152865788,2.2240140972336007,23.328513980194163
STRO,"Sutro Biopharma, Inc.",PASSA_FASE0,,0,23.32,355482.2199085239,0.5268084342338989,0.9750518978057298,37.30133522591523,-11.781951616259068,3.114833846609682,63.537019707053965
TRNR,Interactive Strength Inc. Common Stock,PASSA_FASE0,,0,3.07,249920.60380542855,0.061471372536217844,1.11257788404463,40.098099377857835,-5.3053670573719796,146.5859803897832,120.69255412141611
TKR,The Timken Company,PASSA_FASE0,,0,132.22,1025153.8556112223,1.2682474629779534,0.7774157541932828,40.3507655083324,-4.783166020941676,1.0,31.381691967146235
UAL,"United Airlines Holdings, Inc. Common Stock",PASSA_FASE0,,0,119.42,5510312.949406668,0.7254427590299437,0.8574926032330483,48.48242321033087,-2.7953855890211377,1.742892012167083,32.016528928822005
OKYO,OKYO Pharma Limited Ordinary Shares,PASSA_FASE0,,0,1.64,94935.21164725398,1.3166817857261883,1.9009284901606893,56.23584618546895,5.229387231312144,5.524635770166182,74.41025478866334
OLP,"One Liberty Properties, Inc.",PASSA_FASE0,,0,24.85,71214.52303303174,1.2398495670194352,1.1071732221295385,50.78799024573684,-0.5403241945167059,1.3515626298020034,20.447746507942373
MASS,908 Devices Inc. Common Stock,PASSA_FASE0,,0,7.6,292780.1237740158,2.5890041867291305,0.8055083416981957,47.39234031552753,-1.7580144777662787,1.0,54.16807674921289
BJRI,"BJ's Restaurants, Inc.",PASSA_FASE0,,0,70.15,464009.4122134921,1.3542543762299317,0.9568567399717285,72.82897510200779,9.653493397734248,1.794395760407561,40.609570166773764
FRO,Frontline Plc,PASSA_FASE0,,0,39.13,2815667.184440619,0.8740849370721869,0.7477677114488007,55.70501004887787,3.797233311670234,1.6662813372460892,42.44104519081045
VNDA,Vanda Pharmaceuticals Inc.,PASSA_FASE0,,0,5.05,983305.43670327,0.7949206207204942,0.8447013340537425,29.677380274991265,-12.013241571565448,1.5663755639651513,40.32017819055258
BRCB,"Black Rock Coffee Bar, Inc. Class A Common Stock",PASSA_FASE0,,0,8.01,597126.188578508,0.4424472094398258,0.49939534469529195,49.497648836523965,-0.5771737106684216,2.5135098898407304,44.104386706487404
EWTX,"Edgewise Therapeutics, Inc. Common Stock",PASSA_FASE0,,0,39.75,1462987.8563079685,0.4773938643958079,0.7029274092719607,49.77320066434029,-3.087781746370366,3.5353711914206776,71.71752111243765
YELP,YELP INC.,PASSA_FASE0,,0,27.92,1271065.2847432222,0.6682394561877985,0.8268798085954919,63.19069766412813,6.733948812049606,2.1263232375444283,48.359316664317305
VRTS,"Virtus Investment Partners, Inc.",PASSA_FASE0,,0,167.79,119894.90539753968,1.7984658524233241,1.0922495840497763,63.22382594953191,4.121030847228346,1.0,30.021330881525138
PRTH,"Priority Technology Holdings, Inc.",PASSA_FASE0,,0,6.73,381456.89578006347,1.11460561274043,0.9090255607369537,51.625856061214634,-0.8982476807539275,1.4553645578070358,52.81834352555812
WMB,Williams Companies Inc.,PASSA_FASE0,,0,70.13,7061340.922774841,0.7504382896268168,0.9737965491573263,37.07819756412697,-4.896868770426243,1.6804687994745264,26.26475164057936
SEV,Aptera Motors Corp. Class B Common Stock,PASSA_FASE0,,0,1.67,245255.28370885714,0.36077376856449994,1.1337422815735578,33.18602890433718,-11.780243000528245,12.274589099325521,65.25160594789675
IMPP,Imperial Petroleum Inc. Common Shares,PASSA_FASE0,,0,4.69,448769.860813127,0.3219455171593239,0.47191331255083513,43.6878085562911,-2.4846657656721116,2.5465026781974958,32.89447264299528
NXTC,"NextCure, Inc. Common Stock",PASSA_FASE0,,0,5.02,2054067.45055127,0.1753157191694721,3.0405036745697966,56.74732112460832,25.70426943783648,306.7666561328095,411.1169913329438
TBI,"Trueblue, Inc.",PASSA_FASE0,,0,7.47,346474.4228609523,0.5019227460602227,0.8009912552892136,47.29849333653182,-6.6483379155211075,3.8290765946771588,89.36987538116351
OUST,"Ouster, Inc.",PASSA_FASE0,,0,31.3,4995400.482579778,0.6124294799177078,0.9023190838500434,39.163122905328166,-23.330353096792354,2.9863874031003887,124.25888748573684
CCNE,CNB Financial Corp/PA,PASSA_FASE0,,0,35.55,154481.34157534924,0.8696773395217472,0.9350806405668247,65.18264474133758,4.2613719682083495,1.5582307714455652,24.89243298699036
UAN,"CVR Partners, LP",PASSA_FASE0,,0,122.56,51542.41706820635,0.5374152875163938,0.565478842131729,60.838038791243854,3.5244430366381474,1.9260576619854624,21.75598612688714
TWLO,Twilio Inc.,PASSA_FASE0,,0,188.25,2544214.9935599044,0.6632417441974598,0.6648199338980605,40.12577184469471,-7.896668134448836,1.4305264008811003,38.283244996245685
PJT,PJT Partners Inc.,PASSA_FASE0,,0,165.08,435290.41357068246,1.1987398750955265,1.0902275304430524,52.239652536611,0.31111759272761663,1.860655129148883,49.87279129101119
KLC,"KinderCare Learning Companies, Inc.",PASSA_FASE0,,0,5.45,860217.2622904447,0.8738208735053301,0.6142725583268264,69.00732020843967,7.526881720430079,1.3115886963976253,54.07301615926857
PLBY,"Playboy, Inc. Common Stock",PASSA_FASE0,,0,1.18,947617.4076075237,0.4630299192168579,0.7782425736381067,41.943202737799766,-1.5846538782318564,3.172131806050713,49.0284283373868
BEEP,Mobile Infrastructure Corporation Common Stock,PASSA_FASE0,,0,1.81,70405.96208355557,0.18060858980819192,0.5138217304696063,52.09403890405261,4.322766570605174,7.410008237888207,62.36930550872145
TUSK,"Mammoth Energy Services, Inc. Common Stock",PASSA_FASE0,,0,2.535,358965.9399607937,0.9964571186588548,0.5319192748759244,35.045074306493916,-11.15394725313239,1.0,40.419175295229344
SOBO,South Bow Corporation,PASSA_FASE0,,0,37.34,882754.6514524601,0.4243747395945325,0.8697885783899487,52.48250400152081,1.0896785109983265,5.012266835138944,26.599089044190045
LNT,Alliant Energy Corporation Common Stock,PASSA_FASE0,,0,72.0,2520664.685343174,1.356366263060305,0.903851403545082,38.66576814854766,-4.303040372154854,1.0583227468317618,22.37787198548004
ACON,"Aclarion, Inc. Common Stock",PASSA_FASE0,,0,2.015,66101.08508069841,1.2041453030283449,0.5510372487937555,18.102558762151318,-24.061127965478914,1.0,46.78281089031258
SEZL,Sezzle Inc. Common Stock,PASSA_FASE0,,0,152.7,667541.7628497302,0.6209187411669184,0.9252808381539295,44.55769528434791,-10.959503192512898,2.5460090923275955,84.30852516978358
BTOC,Armlogi Holding Corp. common stock,PASSA_FASE0,,0,0.2403,219090.2861788888,0.17414845617047023,0.4477560850479763,34.172164270934886,-12.939514156839316,14.118386430448977,62.55754596331875
WEAV,"Weave Communications, Inc.",PASSA_FASE0,,0,6.95,1234343.3953011585,0.8186653973843736,0.9001548858360121,58.19755288716295,1.9809244314013208,1.9797365210487583,62.22035804807018
QRVO,"Qorvo, Inc.",PASSA_FASE0,,0,89.5,1267389.064451905,2.3273209622749844,0.8524814597391929,50.392376995046725,3.257515012719714,1.0,34.47031381669324
HUM,Humana Inc.,PASSA_FASE0,,0,365.41,1575399.7783819048,2.609094176563718,0.8584170329628651,41.52726291182726,-7.563450364145508,1.0,39.83237504946671
PRTS,"CarParts.com, Inc. Common Stock",PASSA_FASE0,,0,5.26,45013.04538260317,0.2860456964766105,0.40080263954597245,44.14075669972862,-4.658328801885093,3.4032106213201456,78.97169687474744
LPX,Louisiana-Pacific Corp.,PASSA_FASE0,,0,73.61,1170185.9392531905,1.4111280038015528,0.9679687517746437,48.17022542137225,-0.8913183972425576,1.3633719163828786,44.502549346843175
MPC,MARATHON PETROLEUM CORPORATION,PASSA_FASE0,,0,308.72,2353966.1857458097,0.6819591230221467,0.8678542472764943,64.8411534176019,4.091751254701426,1.6132363426453649,30.659871700556412
ZBH,"Zimmer Biomet Holdings, Inc.",PASSA_FASE0,,0,97.15,2452271.930892381,1.474581821419418,0.946584455740859,64.32688927236154,7.208872458410376,1.0334776240536718,36.016988205035275
VENU,Venu Holding Corporation,PASSA_FASE0,,0,2.09,558073.9154258094,0.7110020059085698,0.919530293522598,33.69119037834055,-13.849958779884574,2.268845417010178,87.18453742896098
TBCH,Turtle Beach Corporation Common Stock,PASSA_FASE0,,0,11.97,307119.12972019037,0.7139215195574503,0.7525424419674497,42.372542651345654,-5.442767991152531,2.1424134727935265,45.98626696690203
BAND,Bandwidth Inc. Class A Common Stock,PASSA_FASE0,,0,36.95,1400886.5352883178,3.203024004174264,0.8096055892640699,27.26928835562316,-43.489431988499064,1.0,146.58158446257127
REED,"Reed's, Inc.",PASSA_FASE0,,0,0.833601,30361.950056841273,0.13192935211674375,0.7091542406364141,21.551987376784837,-21.030602452131376,34.9209858598108,55.13751870871999
BRKR,Bruker Corporation,PASSA_FASE0,,0,61.74,2467516.784744063,1.0761781673028958,0.8088660265761753,56.672534830194785,3.045981807560705,1.3734030551106728,49.78081510187791
NABL,"N-able, Inc.",PASSA_FASE0,,0,4.48,2000042.6505691428,0.8304819973430753,0.9104475550170018,56.3899406133972,2.2014372077107325,1.7208236110548552,71.82475396466592
ARTL,"Artelo Biosciences, Inc. Common Stock",PASSA_FASE0,,0,0.7234,1126930.2635927147,0.25028690912496265,0.19603031986293368,18.96386601704691,-31.28407773999279,2.4566617673618474,96.86373453953989
EOG,"EOG Resources, Inc.",PASSA_FASE0,,0,145.94,3612869.86052027,0.7080365115386774,0.8476369502283012,61.70337733732597,5.437692132631566,1.6995604038315497,33.527850085471705
AAT,"AMERICAN ASSETS TRUST, INC.",PASSA_FASE0,,0,23.72,412318.37925582536,1.4944477775963567,0.8792814324287191,36.528066469787966,-4.8822055137844655,1.0161312828322808,20.775636485972694
EFC,Ellington Financial Inc. Common Stock,PASSA_FASE0,,0,13.46,1285393.0219888096,0.8540687492424845,0.8797545143548281,48.88510366330376,-0.28152318862052494,1.6165038402338392,12.788572242835183
GLBE,Global-E Online Ltd. Ordinary Shares,PASSA_FASE0,,0,40.26,1717468.7221933017,1.5869555734955847,0.8080900728377836,65.90026544656098,7.7032142427201356,1.6919114254231267,42.14606378201013
BLK,"Blackrock, Inc.",PASSA_FASE0,,0,1079.19,752399.8755085713,1.491138343856915,1.0792053372329402,57.66980687426223,3.602803599251625,1.4110357100612245,33.570970725450806
KTOS,"Kratos Defense & Security Solutions, Inc.",PASSA_FASE0,,0,43.88,4757259.355831859,0.8395443543497153,0.8458077322847593,37.58470544838503,-10.49281984334205,2.062068515259719,69.36912064764465
FNV,Franco-Nevada Corporation,PASSA_FASE0,,0,214.37,836231.9855043492,1.2107614175477315,0.8025994238045195,53.118268799623166,3.0478850355358578,1.0642213094572772,32.34595897630983
NXGL,"NexGel, Inc Common Stock",PASSA_FASE0,,0,0.4465,245804.4396457619,0.044905871577858275,0.5070245211762953,42.18014355129204,-6.514661390450471,44.624956430306895,80.78097761436916
HIVE,HIVE Digital Technologies Ltd. Common Shares,PASSA_FASE0,,0,2.535,26961521.36934916,0.6133512550132179,0.5980473344533852,32.368776692591695,-18.854033290653007,1.864593065592375,78.7700959732232
OXLC,Oxford Lane Capital Corp.,PASSA_FASE0,,0,8.83,1028887.2460805397,1.35088592639742,0.8478105831335356,48.033744504003955,-0.5406623113313858,1.2840371282401364,21.79402043586462
KRT,Karat Packaging Inc. Common Stock,PASSA_FASE0,,0,40.59,117374.71790265081,0.8743144072654028,1.0876476962792925,77.30621058475438,10.05890686749682,1.885135985017162,27.01627647647134
BC,Brunswick Corporation,PASSA_FASE0,,0,80.46,657359.1774204761,1.5691633642458518,0.9816099399473457,49.8793035833757,1.2890880708998242,1.026674730931976,34.424948692171846
XGN,Exagen Inc. Common Stock,PASSA_FASE0,,0,4.35,401099.0160696032,0.4701120554688139,0.5765065221080554,46.61932431757279,-3.7184594953519334,2.7217621608792295,76.37019604558039
POLA,"Polar Power, Inc. Common Stock",PASSA_FASE0,,0,1.49,951000.4980389206,0.6425002230450919,2.617620459425586,41.73765902169295,-6.7059044518189115,74.37010832549828,73.24784910016263
HSAI,"Hesai Group American Depositary Share, each ADS represents one Class B ordinary share",PASSA_FASE0,,0,16.33,1761980.7752204922,1.6786087769787839,1.0322697787879906,50.939659255555476,2.921249172785445,1.0,54.272764038516875
APRE,"Aprea Therapeutics, Inc. Common stock",PASSA_FASE0,,0,0.621,124569.75747258731,1.124355839986456,0.49590266652035525,33.61927078784824,-10.469709639283764,1.1877401695158754,44.872012580462865
PRDO,Perdoceo Education Corporation,PASSA_FASE0,,0,34.55,694672.0979266509,0.9688728282607169,1.1381850647912233,57.30624534109742,4.029447409425857,3.4342300313835423,60.353644772859546
WNC,Wabash National Corp.,PASSA_FASE0,,0,12.4,1109705.070903762,2.192968638379816,1.2797300402715819,48.73078554269442,-4.856901711041184,2.670319862192723,54.23032245553131
BFS,"Saul Centers, Inc.",PASSA_FASE0,,0,34.95,83735.16733830159,0.712630400019576,1.0483448132747295,39.58240470758228,-3.367617783676169,2.45078959362034,20.317723144625358
GNTX,Gentex Corp,PASSA_FASE0,,0,23.97,2483894.5097179213,1.3894177047023326,1.1309313408611552,48.52953008772626,-0.06878869364017604,2.1187469305037236,32.41449751526103
PEN,"Penumbra, Inc.",PASSA_FASE0,,0,320.13,418519.3529730794,0.8727740863694194,0.9514587062711382,56.31025621017411,0.6245619108388389,1.8913251464282057,5.9610865630303085
GCO,Genesco Inc.,PASSA_FASE0,,0,39.08,189644.10818665082,0.7675344534180786,0.8889419312387931,62.79947789453396,10.40795570120916,1.7410662481203796,37.05121794408627
CRUS,Cirrus Logic Inc,PASSA_FASE0,,0,134.07,626218.4730070158,1.4268271926241782,1.0037984340994641,33.87518375833753,-4.98935231609271,1.1252503993845355,33.45157762868543
MAAS,Maase Inc. Class A Ordinary Shares,PASSA_FASE0,,0,18.36,103913.34728496824,0.7296594711175093,1.2024229500190926,55.68266590145868,10.161101611016111,7.937641592997739,181.0804823159935
NGVT,Ingevity Corporation,PASSA_FASE0,,0,70.62,263816.2299416032,1.46753425048072,0.804243525040386,41.15045053734625,-3.891561592008652,1.0,29.345985971363188
COLD,"Americold Realty Trust, Inc.",PASSA_FASE0,,0,14.77,4669998.092561174,0.6601720106496198,0.9449942148005366,44.99315871670833,-4.497106462771983,3.3833675513758417,36.644982252312516
BOTJ,"Bank of the James Financial Group, Inc",PASSA_FASE0,,0,27.79,20671.932667238092,0.8256758627146031,1.3085629808247694,79.69604402777674,5.635275111660176,3.8712125991963844,17.284049122353792
ORIO,Orion Digital Corp. Common Shares,PASSA_FASE0,,0,0.6624,45642.75813379366,1.089652833757578,0.7680599009220358,33.8191728952454,-8.647398126471773,2.479634994430263,61.717098095019075
BBGI,Beasley Broadcasting Group Inc,PASSA_FASE0,,0,19.53,34142.094374571425,0.8241966523283395,0.7948841016432422,39.587510756068035,-12.56267908309453,2.9141694408027474,59.564591310804516
HNVR,"Hanover Bancorp, Inc. Common Stock",PASSA_FASE0,,0,26.5,58878.647787349226,0.8904604372769752,0.9418922806030485,70.57759561413553,8.341254509960239,2.022176719547909,32.14097100733579
NGVC,"NATURAL GROCERS BY VITAMIN COTTAGE, INC",PASSA_FASE0,,0,32.98,130763.19663441271,0.725891824879265,0.8429668177501651,57.48964837453744,2.5816485225505392,1.7499686483351842,41.63750109089274
SOUL,Soulpower Acquisition Corporation,QUARENTENA,ILIQUIDEZ,5,10.38,,,,,,,
USB,U.S. Bancorp,PASSA_FASE0,,0,62.82,8954374.475615699,0.9417940462789434,0.9338640890902288,54.0073135663679,-0.18431422397355846,1.5605931319758555,23.294734895723877
INFQ,"Infleqtion, Inc.",PASSA_FASE0,,0,8.83,16270201.560345747,0.5143553795036183,0.6418895992732814,36.26007077634847,-15.198079231692674,2.4430389289059398,82.66098569662138
CNA,CNA Financial Corporation,PASSA_FASE0,,0,55.16,560044.4702264287,0.8884473470809023,0.8912346938118125,72.94103185450547,5.838785808853153,1.5082994919454673,23.881268743745583
NKTR,Nektar Therapeutics,PASSA_FASE0,,0,70.68,1009104.9988251746,0.9741147336336801,0.9203936977884382,54.9067018934924,1.444231148746855,1.8051600309970064,60.85303688282922
VGNT,Versigent PLC,PASSA_FASE0,,0,43.02,1477330.5788199997,0.4843695155518653,0.7579328462780219,54.79730562829036,4.6677128571950055,2.4374336029494623,45.33413180507059
SEAT,Vivid Seats Inc. Class A Common Stock,PASSA_FASE0,,0,7.43,104340.82002423807,0.4760824221283739,0.7699198242863015,50.81348906810676,3.108520677213411,2.8868432662711228,85.44280304994382
WFG,West Fraser Timber Co. Ltd,PASSA_FASE0,,0,66.53,198269.67280463493,0.8599917577158275,0.9943216935317976,46.84188839290669,-1.768114872097748,3.2495189893352743,43.19782773825989
JLL,"Jones Lang LaSalle, Inc.",PASSA_FASE0,,0,340.0,395444.2701768889,1.7084682615777715,0.9195060175342776,62.757446920565634,3.86198574952461,1.0,30.487990849158248
MMS,"MAXIMUS, Inc.",PASSA_FASE0,,0,63.17,752465.5422102859,0.8584771688249272,0.8278943150405491,67.63093759677975,8.864053492800705,1.508625699875601,26.797909961785532
COST,Costco Wholesale Corp,PASSA_FASE0,,0,974.03,2384105.070673111,0.8290024497414409,0.9821340767134958,60.30733388968227,3.8787492914546196,2.2997260638413866,24.489389647197985
INTS,"Intensity Therapeutics, Inc. Common stock",PASSA_FASE0,,0,4.33,40102.383487603176,0.5401295388513725,1.097319401888002,43.79165727083402,-6.2567655336653205,6.597934093054504,48.751299589775016
ORKT,Orangekloud Technology Inc. Class A Ordinary Shares,PASSA_FASE0,,0,0.91,186566.23783057142,0.18129218015703397,0.31705330604199616,37.34728930897792,-10.666077651794048,22.646039677142774,78.36997825282603
HMR,Heidmar Maritime Holdings Corp. Common Stock,PASSA_FASE0,,0,1.1,208771.55826973013,0.19249234472867716,0.3820035004481413,46.30254138570608,-2.0044543429844075,3.8227107687323225,69.48352717766787
BBWI,"Bath & Body Works, Inc.",PASSA_FASE0,,0,19.7,5798703.599794905,0.920556524835793,0.8843744310016347,45.185981237885066,-3.9961013645224197,1.491002710457491,44.77343679749717
FINW,FinWise Bancorp Common,PASSA_FASE0,,0,14.1,30639.45864568254,0.4123527755207358,1.146143958117825,51.28338016771733,1.075268817204278,4.382212438733974,22.31100214669093
NNOX,NANO-X IMAGING LTD Ordinary Shares,PASSA_FASE0,,0,0.8772,2092292.1735654445,0.5656512006519635,0.6530827078314401,30.39276269589253,-19.076370982993296,2.575175850995465,91.19718084164855
IOTR,iOThree Limited Ordinary Shares,PASSA_FASE0,,0,3.11,1219715.9340476193,0.010151525084132081,1.3715560925901928,49.54602043285279,-2.0009453285016465,2083.7232323065473,146.5707092321074
MNDY,monday.com Ltd. Ordinary Shares,PASSA_FASE0,,0,90.25,1734093.042553222,1.036062323541592,0.7929854761998134,64.43638678091858,12.18217639637289,1.7133102637133961,63.22322325196773
ADI,"Analog Devices, Inc.",PASSA_FASE0,,0,353.37,4701910.076046667,1.164630599366369,0.869021651954631,34.77426687240755,-7.245273608987512,1.122141686023304,31.848771514219106
SWK,"Stanley Black & Decker, Inc.",PASSA_FASE0,,0,93.05,1697520.8847152062,2.5388418754035222,0.8948475879929141,59.562055046687554,3.6930551840955506,1.0,36.32887851544984
UHS,"Universal Health Services, Inc. Class B",PASSA_FASE0,,0,168.16,1085770.3115464444,1.2809776845408853,0.8958934249104218,68.44884101131136,8.639614437904996,1.5148042816127114,40.05375315996022
IONS,"Ionis Pharmaceuticals, Inc. Common Stock",PASSA_FASE0,,0,54.04,2749464.881000555,1.1381970954912402,1.653996521644745,29.193209035679928,-13.605115907274179,6.533971762386737,103.44362647221699
HBANZ,"Huntington Bancshares Incorporated Depositary Shares, Each Representing a 1/1000th Interest in a Share of 5.50% Series L Non-Cumulative Perpetual Preferred Stock",PASSA_FASE0,,0,19.76,11752.25977936508,0.5435001540057072,1.0726447050322983,42.20571802318258,-0.30873516960000513,5.0808325198771636,5.66788080357089
CPRI,Capri Holdings Limited,PASSA_FASE0,,0,15.83,3296058.9205411747,1.0614818348822335,0.9774390905597297,37.2801305732427,-7.1227411405773156,2.044593610958769,47.09732568449097
SGHC,Super Group (SGHC) Limited,PASSA_FASE0,,0,14.89,3495903.5289610005,0.4799652860680294,0.7737633985920629,55.60866152000686,0.46894504234000767,3.546546392761869,46.32568733933133
KN,KNOWLES CORPORATION,PASSA_FASE0,,0,34.56,1108129.4029437937,1.308931668031527,0.9135654003368668,40.82166782900042,-5.3993019913775475,1.9826934878677638,59.56941144410284
HYMC,Hycroft Mining Holding Corporation Class A Common Stock,PASSA_FASE0,,0,19.16,2145457.437245619,0.9050988767980348,0.716106438333137,37.70547199946171,-8.350573406837835,1.2990306660301905,82.02706567482329
MGEE,MGE Energy Inc,PASSA_FASE0,,0,80.3,316583.3967483493,0.6006710433780559,0.7181340914728037,47.95452700143374,-1.9404315597943422,2.228967938669009,22.157942782512688
RXO,"RXO, Inc.",PASSA_FASE0,,0,22.29,2339798.084249587,0.6830585163691918,0.7236476124747683,31.205812194800174,-17.000242036081993,2.2505414970219357,54.18669822456167
ALXO,ALX Oncology Holdings Inc. Common Stock,PASSA_FASE0,,0,1.945,1271704.0218270633,0.34976871057146647,0.7065994344606603,47.95053507057627,-5.947775628626717,4.084212513613128,75.32045486325293
TCI,"Transcontinental Realty Investors, Inc.",PASSA_FASE0,,0,40.27,7250.368842857143,5.781636894417779,1.6399991005649703,42.29485014182522,-9.015939720518274,1.5586726782604547,45.92081036941856
ALVO,Alvotech Ordinary Shares,PASSA_FASE0,,0,3.53,730146.1006595398,4.158327804174284,0.8338035622783212,54.08336903750089,5.216095380029806,1.0,67.60125442238696
VREX,Varex Imaging Corporation Common Stock,PASSA_FASE0,,0,10.95,456152.55563668255,0.5438858374337449,0.8749464846957545,55.48666723275231,1.6571508146497882,2.5991665823653287,23.26077063928049
ASMB,"Assembly Biosciences, Inc",PASSA_FASE0,,0,25.11,206756.04576509524,0.7413392018444003,0.8006401548754427,43.958465403977605,-6.011378948944457,2.040986908146315,46.84918978060967
DBX,"Dropbox, Inc. Class A",PASSA_FASE0,,0,33.33,4001825.116465603,0.9711059587257211,0.8856521083761518,73.82054625209089,12.048678813958169,1.5060704204511288,33.933564676120184
LYV,Live Nation Entertainment Inc.,PASSA_FASE0,,0,184.43,2453602.8335585557,0.95560272543272,0.8008434200558874,62.234996105063715,1.8888354851362754,1.3415451316599996,18.609232834296616
BRK.A,Berkshire Hathaway Inc.,PASSA_FASE0,,0,763167.0,208.1875124285714,0.6389289033156482,0.91429648339406,64.64058484285893,2.402335947663392,2.668930093825061,14.835522049551214
HIND,"Vyome Holdings, Inc. Common Stock",PASSA_FASE0,,0,1.99,24964.39476069841,0.214526574801294,0.5631018781188638,36.940121294018056,-8.06381941701375,5.470611748115653,42.28026942600985
BSRR,Sierra Bancorp,PASSA_FASE0,,0,41.05,66095.3430727619,1.1361762694283872,1.0181175664406465,50.65881312491006,-0.7267143081703953,2.694086405481552,20.528734438956512
PDLB,"Ponce Financial Group, Inc. Common Stock",PASSA_FASE0,,0,20.11,73961.8738535873,1.011622132155742,0.8020065485431581,53.56245280799849,0.17434620174345827,1.635710368388072,24.220430424521624
MXCT,"MaxCyte, Inc. Common Stock",PASSA_FASE0,,0,1.01,1238682.0460304918,0.6528987663280396,0.8288865698308715,34.696212986813904,-17.635066258919473,2.613992172538903,64.2897115257993
ACET,"Adicet Bio, Inc. Common Stock",PASSA_FASE0,,0,8.3,96283.945194,0.9570315559913533,0.9965768603536559,49.67623623902014,-2.387392684934697,1.9282241721323587,60.77161651967167
LASR,"nLIGHT, Inc. Common Stock",PASSA_FASE0,,0,59.07,1255699.8100079205,0.8900227641564672,0.9026764772442311,39.83950312880196,-12.627390654813853,3.6207013277984443,116.53901381500775
BN,Brookfield Corporation,PASSA_FASE0,,0,41.69,4407239.981561904,1.0237973496709674,0.7848787813492958,39.61538610364513,-2.8759799182285217,1.2354925253565705,20.65798391454902
PRHI,"Presurance Holdings, Inc. Common Stock",PASSA_FASE0,,3,5.24,12527.424200873013,0.08888670026216569,0.557108438653625,51.914332507606986,1.0851217747769537,17.86304734332003,75.84188002865781
SHBI,Shore Bancshares Inc,PASSA_FASE0,,0,24.54,211299.28113838093,1.6101705663929027,0.9243315150915735,70.63611872654079,6.082220204902078,1.0,22.878531101274085
OGC,OceanaGold Corporation,PASSA_FASE0,,0,24.24,374755.3045131111,1.6803800933549384,1.0042514619555791,47.05130454740371,0.582999647295579,1.0,44.113256609241354
CTOS,"Custom Truck One Source, Inc.",PASSA_FASE0,,0,9.72,1084020.378232873,1.1117939048246315,0.8593686797832745,38.417307705784495,-6.186661519158387,1.187936353780357,55.30325244495076
WPM,Wheaton Precious Metals Corp. Common Stock,PASSA_FASE0,,0,109.46,2046034.4098583336,1.0081608333785659,0.7739237440472416,44.92676451527488,-0.1828370288298964,1.0798850082074622,38.08144709104909
AGCO,AGCO Corporation,PASSA_FASE0,,0,116.17,732071.8498203014,1.8548854871585627,0.9611199994811465,49.66010785876936,0.13791914490131063,1.0534106015929632,38.181655294367545
ITOC,iTonic Holdings Ltd Class A Ordinary Shares,PASSA_FASE0,,0,0.25,852643.593233508,0.027371186997951918,0.14787358441280204,35.51053119195733,-15.847583142587862,19.5509571180874,59.48140842504356
AI,"C3.ai, Inc.",PASSA_FASE0,,0,8.85,6210797.938498143,0.5883242175330822,0.8478751443304057,46.98407300291204,0.02260397830016192,2.1413564049828366,44.74331295739552
ATOM,Atomera Incorporated Common Stock,PASSA_FASE0,,0,4.465,1569325.5991346028,0.4781387001912031,0.45568909288996623,28.7107024065391,-27.17041145047506,1.4773766841535898,68.22545439694548
KOP,"Koppers Holdings, Inc.",PASSA_FASE0,,0,49.21,180478.59514119048,0.7490746097244263,0.8543349263095495,58.38733097738511,1.445092663217129,1.8917401952356794,27.61716201102341
XBIT,XBiotech Inc,PASSA_FASE0,,0,2.25,33188.26355028571,1.0716086247210073,1.2817281527563924,39.73088186855761,-1.9394203530180953,3.02435565945773,23.548019850208885
NERV,"Minerva Neurosciences, Inc",PASSA_FASE0,,0,4.09,219585.11672414283,0.7445800987841892,0.8548423857633959,41.275592249636965,-8.536926259294464,1.7547600726115005,70.1945469150364
MDCX,Medicus Pharma Ltd. Common Stock,PASSA_FASE0,,0,0.27,2079482.5245817143,0.5546419988400714,0.6266075855473231,34.52473061901944,-28.75707481826457,2.94289769746642,118.0819528227858
BSX,Boston Scientific Corp.,PASSA_FASE0,,0,46.04,20318624.74533573,2.524120667857315,0.9316836308604189,54.450694349126074,3.8094271766947463,1.0,31.520137517971232
MH,"McGraw Hill, Inc.",PASSA_FASE0,,0,11.2,708722.1771190161,0.8308340614944767,1.1332112012717215,60.634633695047185,11.387369467926423,3.278278667613989,62.2943331235621
MYGN,Myriad Genetics Inc,PASSA_FASE0,,0,5.04,1605454.0194143176,0.9190622579445026,0.6303371551676251,37.853944178149526,-13.750320869342003,1.1023163490014607,47.17153136182659
FIGS,"FIGS, Inc.",PASSA_FASE0,,0,10.56,3286976.8765801117,1.084280151988814,0.8671678669965781,51.19182704760612,5.194999252876409,1.5251178023315923,45.40414484261723
HLP,Hongli Group Inc. Class A Ordinary Shares,PASSA_FASE0,,0,1.24,1955052.7777314603,0.035333762528475594,1.4479617353266592,71.51808139045136,18.47775198020274,716.4148124423518,136.50915727643377
GIB,CGI Inc.,PASSA_FASE0,,0,74.5,516482.74391287303,3.1586505529722086,0.8649548706580039,68.68663326745924,10.562831595740718,1.0,35.942332109378825
LGIH,"LGI Homes, Inc.",PASSA_FASE0,,0,58.05,392584.08442155557,0.8165702555551648,0.6693529504932261,50.054670253900504,-1.6772456078692155,1.1594325717061105,44.121628574473334
SFBC,"Sound Financial Bancorp, Inc.",PASSA_FASE0,,0,44.12,10619.589819,0.5725645249613384,0.9778360707229119,47.12431736018084,-2.1018588886608236,6.227697795691217,33.59655570583056
AMOD,"Alpha Modus Holdings, Inc. Class A Common Stock",PASSA_FASE0,,0,3.8,48338.77085895239,0.5816239180354144,0.44211965482965887,34.54519766472286,-5.319664482789976,2.601769284937168,66.28276715124166
SIEB,Siebert Financial Corp,PASSA_FASE0,,0,1.61,60243.74542244442,0.14094636386662207,0.36894466857665276,40.29366001542813,-3.4482758620689613,7.26902769274089,34.14698892584923
MSCI,"MSCI, Inc.",PASSA_FASE0,,0,582.92,712841.3791924602,0.7681012963126135,1.0479903249919271,47.89493331160491,-2.3038833251070923,3.671452044760754,49.45249760619891
VBNK,VersaBank Common Shares,PASSA_FASE0,,0,19.34,99676.10304612698,1.1100271792206582,1.5991441817416991,39.062554686226704,-8.397669682186349,2.394883648634351,36.15881099372963
GGRP,"The Glimpse Group, Inc. Common Stock",PASSA_FASE0,,0,0.9,329283.8671151429,0.16574052982958973,0.35728177769566083,57.13635532043706,8.010801080108031,11.625728731609122,85.55011216457035
PLSE,"Pulse Biosciences, Inc Common Stock (DE)",PASSA_FASE0,,0,34.25,360177.5574989683,2.5710486399410173,0.8936125364746579,65.90265679660423,16.941094124777003,1.0,65.63634698003736
INVX,"Innovex International, Inc.",PASSA_FASE0,,0,25.73,421016.0390867142,0.8606015034866015,0.7887400528870471,47.365143323000325,0.7439310884886474,1.3666566651727006,30.55183337070067
ACTG,Acacia Research Corporation,PASSA_FASE0,,0,4.52,248238.2219145239,1.0338109089597254,0.9600172808908072,44.9598093440619,-0.06632765863365808,2.7064902048373196,21.153025010853614
LMAT,"LeMaitre Vascular, Inc.",PASSA_FASE0,,0,103.57,317214.9035615555,0.9878115619469776,0.9531421137538983,58.365970717041044,2.5653721795017903,1.8432742863201235,36.04773827274582
SKYE,"Skye Bioscience, Inc. Common Stock",PASSA_FASE0,,0,0.615,155095.64600152377,0.623901294424792,0.7014710518200565,38.441934206264314,-6.505115614405832,4.023668701591553,46.62583838799091
NAMS,NewAmsterdam Pharma Company N.V. Ordinary Shares,PASSA_FASE0,,0,27.91,1293876.241695667,1.00567373173242,0.732797430012564,35.31693810273005,-14.14817207277872,1.3043054747503553,62.77642987431656
NXST,"Nexstar Media Group, Inc. Common Stock",PASSA_FASE0,,0,196.94,387243.2042849049,0.9826481162366345,0.9543097746440051,69.66539221290137,8.044053709316845,2.1909431658782985,25.856666792900317
BODI,"The Beachbody Company, Inc. Class A Common Stock",PASSA_FASE0,,0,9.92,48167.318562428554,0.27375019607766143,0.5352544792707288,42.23879258144643,-7.4691602733017675,4.113191594875945,64.62215836619532
GRMN,Garmin Ltd,PASSA_FASE0,,0,294.83,857901.7428324284,4.271675837107853,0.9629439837666958,79.8483511574825,19.702398473421923,1.0,58.36272784444958
HSIC,Henry Schein Inc,PASSA_FASE0,,0,85.83,1512931.9084853018,1.1933760549188261,0.8773702700879652,56.36463470060799,0.10204974195995309,1.1922895947979895,22.649939549809257
CRM,"Salesforce, Inc.",PASSA_FASE0,,0,188.38,14752884.892851857,1.2295545753002541,0.8599104751306549,64.69740966212464,11.564496929281676,1.0,48.089140540432105
EPRT,"Essential Properties Realty Trust, Inc.",PASSA_FASE0,,0,32.0,1899907.901287968,0.8329847663569072,0.9088198377074589,53.38210119393623,0.5025125628140836,1.7512756350496308,25.444696402808248
TOST,"Toast, Inc.",PASSA_FASE0,,0,32.6,12690830.35149519,0.6406628550399847,1.0423301774789517,69.09549469379544,9.072051123341751,1.641010330300331,39.284877536789345
S,"SentinelOne, Inc.",PASSA_FASE0,,0,18.52,8000966.716805523,0.651405812078531,0.9327233354393781,55.458057166170725,0.048619739614275126,2.595076004509438,52.580758442461786
SPFI,"South Plains Financial, Inc. Common Stock",PASSA_FASE0,,0,45.1,148070.92383638097,0.7383566265501875,1.1406676713450166,60.556615411704776,3.5092148447361637,2.7454008438229534,30.722812698353525
IZEA,"IZEA Worldwide, Inc. Common Stock",PASSA_FASE0,,0,3.35,50628.2396960635,1.3094451682694912,0.7341888452402608,40.25516895621718,-4.28571428571426,1.3546339718797142,35.31891039298166
TEN,Tsakos Energy Navigation Ltd.,PASSA_FASE0,,0,39.42,292582.1333181745,0.5039239785625059,0.7852538034174911,53.00321542759605,1.5233655691051728,2.382186123485557,37.238108443137506
ULTA,"Ulta Beauty, Inc. Common Stock",PASSA_FASE0,,0,508.09,754817.911503,0.7446474808921729,0.7634237313276313,65.15809055437441,7.2094555494540025,1.3778418970323303,22.7962179112187
ADBE,Adobe Inc.,PASSA_FASE0,,0,263.43,6282488.404083872,1.572909227537044,0.8850964480965821,68.5498451593203,15.692969839370186,1.0,50.78142250315465
GDTC,CytoMed Therapeutics Limited Ordinary Shares,PASSA_FASE0,,1,0.91,80093.16229604762,0.2363478584355276,2.515125662191399,41.791748864291364,-6.186732422550822,172.04401778498774,74.29431431281854
GBCI,Glacier Bancorp Inc,PASSA_FASE0,,0,48.81,1124960.000722397,1.0129778170754764,1.125125294751425,40.019520617824746,-5.262851430956006,1.7176762724290742,28.647882042245477
BCO,The Brink's Company,PASSA_FASE0,,0,121.71,504636.63547879364,1.3404776103704557,1.180068992196515,69.18346275219047,8.036855560289723,1.6650563841864314,32.79830437113529
IVT,InvenTrust Properties Corp.,PASSA_FASE0,,0,35.78,935773.4760738569,0.6343060132355708,0.6754250991018848,52.078476019326395,-0.18968980138361902,1.8422635827227039,19.35999923746414
REPL,"Replimune Group, Inc.",PASSA_FASE0,,0,5.41,5710807.262732364,2.5033876750075845,0.7583708658044878,24.262324967958733,-45.912169761803575,1.6801796499010577,175.76946910649346
RSG,Republic Services Inc.,PASSA_FASE0,,0,218.91,1676173.2895898886,0.9876199232515119,0.7599586585326852,54.144146076326436,0.10838100725740762,1.193425729833486,24.292456955537755
CPF,Central Pacific Financial Corporation,PASSA_FASE0,,0,39.47,147946.92572207935,1.1487444702045368,0.9828157274129157,61.69500405851512,1.9633169723585642,1.4445357891338917,21.342423324084837
FR,"First Industrial Realty Trust, Inc.",PASSA_FASE0,,0,65.33,1130369.3373028573,1.1707945895620275,1.2401511999007464,49.67234524823652,-0.6357607835979939,1.9493934762750036,21.45746795536807
STLD,Steel Dynamics Inc,PASSA_FASE0,,0,252.34,1201065.4389427463,1.1056272408828351,1.0208791951547858,58.56889122007078,7.280573092702425,1.3691355491856165,32.633932955878215
ABTS,Abits Group Inc Ordinary Shares,PASSA_FASE0,,0,1.04,2501023.5138519197,0.011057470523500802,0.011620213719998126,39.77982505409446,-12.236286919831208,5.759259034471648,68.97291543902176
APPS,"Digital Turbine, Inc.",PASSA_FASE0,,0,8.12,5736654.450457033,0.37702719719063543,0.5859756649418529,41.17345346006893,-16.280028868955586,2.9099381994308966,90.40014337760587
EFSC,Enterprise Financial Services Corporation,PASSA_FASE0,,0,66.19,259301.31279342857,0.9009315606786253,0.909581443045541,54.0577997814357,0.25977566894126447,2.740146132685157,21.46024495455284
MBX,"MBX Biosciences, Inc. Common Stock",PASSA_FASE0,,0,63.96,847271.8403498731,0.6665208146960275,0.955540468497551,62.79215929075614,5.7124558395140745,2.6022444742094026,76.46938257564535
SKY,"Champion Homes, Inc.",PASSA_FASE0,,0,80.32,774997.7249866506,0.6564170711749673,0.7774172209326526,46.73082686366734,-2.5183566964015025,1.775436142998468,40.3617067364388
SHEN,Shenandoah Telecom Co,PASSA_FASE0,,0,12.71,411003.0583023174,2.097857218173742,1.0981147399021804,48.31299357599021,3.1362843348075042,1.0,54.29666146857274
CLH,"Clean Harbors, Inc",PASSA_FASE0,,0,326.34,521138.57987426996,2.8596567846129233,0.8191045525766603,73.27076578523975,7.377471262854995,1.0,29.747239880096327
BLUW,Blue Water Acquisition Corp. III Class A Ordinary Shares,QUARENTENA,ILIQUIDEZ,8,10.36,,,,,,,
JACS,Jackson Acquisition Company II,QUARENTENA,INTERRUPCAO,25,10.705,,,,,,,
NPT,Texxon Holding Limited Ordinary shares,PASSA_FASE0,,0,2.93,2408138.6300095553,0.013685017333852263,0.0510890573971075,60.926465090376574,11.227104488943729,36.308158240429734,56.52642208858786
EBS,"Emergent Biosolutions, Inc.",PASSA_FASE0,,0,7.35,838419.8289319682,0.6830238343366606,0.8274556778685078,38.08940551193902,-5.642210668207204,2.1053820906587974,34.305504486902834
JBSS,John B. Sanfilippo & SON,PASSA_FASE0,,0,84.36,123907.20413304763,0.6825593795029633,0.9186723845239281,54.54491623730808,-0.1686340640809414,2.0059232904397963,36.94784875895256
PLCE,"Children's Place, Inc.",PASSA_FASE0,,0,2.42,466897.1080908889,0.16638172287389225,0.5879738568758917,32.707033849118304,-14.766223474509122,15.275826462385366,71.2552307029971
CAG,"Conagra Brands, Inc.",PASSA_FASE0,,0,15.5,17861928.98774403,0.9615152028379633,0.914238792759079,65.59693258906321,7.4970525001733845,1.8965387258537738,40.34092099005909
UNF,Unifirst Corp,PASSA_FASE0,,0,301.19,207238.748436508,0.6561035549954468,0.7059817263742749,77.47248088993598,6.304353964309928,1.6952629319525288,19.31999257014437
VYGR,"Voyager Therapeutics, Inc. Common Stock",PASSA_FASE0,,0,3.0,634267.2216243016,0.9311666409884852,1.1913692439873482,34.88877555706256,-9.159727479182456,2.796255939337755,53.081804369649056
PALI,"Palisade Bio, Inc. Common Stock",PASSA_FASE0,,0,1.96,3388422.936397618,0.4897825359618135,0.9806391291674134,49.83896994725741,-0.9850972467795094,3.562294492721139,61.67530289902767
TAOX,Tao Synergies Inc. Common Stock,PASSA_FASE0,,0,3.23,123604.3035141746,0.3237978219861115,0.7396692107177765,37.40163054259861,-10.340041637751563,3.942130798041866,65.8347626408718
ASBP,"Aspire Biopharma Holdings, Inc. Common Stock",PASSA_FASE0,,0,5.61,532470.0600217619,0.22491244271481756,0.13147554129548397,41.99871466736809,-12.449767859232985,1.1157912201126265,122.12872307989603
HTGC,"Hercules Capital, Inc.",PASSA_FASE0,,0,15.97,1563965.6417413808,0.9578539135789528,0.8801005393488759,52.09774655369062,-0.06570507806390458,1.828698807282278,19.222198197711688
VRDN,"Viridian Therapeutics, Inc. Common Stock",PASSA_FASE0,,0,19.88,2536763.4415811272,0.8063778329259642,0.7738656184837124,61.55112902423815,3.3102946526009536,1.6999155030040543,46.81253007284585
DV,"DoubleVerify Holdings, Inc.",PASSA_FASE0,,0,11.52,3030475.796187048,0.6901566501691035,0.6950334291757352,56.32420875404897,1.3460015835312644,2.7031473461086266,42.86903994833874
CDRE,"Cadre Holdings, Inc.",PASSA_FASE0,,0,30.54,402706.2083136666,1.0926654094546946,0.7564515049853077,52.65685010578991,2.467748158835059,1.072760140376203,51.73714083080703
GE,GE Aerospace,PASSA_FASE0,,0,350.63,5046445.796684969,0.7384532550996575,0.8055946856642592,49.23553566583384,-1.7329781524522025,1.8471803660610617,30.23222562006461
MSGE,Madison Square Garden Entertainment Corp.,PASSA_FASE0,,0,75.99,492378.55669090484,0.625087136512347,0.8489337063079115,51.607356616820674,0.07045360268118639,2.2940063807007243,22.746984101510588
LKFN,Lakeland Financial Corp,PASSA_FASE0,,0,63.33,210098.24445974609,0.9767673617868745,0.9674848395893906,58.111464639810826,2.5487402033810502,2.065990989405414,28.50858009857909
GFS,GlobalFoundries Inc. Ordinary Shares,PASSA_FASE0,,0,47.07,4650547.280954174,1.260563864042084,0.7500004243622741,24.014668479045298,-23.296912810735492,1.0,59.0092061375494
EXE,Expand Energy Corporation Common Stock,PASSA_FASE0,,0,92.46,3612484.9825601745,1.7815195873586716,1.1783318425108205,57.13181875791666,3.4604302458947522,1.0,30.69116834796161
IVVD,"Invivyd, Inc. Common Stock",PASSA_FASE0,,0,0.543,4327203.67319219,0.8890247992399359,0.7799826169376138,24.261372139667145,-26.773517096293485,3.363487118827195,85.76106592033258
PBFS,"Pioneer Bancorp, Inc. Common Stock",PASSA_FASE0,,0,17.76,20108.23993028571,0.4227592598592598,0.6009016701606623,62.56058024108464,2.9714451369763806,3.1790584665883186,20.533227045719094
HOMB,"Home BancShares, Inc.",PASSA_FASE0,,0,31.43,1789994.1092104444,1.0413743887722753,1.131342058249263,74.18403525329322,5.422040350847768,2.1785170506103433,20.6354114546514
MTZ,"MasTec, Inc.",PASSA_FASE0,,0,287.42,1205677.3752967617,1.1987154476422577,0.9736252557324593,29.72792213901593,-18.76384931940487,2.7791760128903804,63.808615343793015
ABVC,"ABVC BioPharma, Inc. Common Stock",PASSA_FASE0,,0,1.01,137244.13347063496,0.3276592293077629,1.2692522734607203,34.206965098273514,-27.728085867620745,11.583145264413348,144.01889784952382
MRNA,"Moderna, Inc. Common Stock",PASSA_FASE0,,0,54.49,7683027.371157476,0.5664041291005321,0.9243352734900974,38.16834648968698,-17.087329151434695,3.9747412158456084,73.44871901181112
EME,"EMCOR Group, Inc.",PASSA_FASE0,,0,672.48,426267.4924320317,1.7958784383190158,1.0506207996283201,27.646360443601466,-11.322156735661615,1.994519858135728,34.81001547301704
LINC,Lincoln Educational Services,PASSA_FASE0,,0,43.44,568467.3617565555,1.0518157725756272,1.0635878645244448,42.77926232113211,-8.214525304921539,3.183587749602855,75.72107664207951
VIRT,"Virtu Financial, Inc. Class A",PASSA_FASE0,,0,57.93,1321264.2075605555,0.6333573569634797,0.8949663850544102,45.65588233923788,-4.571287373362987,2.6453129718718076,45.72595573855492
IRTC,"iRhythm Holdings, Inc. Common Stock",PASSA_FASE0,,0,122.44,574072.5833850794,1.5990990697516378,0.8986689265104497,60.6480871767626,5.211374411655401,1.0,47.32155949437852
APPN,Appian Corporation Class A Common Stock,PASSA_FASE0,,0,28.74,957330.0475868728,1.2456606616902264,0.7959730714456674,66.53781420192504,14.424493371023605,1.4031412761259805,68.7916598228297
TIPT,Tiptree Inc. Common Stock,PASSA_FASE0,,0,18.46,278531.18720590475,1.1091851583988457,0.7558707523967957,61.696262747999654,2.578350744609903,1.2254706197760796,21.96865634317807
MYPS,"PLAYSTUDIOS, Inc. Class A Common Stock",PASSA_FASE0,,0,0.592,954386.5680197779,0.27161359952482905,0.7368338064968207,42.602135768407194,-14.597729338276666,7.497520981259101,99.21317367589445
NTB,The Bank of N.T. Butterfield & Son Limited,PASSA_FASE0,,0,60.94,194792.4217689048,1.197337287996239,0.7330984365383346,55.15384590848369,0.4640734604383523,1.0,17.631817203471574
SKE,Skeena Resources Limited,PASSA_FASE0,,0,25.68,798094.6278324286,0.6460317347785186,0.7817645474995623,43.874621152119914,-4.191616766467076,1.9663373304182858,63.17703947538402
NEO,"NeoGenomics, Inc.",PASSA_FASE0,,0,15.27,2707115.237093873,3.1148477319414534,1.020908078523502,63.64394561516611,6.115357887421835,1.2768272234232947,61.960149701341095
ZYME,Zymeworks Inc.,PASSA_FASE0,,0,22.01,631762.5121962379,0.5389453708678403,0.7988818144771925,32.83689749835112,-10.362662648394371,2.6479262226177105,36.087771454138256
IDA,"IDACORP, Inc.",PASSA_FASE0,,0,144.4,575183.4091565238,0.944080242834732,0.9890636094850188,42.031383437300605,-3.33119108826051,2.8567811639621126,22.80323462015388
PWP,Perella Weinberg Partners Class A Common Stock,PASSA_FASE0,,0,14.85,1335366.65020319,1.0117481292440715,0.7584004914227869,42.03554847366811,-5.51181102362206,1.0,63.25830912463466
FRMI,Fermi Inc. Common Stock,PASSA_FASE0,,0,5.86,18331687.899809442,0.6968181463288378,0.9980700296632472,40.347399005252996,-14.55234762321378,5.697979181141155,109.4343124111273
CMRC,"Commerce.com, Inc. Series 1 Common Stock",PASSA_FASE0,,0,3.3,733297.9351848095,1.0939262525904045,0.7592504322492513,62.3215075142639,8.633034318163112,1.3502805323664044,64.83065377781058
BHF,"Brighthouse Financial, Inc.",PASSA_FASE0,,0,62.9,516410.9092157144,1.2623338999945417,1.0342422886746165,41.646910703509896,-2.5644600382616622,2.0163183219633973,14.645592185536039
SENEA,Seneca Foods Corp,PASSA_FASE0,,0,170.12,139907.40395507938,0.8343903064235352,0.8036419058225831,54.84339979611415,-0.9017405690052716,1.3870095729724716,33.445866283905545
SENS,"Senseonics Holdings, Inc. Common Stock",PASSA_FASE0,,0,4.87,907139.1175816985,0.5086588715434195,0.6003959834055426,34.41103831215021,-5.510283275126127,1.9469674174500498,40.08747416777074
BLNK,Blink Charging Co. Common Stock,PASSA_FASE0,,0,0.4701,2066519.3836349999,1.7929150682127908,0.5002376396327995,29.994399218367107,-16.908963969139123,1.0,62.68939397097388
ABTC,American Bitcoin Corp. Class A Common Stock,PASSA_FASE0,,0,5.19,1181630.7911663018,1.4700725438717213,1.6183054374106292,26.10851317626694,-16.76155955798625,3.167655662113762,131.00523002950484
SRL,Scully Royalty Ltd. Common Shares,QUARENTENA,INTERRUPCAO,37,4.95,,,,,,,
BLZE,"Backblaze, Inc. Class A Common Stock",PASSA_FASE0,,0,11.38,3467342.5539206187,0.29174912859998875,0.6790514819915033,40.92316207660656,-21.471207259427928,3.592938208749429,81.91507878898376
LBGJ,Li Bang International Corporation Inc. Class A Ordinary Shares,PASSA_FASE0,,0,0.024,16922968.673040193,5.057581178992928,3.110168829500719,31.87105501249519,-97.3970337029907,3.1343071917041074,951.9684716849124
ADT,ADT Inc.,PASSA_FASE0,,0,7.41,10846738.480932778,0.8785626528524451,0.710388118249479,68.88558495201625,7.243650047036687,1.1974464282609512,28.763473862804055
UBER,"Uber Technologies, Inc.",PASSA_FASE0,,0,71.2,20085526.195997015,0.6000376550187638,0.8454505841815799,48.86303871725618,-1.1701345030051713,2.3204583925450235,34.22105096511231
VERI,"Veritone, Inc. Common Stock",PASSA_FASE0,,0,0.9989,2696359.4905456197,1.2503575449031763,0.8436565460171576,32.097311613260445,-12.006307286413342,1.0,70.43021824111041
HCC,"Warrior Met Coal, Inc.",PASSA_FASE0,,0,79.02,833870.7454575237,1.4162389981567671,0.7767915324347414,41.72747848268805,-1.4369106421194489,1.235988278745555,34.668797792633846
FHB,"First Hawaiian, Inc. Common Stock",PASSA_FASE0,,0,28.0,2068732.4882546982,1.3003884112597712,1.454859509315469,42.67697775490724,-3.973112471492035,3.879723612133159,27.384134832190444
RPM,"RPM International, Inc.",PASSA_FASE0,,0,108.37,871838.2115497618,1.4087032020904953,1.206190220513153,53.375124520649535,2.1154299175500713,1.5136683400059594,39.453386493515666
UBCP,United Bancorp Inc/OH,PASSA_FASE0,,2,15.79,8916.062004,0.046301068769462994,1.0427099419428847,51.66144408990329,0.7593001344520678,133.52075949219906,38.916062609345126
BIYA,Baiya International Group Inc Class A Ordinary Shares,PASSA_FASE0,,0,5.83,5562315.850375111,0.5329110850686588,2.6846153799261456,54.974506813086954,39.235518192565344,30.512388041615118,404.5400395312318
PAYS,"Paysign, Inc. Common Stock",PASSA_FASE0,,0,9.25,676984.7148422855,1.0783254248540421,0.7306211968896219,64.06395891059344,5.841295268608038,1.1676237017079054,47.00426447546494
PROK,ProKidney Corp. Class A Ordinary Shares,PASSA_FASE0,,0,1.54,1140278.5223210475,0.5096980077279424,1.1388001474241494,39.50681677574165,-8.265078183171992,3.5242432855415666,58.516246071567735
HD,"Home Depot, Inc.",PASSA_FASE0,,0,338.27,4875203.89531992,0.826634429655694,0.7655264755728831,51.24497939503731,-0.4887749443637901,1.1223545037722573,27.17016083415557
OMC,Omnicom Group Inc.,PASSA_FASE0,,0,82.58,4188807.424568238,1.759318182606976,0.8104715422413887,55.92260822908946,2.15935027741867,1.0,43.20512001288262
MTG,MGIC Investment Corp.,PASSA_FASE0,,0,30.58,1997498.4583720153,1.0756742665294377,0.9107223949623432,77.62950084615605,5.772889211718701,1.2161017530809402,19.152509871667984
AMLX,"Amylyx Pharmaceuticals, Inc. Common Stock",PASSA_FASE0,,0,19.73,1485394.719845762,1.3941682653901137,1.0990844010234,65.15160674163141,8.714218805961904,1.6470484893652892,50.385803425081455
AGBK,AGI Inc,PASSA_FASE0,,0,7.16,402568.9056317938,0.6893050417132972,0.6928537266653999,54.44846350887008,1.979774960831815,2.38840910480765,41.45296396698413
ERIE,Erie Indemnity Co,PASSA_FASE0,,0,248.55,234920.349217873,1.3253313678213803,1.188911328846903,59.45315912081865,5.071257589448486,2.0601934009449248,67.16400742591875
NNN,"NNN REIT, Inc.",PASSA_FASE0,,0,48.85,1823255.6237413334,0.9393643226507784,0.7842754711721465,59.436573279975185,1.5719216534286984,2.250088288747525,19.164784505417867
DEC,Diversified Energy Company,PASSA_FASE0,,0,13.05,969254.158653524,0.8360193468209411,0.96265507540591,45.262962790714106,-2.553763440860224,1.7556991674957279,43.26407292896152
SEVN,Seven Hills Realty Trust Common Stock,PASSA_FASE0,,0,7.66,130605.13925101588,2.628224821859987,1.1511168537365237,35.51661979003299,-7.224610912614294,1.0,35.06147402157306
TRNS,Transcat Inc,PASSA_FASE0,,0,81.35,165423.7029913968,1.5299401860455415,0.7834069925601279,37.27947194140055,-7.568372135301271,1.0,41.87649369638105
OWLT,"Owlet, Inc.",PASSA_FASE0,,0,5.05,210749.0964393492,0.45249411588079635,0.692545873014708,39.051717727779845,-11.193176822298433,2.654598615257669,61.256650402837835
DBCA,D. Boral Acquisition I Corp. Class A Ordinary Shares,QUARENTENA,ILIQUIDEZ,11,9.98,,,,,,,
PIPR,Piper Sandler Companies,PASSA_FASE0,,0,73.82,626217.1827535239,1.1734616599768875,0.982608551876146,43.35293105002847,-1.269242600543008,1.2202344436347485,40.29935449725686
VAL,Valaris Limited,PASSA_FASE0,,0,74.18,933641.9463570317,0.9743824416261976,0.9602308368416185,39.0411631673653,-3.2199144139442692,1.7301618222925315,37.46717503208182
CARE,"Carter Bankshares, Inc. Common Stock",PASSA_FASE0,,0,34.51,375209.2543915714,0.9951589471066836,1.0275879870199736,66.84704565822685,4.223608111985255,1.3924185892922327,30.0860036175325
PHM,"Pultegroup, Inc.",PASSA_FASE0,,0,132.31,1839895.0396606028,1.421499673482164,0.9925033304472646,57.61949238991843,3.6493891571975245,1.1645309317630106,35.660351359741846
GASS,"StealthGas, Inc.",PASSA_FASE0,,0,8.76,134481.20830588893,0.46398762719376613,0.7947671543174979,49.77532410111872,0.9740072618293016,3.0384401216129886,31.455778806865137
XRN,Chiron Real Estate Inc.,PASSA_FASE0,,0,36.94,145992.52264415871,0.43523856134656874,0.4929931450683082,49.24097501678563,-0.845524090726113,1.51023276187517,24.036732374391818
LANV,Lanvin Group Holdings Limited,PASSA_FASE0,,0,1.26,12247.487279333332,0.17179033968464158,1.4065089728623645,43.07599818656095,-4.200722296141435,41.138783269961976,90.28709408599376
BMO,Bank of Montreal,PASSA_FASE0,,0,175.29,803039.0139811906,4.0330923177175295,0.8421416958919883,48.28288558673492,-1.760344334784869,1.0,21.485867660084182
NTRS,Northern Trust Corp,PASSA_FASE0,,0,177.65,1101551.415468476,0.8956638361536697,0.9663577277621077,46.940721730294115,-2.4445158332029204,2.818317785426021,24.440376994697385
BOBS,"Bobs Discount Furniture, Inc.",PASSA_FASE0,,0,16.85,1109599.2115878414,1.2150290955179452,0.8193862606120138,60.81452663076672,6.054884189325294,1.6485187144564435,63.54065113118684
CAAP,Corporacion America Airports S.A.,PASSA_FASE0,,0,25.53,210343.88553561905,0.42277109208834734,0.92806628297376,51.35587828052828,1.6787143795925719,4.589259086819712,24.838974179975565
IBRX,"ImmunityBio, Inc. Common Stock",PASSA_FASE0,,0,6.83,12619000.223324033,0.6912844857778399,0.7988435424983469,36.83973411808329,-14.139350702410503,1.883427353597263,60.48958120667357
FTNT,"Fortinet, Inc.",PASSA_FASE0,,0,153.22,6100725.706925634,2.029333391999837,0.78301494352737,50.1461545116368,-3.0728598314118227,1.0,38.094241062869216
QNST,"QuinStreet, Inc.",PASSA_FASE0,,0,16.13,808448.0074164761,0.8301325592027461,0.8650051028843664,56.58025261016264,-1.4871591290805286,1.498575205147764,45.44305951522961
GIC,Global Industrial Company,PASSA_FASE0,,0,35.98,117859.27161626983,0.966039359811237,0.8834668026161988,67.9248716175384,5.371053710537099,1.5028706704699164,20.731075612221744
EQBK,"Equity Bancshares, Inc.",PASSA_FASE0,,0,50.72,126582.45419426984,1.1768078121584034,1.243224811928349,60.603887961954435,2.2353913446614637,1.7354406046119242,24.673049155337694
LNC,Lincoln National Corp.,PASSA_FASE0,,0,41.43,1818555.6960321749,2.1282876935684034,0.9940845743475459,58.56060955508886,2.4569386569065044,1.0,29.989302857851
VS,Versus Systems Inc. Common Stock,PASSA_FASE0,,0,1.27,52281.165946317466,0.33399708449367427,1.2971947578041145,42.14904602677902,-12.998801164582986,30.303608955731086,95.81894038457278
NI,NiSource Inc.,PASSA_FASE0,,0,44.81,4638643.12700919,0.9520082393997997,1.0068737801681067,37.53027378118723,-3.466253042934997,1.8910028712925069,20.51397875022226
ONB,Old National Bancorp,PASSA_FASE0,,0,26.68,3927369.6669322536,1.393598849822102,1.269558005711831,57.903193751319705,1.0768779064811662,1.4491387990958893,22.782478334066255
WAT,Waters Corp,PASSA_FASE0,,0,379.48,1017636.9801782538,0.7105633178968588,0.8197119785754376,54.940308989767814,1.2998834789734737,2.0173064073588853,28.610537736665503
SU,"Suncor Energy, Inc.",PASSA_FASE0,,0,65.8,4204623.501552889,0.8384104460347144,0.9365744493384137,65.73998857243373,7.9006920074776055,2.084240788000433,29.300703087690337
FCFS,"FirstCash Holdings, Inc. Common Stock",PASSA_FASE0,,0,202.22,448454.3495230317,1.2384961508160717,1.069870244859135,41.047682566666495,-4.8810660545539175,2.803874943012461,38.42659565839486
MTN,"Vail Resorts, Inc.",PASSA_FASE0,,0,160.01,798501.8978559049,0.8437828092258147,0.9433109739576054,70.64851981331009,8.803340053786268,2.0986742159203233,28.36456128231012
HCAT,"Health Catalyst, Inc Common Stock",PASSA_FASE0,,0,2.16,1513105.8771734764,0.5250112869959614,0.5197472535851408,57.52870171387029,-1.1893870082342106,2.422681691472159,49.18993177602001
ASIX,AdvanSix Inc.,PASSA_FASE0,,0,20.12,279328.2639339682,0.6648319527554148,0.8423839091416618,43.907313573066865,-2.6208164944461876,1.8764415398122938,37.22716190404622
PLMR,"Palomar Holdings, Inc. Common stock",PASSA_FASE0,,0,142.91,300327.6339316984,0.8858282189593765,1.0295243216467325,62.02548265205707,3.6176637990726457,1.7533184378156141,48.57496979316313
MCGA,Yorkville Acquisition Corp. Class A Ordinary Share,PASSA_FASE0,,0,10.23,60032.37226504761,0.7634047809681981,1.6578937037600185,54.983591886345074,0.046453631940557294,16.70671408933208,1.2177124454328199
ASRV,AmeriServ Financial Inc,PASSA_FASE0,,0,4.5,13379.92280568254,1.4655366567340755,1.2743583703792676,74.09471877689849,13.065326633165842,3.570335437223936,37.27338231128262
CSPI,CSP Inc.,PASSA_FASE0,,0,7.91,35028.94736761905,0.13371890484867796,0.5771124971196666,41.50178481745012,-3.3125534775699683,7.5617451098460355,34.21786940055411
ISOU,IsoEnergy Ltd.,PASSA_FASE0,,0,9.33,126290.63281514286,0.6093980024365827,0.826044480587885,43.12022824634597,-4.620731956655078,11.04113679587838,67.79955390773897
AKR,Acadia Realty Trust,PASSA_FASE0,,0,22.63,1442482.431714143,1.435793888227009,0.9024275323346642,60.35834595057078,3.688430698739986,1.0,19.51428499150854
RARE,Ultragenyx Pharmaceutical Inc.,PASSA_FASE0,,0,25.0,2168383.220747206,1.0748986078885214,0.9676363612991693,30.917645960628946,-18.242541675864377,1.8971220798604889,41.46508138527623
RITR,Reitar Logtech Holdings Limited Ordinary shares,PASSA_FASE0,,0,0.0728,1092633.655705603,5.505893918410397,1.2768924550078233,15.86858090082768,-67.61565836298932,1.0,97.03519404572143
DT,"Dynatrace, Inc.",PASSA_FASE0,,0,43.88,5655116.109278953,1.034386884499502,0.7419903909461482,53.547844792407794,-0.30218344580009715,1.2206250371652796,38.41270714503955
OWL,Blue Owl Capital Inc.,PASSA_FASE0,,0,9.55,23754407.187938247,0.8224820481664377,0.6528013618791095,52.85298227846775,1.7039403620873195,1.4669366669169657,34.15118775589861
HLF,Herbalife Ltd.,PASSA_FASE0,,0,12.51,1600325.1373425869,0.5563641239057766,0.911595031316814,51.23836784358851,-0.043945507570608555,3.7030453908037693,41.1305605810846
IZM,ICZOOM Group Inc. Class A Ordinary Shares,PASSA_FASE0,,0,0.239,1138228.5670478574,0.03166816423654603,1.522624175391858,37.23944439928753,-19.615229382483534,801.1831278336671,111.56053804121943
ASTI,"Ascent Solar Technologies, Inc. Common Stock",PASSA_FASE0,,0,2.79,1460225.8784060315,0.17767351734938844,0.2873443642453576,30.1130684683245,-22.67184035476719,3.317577117889655,80.3716324718708
SFD,"Smithfield Foods, Inc. Common Stock",PASSA_FASE0,,0,27.34,1295727.2122673176,0.7661077367472977,0.965628598931957,69.56539716226143,7.072922378005808,1.8532897541375168,17.499992281617146
INSP,"Inspire Medical Systems, Inc.",PASSA_FASE0,,0,51.07,1152966.8056121268,0.914958573934771,0.7833834485091876,56.10668196372046,1.3494741020043666,1.2784182433303546,45.70000566759445
ST,Sensata Technologies Holding plc,PASSA_FASE0,,0,46.0,2137704.146432174,1.8082592794805374,0.7531691645565298,48.880963093852614,1.4344149329099443,1.0,29.905598588946315
HLNE,Hamilton Lane Incorporated Class A Common Stock,PASSA_FASE0,,0,88.69,945129.7172483016,0.8394534436351475,0.7795208753683107,61.14497058570237,6.6357263950174605,1.3624697912507715,34.6217048708549
CPRT,Copart Inc,PASSA_FASE0,,0,30.82,11529442.51229895,1.261688848480796,1.1308125297859408,62.59201431753689,8.490566037735835,1.784675059850497,38.606953790462875
FWONA,Liberty Media Corporation Series A Liberty Formula One Common Stock,PASSA_FASE0,,0,93.5,159421.55746661907,1.1514292167446412,1.0409901718329355,64.18169642650999,2.958260611032504,1.3792834937699547,26.89590725983479
PTON,"Peloton Interactive, Inc. Class A Common Stock",PASSA_FASE0,,0,6.59,12091107.611830303,0.8774753306268817,0.621190615621188,63.198397338859266,7.547939616483079,1.0772699804312849,41.84426427452876
OTIS,Otis Worldwide Corporation,PASSA_FASE0,,0,73.36,3909222.1336453967,0.9355752658748141,1.0158262920052359,53.07035090288683,0.9640859075551012,2.330580037865538,26.508135624162122
OLB,"The OLB Group, Inc. Common Stock",PASSA_FASE0,,0,0.2746,268455.27262517455,0.5284350957713203,0.7497088939642843,24.305058922639816,-19.882128112736865,4.874160430421942,68.34815116792505
XYZ,"Block, Inc.",PASSA_FASE0,,0,82.18,5755550.823406255,0.8676887200631878,0.8433184138491792,60.33973016576195,3.8294861590165485,2.14686057020912,31.030393248764327
CYCN,"Cyclerion Therapeutics, Inc. Common Stock",PASSA_FASE0,,0,3.5,42587.2360741746,0.23639339924445002,0.538826799874562,49.293326172572236,-3.094067972589465,10.379698677749234,48.94370205863823
OCGN,"Ocugen, Inc. Common Stock",PASSA_FASE0,,0,1.19,7508486.031059906,0.9301009930276424,0.7114782876976599,33.46517730271441,-13.486005089058539,1.1011577135259665,35.60095162706783
XRAY,DENTSPLY SIRONA Inc.,PASSA_FASE0,,0,14.2,5857581.626945318,0.9628473586744011,0.8758590569795648,68.47387460755091,10.634982469809096,1.3739227856953604,50.62909530754227
CLAR,Clarus Corporation Common Stock,PASSA_FASE0,,0,3.26,280067.1590176826,0.2861394587679604,0.42915077827265535,51.247941071989146,-0.9720534629404809,3.391811640175346,27.911811482388813
PLTK,Playtika Holding Corp. Common Stock,PASSA_FASE0,,0,4.03,1502741.781591651,0.7974924320029688,0.8674386669426936,55.62332562529539,3.7122820562311087,3.354860521772624,70.63235673236724
UFPT,UFP Technologies Inc,PASSA_FASE0,,0,255.09,217350.99178696822,0.8329392001737103,0.987268008424684,56.39400701887874,2.237612571991976,1.6789329029275069,52.3398754354375
GM,General Motors Company,PASSA_FASE0,,0,89.4,8159489.110776476,0.9782882322163406,0.9223850495705105,70.63655893902592,12.547681694006263,1.6764942625046562,35.4097113943849
ATRC,"AtriCure, Inc.",PASSA_FASE0,,0,40.89,941084.8971400479,1.4748292973906405,1.0031400653854745,77.3783675289304,18.130538723213707,1.192416508801671,47.89164693474632
GOSS,"Gossamer Bio, Inc. Common Stock",PASSA_FASE0,,0,0.2067,23785303.169167113,1.272340351702724,1.8838885661584153,59.411450031698585,23.639191290824257,11.80029178896752,186.2114026182384
VST,Vistra Corp.,PASSA_FASE0,,0,142.81,4772907.71558219,1.032724868460977,0.8475377724204166,36.44925886127645,-9.083095923986573,1.434335844917242,43.72992081285173
AVNW,"Aviat Networks, Inc.",PASSA_FASE0,,0,19.53,185708.6538172698,0.716990370664233,0.6206623641430502,40.06553332580956,-6.275869515662668,1.1439256220708767,32.63732514559495
AVBC,"Avidia Bancorp, Inc.",PASSA_FASE0,,0,22.23,100674.15542925398,0.6860037450478741,0.6294268954680176,66.54073343085781,6.78772157371379,2.0937173474865416,33.657342705283725
EIG,"Employers Holdings, Inc.",PASSA_FASE0,,0,49.74,245075.0663294286,0.9250322503035373,0.8197127793492593,52.90812476121825,-1.2429019576698508,1.1657833706234424,22.10738870573418
OFIX,Orthofix Medical Inc. Common Stock (DE),PASSA_FASE0,,0,12.17,421144.1737129205,0.9010901116364118,0.8523095679619459,62.1644643664543,6.998417443291727,2.739645370302025,72.34327202737917
ADEA,Adeia Inc. Common Stock,PASSA_FASE0,,0,23.16,2063092.9029488415,0.8403215159681007,0.6410523325955841,30.809128107237314,-15.66988912556666,1.3463752023201265,59.479962607314526
PAHC,Phibro Animal Health Corporation Class A,PASSA_FASE0,,0,36.95,365060.02060588886,0.526321661821822,0.7521986923284594,66.9532102224519,9.568324523881898,2.7354029561540116,33.15416247339462
OTGA,OTG Acquisition Corp. I Class A Ordinary Share,QUARENTENA,INTERRUPCAO,18,10.18,,,,,,,
PEPG,PepGen Inc. Common Stock,PASSA_FASE0,,0,1.71,864986.6563331428,1.1002748682049626,1.3030173186042875,39.27395799053509,-17.847705981263516,2.55851013846821,96.43162719305535
CRH,CRH Public Limited Company,PASSA_FASE0,,0,99.71,4689631.803537808,1.048972098070671,0.7997536003171881,41.33414193154019,-3.251941801739744,1.158284472411484,29.968837465599606
FNWD,Finward Bancorp Common Stock,PASSA_FASE0,,0,44.24,21560.062388190476,0.8607459164480433,1.1494613350365162,81.90027281179512,14.190580051494184,12.497309494088208,72.69848569129714
CRSR,"Corsair Gaming, Inc. Common Stock",PASSA_FASE0,,0,10.275,2576613.88700238,0.5969824527451905,0.5683374929437565,56.94156377195247,6.1988062323970805,1.5354169096203678,62.71428317062413
KOYN,CSLM Digital Asset Acquisition Corp III Class A Ordinary Shares,QUARENTENA,INTERRUPCAO,7,10.17,,,,,,,
SGU,"Star Group, L.P. Common Units Representing Limited Partner Interest",PASSA_FASE0,,0,12.57,24020.312768523803,1.1504531138417102,0.8144075416592598,39.01518804913775,-2.761661638431201,1.6568939950237,14.981635664813103
LVLU,"Lulu's Fashion Lounge Holdings, Inc. Common Stock",PASSA_FASE0,,2,16.98,27228.681985380957,0.7631001200188755,2.1461646301875676,69.44719818046967,34.009589814639796,23.917551380002525,141.09957966730767
INO,"Inovio Pharmaceuticals, Inc.",PASSA_FASE0,,0,1.04,2314898.06436665,0.784050021264145,0.6778086952659145,41.39542541105908,-6.998372471518232,2.0494209969311203,55.14860114346634
SM,SM Energy Company,PASSA_FASE0,,0,31.72,3998431.696305953,0.7317551444570475,0.926972454444909,56.376097624690665,6.0443968975661955,2.3184338512247953,60.006179909539824
DAN,Dana Incorporated,PASSA_FASE0,,0,26.81,1515899.1311762382,0.7844096431280012,0.9377219855034585,43.185605571587075,0.19807900736257267,2.351810411005571,43.78226911866481
AXSM,"Axsome Therapeutics, Inc",PASSA_FASE0,,0,227.42,931397.5288624763,0.5615936771593394,0.8241178928319721,42.23359483575387,-4.334639467114243,2.0188462869266153,43.98951959919476
TTMI,TTM Technologies Inc,PASSA_FASE0,,0,101.77,2748761.931879238,2.4197648950732105,0.8829406902480617,26.37804827790984,-27.048425308325584,1.0,93.10514777484633
BELFA,Bel Fuse Inc,PASSA_FASE0,,0,202.44,152272.73517573014,1.2542071267952075,1.1387838320184591,34.912273504665535,-11.929958127141205,2.0754467107194157,88.08317656985504
GEHC,GE HealthCare Technologies Inc. Common Stock,PASSA_FASE0,,0,71.9,5713100.946846493,2.673190754461975,0.946332488107613,68.45789762796777,12.41796342116479,1.0,54.223972634461845
CTRM,Castor Maritime Inc. Common Stock,PASSA_FASE0,,0,1.89,50944.15260668254,0.5350364563414997,0.7231285963017011,39.77194481969503,-7.647202540923537,5.286671329563971,47.65263337000689
CXT,"Crane NXT, Co.",PASSA_FASE0,,0,52.0,970738.3381131429,0.6249185810577257,0.6936631662902005,58.24187712400162,0.7957045522829054,1.9053336645318555,29.574518702739216
SKYX,SKYX Platforms Corp. Common Stock,PASSA_FASE0,,0,1.06,1797605.3071879998,0.6892709021710833,0.7524567911976231,43.55234435421333,-9.207708779443236,1.8850214850348381,101.20176452185036
FNKO,"Funko, Inc. Class A Common Stock",PASSA_FASE0,,0,6.2,734401.4611910953,1.5535760561036231,0.9151549450345773,61.39176799269537,8.216607758432604,1.1722634615920948,46.874139852043854
MIND,"MIND Technology, Inc. Common Stock (DE)",PASSA_FASE0,,0,4.77,109240.48445338098,0.7440250563396734,0.7793514144143383,37.99337155479842,-8.57690464781985,1.891944539750122,59.332376006459356
FRAF,Franklin Financial Services Corporation Common Stock,PASSA_FASE0,,0,64.08,33857.3748135873,0.8891017825729214,1.3345203870891214,58.66494965986292,2.208292461181438,3.7291220680909896,23.506501502185927
VHI,"Valhi, Inc.",PASSA_FASE0,,0,13.75,12990.981785873017,0.3938012295239474,0.7014506176284059,47.97027197967411,-0.5317032589431059,4.954407621538693,31.07308546489126
CIVB,"Civista Bancshares, Inc.",PASSA_FASE0,,0,29.25,111885.60837846031,1.0772395498115146,1.1256193754316262,64.57828293927838,3.190982695665978,1.304907944472643,22.712296956412615
COR,"Cencora, Inc.",PASSA_FASE0,,0,318.61,1786290.4577736033,0.5527614752248446,0.8085326666068992,67.69525170407863,4.526896130887459,2.5277496093249052,25.497521642750453
MANH,Manhattan Associates Inc,PASSA_FASE0,,0,204.02,658075.0682732381,4.361885550124149,1.101935373770169,78.25852905105845,28.319711183161587,1.0,79.33132590344681
URBN,Urban Outfitters Inc,PASSA_FASE0,,0,75.4,1233765.994310381,0.6383429358062455,0.8710480307917234,57.599238911137434,5.347724335464044,1.9067953561844244,38.12090974616941
CRGY,Crescent Energy Company,PASSA_FASE0,,0,11.05,6598918.191627016,0.9601995232306009,0.8973169500929213,55.9562529984144,7.941779818306149,1.3829373657054818,50.97960058369632
EPOW,E-Power Inc. Class A Ordinary Shares,PASSA_FASE0,,0,0.44,319185.5946319683,0.07886207749765069,0.2504692796839113,32.84309212091509,-18.178352595512827,21.112113120198043,88.46489388508775
FLNG,FLEX LNG Ltd. Ordinary Shares,PASSA_FASE0,,0,31.27,431538.94886323804,0.5703257872628291,0.8156281377912123,55.979490550807434,2.618797584667898,2.411281141357541,32.9655984096882
GAP,"The Gap, Inc.",PASSA_FASE0,,0,20.29,8181545.740472382,0.5910737123627922,0.9314926402183664,52.43050895207407,3.6817496614629963,2.478396825557888,33.33522237167119
CVLG,"Covenant Logistics Group, Inc.",PASSA_FASE0,,0,41.5,191891.9691604921,1.070426873681227,0.865458143626901,37.05352379403741,-9.869799867519468,1.7068181069237993,39.98297061468029
LUCD,Lucid Diagnostics Inc. Common Stock,PASSA_FASE0,,0,0.9186,1383108.1416852858,0.8081697103734803,1.1349483671013876,41.356653304006656,-7.046871205375216,4.673438720686482,78.41641428708861
INVH,Invitation Homes Inc. Common Stock,PASSA_FASE0,,0,30.11,5445133.058461413,0.9414632560669736,0.6886520004900396,54.72289812736873,0.5610847638768401,1.1355017409834869,17.49620298002563
EXPD,"Expeditors International of Washington, Inc.",PASSA_FASE0,,0,170.13,1254568.19737927,0.7042802440630396,0.9925276973253802,48.176314729857296,-1.851002518194178,3.0911085107898972,25.120975967664627
ELME,Elme Communities,PASSA_FASE0,,0,1.63,1594581.7250110637,0.5545972374265509,1.0779041728794578,51.03316078175001,5.878531990906133,7.537282743753916,39.6132144837489
ZTEK,Zentek Ltd. Common Stock,PASSA_FASE0,,0,0.5504,203926.3868040794,0.4840032174150479,0.7340295825488807,58.14331068248078,10.38908945046131,9.988781725925614,74.21615956840166
KSS,Kohls Corporation,PASSA_FASE0,,0,19.06,4882925.811214904,0.544264832243636,0.7141102778984727,61.05988433388584,8.280073853145865,2.2318204163744673,55.694662975611585
KOS,Kosmos Energy Ltd.,PASSA_FASE0,,0,2.48,15263803.209239367,0.934793948527461,1.1249524400577702,51.90355670512539,6.392106392106389,2.9647821003842583,93.98354531752113
AVTR,"Avantor, Inc.",PASSA_FASE0,,0,14.38,10115310.097916955,4.230719635544221,1.0345651319094356,83.22377868817827,30.2005523111051,1.0,67.33376254077554
TMO,"Thermo Fisher Scientific, Inc.",PASSA_FASE0,,0,576.46,2367576.078357429,1.075741529341681,0.9455299665646014,69.95714306160494,7.3927278993623835,2.279696254051544,35.76083638317946
FUSE,Fusemachines Inc. Common stock,PASSA_FASE0,,0,0.781815,89530.11286825396,0.5954194928631907,0.507170446912847,20.655968872597228,-17.80368251992379,8.733474279881849,41.896091707424084
BCG,"Binah Capital Group, Inc. Common Stock",PASSA_FASE0,,0,1.43,51638.86484366667,0.24078663885511384,0.41321871894356815,42.188436246030996,-2.896139612263593,6.339238290407294,34.69109310520444
COLL,"Collegium Pharmaceutical, Inc. Common Stock",PASSA_FASE0,,0,36.29,430208.6214414445,0.8127522885372745,0.8999687076539633,55.325318185151794,1.1991076408254253,1.8496023562454833,30.814052450343898
EMN,Eastman Chemical Company,PASSA_FASE0,,0,67.28,1223942.8590068093,0.7972887686406045,1.03963954943931,42.0376178732388,-1.1946808432523048,2.430483458613814,22.371498907803833
ACN,Accenture PLC,PASSA_FASE0,,0,173.17,8425997.779715253,1.2959820142677545,1.024553122284194,70.04024809867194,21.070809329380836,1.391188299799725,51.653766488986484
WTTR,"Select Water Solutions, Inc.",PASSA_FASE0,,0,17.86,1825149.9405158574,0.6155522278813229,0.9517497314524378,38.49746709332274,-8.221993833504637,3.471960570191839,49.942155452503286
VET,VERMILION ENERGY INC.,PASSA_FASE0,,0,10.81,1514505.2776969208,1.2008800010361944,0.9923314133382339,57.6002595216453,9.004739336492928,1.9126364394518984,51.95805292703862
SRG,"Seritage Growth Properties Class A common shares of beneficial interest, par value $0.01",PASSA_FASE0,,0,2.45,295540.31666876184,0.9565286814855748,0.7112167158739364,44.93169386714672,-3.5243158101988636,2.4354374591252745,39.47072180935661
NVST,"Envista Holdings Corporation Common stock, $0.01 par value per share",PASSA_FASE0,,0,28.37,3122525.297892286,1.9377696293548894,0.8003103323488604,67.70939989802474,6.248712619141261,1.0,32.53946421569912
OBDC,Blue Owl Capital Corporation,PASSA_FASE0,,0,10.78,3570019.0858818726,0.8612527437041656,0.9500495562563156,45.55153382144152,-0.9919177075679686,1.826980524298819,17.910323110026958
ENTA,"Enanta Pharmaceuticals, Inc",PASSA_FASE0,,0,12.45,214634.81398249208,0.6862766882637001,0.829140991898763,39.01628206426689,-8.172296798937884,2.03279099399134,36.04978667317994
LFUS,Littelfuse Inc,PASSA_FASE0,,0,410.47,373214.1580699524,2.344708448943628,1.0993389861887253,45.75983127239603,0.004385409256157935,1.2585293031686304,39.57538535971234
NOMA,NOMADAR Corp. Class A Common Stock,PASSA_FASE0,,0,3.06,9097.03964230159,0.6001163691333303,0.9817237110379872,46.10891887871773,-5.285297089999075,5.367813641404592,120.62274260238053
EQH,"Equitable Holdings, Inc.",PASSA_FASE0,,0,48.35,3970079.2350991904,0.7565315680539457,0.6371358955876361,57.383856200592675,1.4541410495835017,1.201799406276468,32.49264112815782
LXU,LSB INDUSTRIES INC,PASSA_FASE0,,0,11.46,927910.6998124284,0.9636577015274798,0.7548217308682108,48.995707626907155,1.7174810278258512,1.151981858527841,37.63505884217677
WAL,Western Alliance Bancorporation,PASSA_FASE0,,0,80.7,1090938.304374889,0.7981630280091232,0.9839912484694572,47.08516237420263,-1.3290620758800387,2.705887610449752,30.309300503327048
OHI,Omega Healthcare Investors Inc.,PASSA_FASE0,,0,51.37,2260418.109577603,1.084132511425921,0.7959078972912178,65.31156282421409,3.2199728738634636,1.0803234646296884,21.042892645669973
FENC,Fennec Pharmaceuticals Inc. Common Stock,PASSA_FASE0,,0,9.65,270388.46256533335,0.3725391943587858,0.5913372287329602,43.11886312159698,-6.889231956773445,3.2483641626999336,45.86066877024456
PSA,Public Storage,PASSA_FASE0,,0,329.44,1035886.0908606983,1.6007106991737587,1.1504154157100803,59.10159464382102,2.589973312406757,2.217810861646338,24.733778544630304
TXT,"Textron, Inc.",PASSA_FASE0,,0,85.65,1557444.309637524,2.0393875656094753,1.027204663969036,37.75900825034603,-6.100970235158687,1.7105711152034204,35.2865776476167
PSIG,PS International Group Ltd. Ordinary Shares,PASSA_FASE0,,0,1.17,1383765.197352746,0.08528247319181344,0.19661780995782185,20.047232168143296,-4.916700528240591,8.641514809412756,60.60370727812956
CRK,"Comstock Resources, Inc.",PASSA_FASE0,,0,12.61,2708731.543109588,1.1566901102163747,0.9204437146341752,40.763737837119955,-6.37760784022573,1.1558314378230745,44.12380529263103
TKO,"TKO Group Holdings, Inc.",PASSA_FASE0,,0,187.35,1403280.9174043331,0.3961435925411548,0.8561503003743048,47.82079840862462,0.4070410873008079,3.291560367384946,23.300427468134096
LIMN,"Liminatus Pharma, Inc. Class A Common Stock",PASSA_FASE0,,0,0.1058,30480527.05698782,0.059840873621601065,2.406402927188403,42.672630705682195,-11.293703362119567,316.9695747267485,158.1770314917578
ENS,"EnerSys, Inc.",PASSA_FASE0,,0,176.44,509423.59775174607,1.2872928296022428,0.8794594972195011,30.180178748253596,-11.347152471944277,1.163920604007669,53.61115660527448
DTIL,"Precision BioSciences, Inc. Common Stock",PASSA_FASE0,,0,6.89,419624.96292338095,0.718817293367447,1.1634350670873728,37.577839640878466,-14.48960595718275,4.1428863066778705,64.15126749463252
TSBK,Timberland Bancorp Inc,PASSA_FASE0,,0,45.01,33474.647168761905,0.8124621795978113,0.9546862196630583,61.90858754755732,2.517381376730321,2.534930757952102,21.159532781536534
PPTA,Perpetua Resources Corp. Common Shares,PASSA_FASE0,,0,17.26,1590306.4364610477,0.8537130902628112,0.6661094282816835,34.56091762674802,-7.902459847393406,1.0255704982110152,58.12921836786609
CZR,"Caesars Entertainment, Inc. Common Stock",PASSA_FASE0,,0,29.77,6478995.848183683,0.7626854493040428,0.5705628690745608,49.850403633083225,-0.672305356755587,1.275255650679153,10.155019044426998
EMPD,Empery Digital Inc. Common stock,PASSA_FASE0,,0,3.01,334396.03160601587,1.324487318670776,1.7688663530164295,31.241595064446003,-15.294779794568758,4.5651163099906436,59.41782914543479
COGT,"Cogent Biosciences, Inc. Common Stock",PASSA_FASE0,,0,39.57,2421945.230618,0.504137197120037,0.9695883989942018,55.59670284003588,0.6332494087128993,3.1681389455374327,35.98719735701516
CELC,Celcuity Inc. Common Stock,PASSA_FASE0,,0,83.26,1638453.2217402859,0.8371334010141275,1.1088040659463039,36.68538600124122,-14.099416049357249,6.379666590217581,88.69910111250522
RGA,"Reinsurance Group of America, Incorporated",PASSA_FASE0,,0,237.11,372052.112153984,1.6493980431429969,0.9366539962290826,59.54471720087757,1.432442895857533,1.0,24.25015863409654
OLED,Universal Display Corp,PASSA_FASE0,,0,80.16,886947.1927876188,1.160013133066384,0.7570693921290613,43.64079557995302,-0.23336133669373815,1.0,34.75746020786893
COCP,"Cocrystal Pharma, Inc. Common Stock",PASSA_FASE0,,0,0.8703,89443.03450612696,0.824564795986969,0.2904934902674859,31.0914690804084,-9.592370979805542,1.0,38.2538879003052
FIVE,"Five Below, Inc. Common Stock",PASSA_FASE0,,0,209.49,1256023.1282469681,0.9135236448563141,0.8984406928442434,64.85094165443445,7.652976014594226,2.0713402046023845,23.191142861535948
RENT,"Rent the Runway, Inc. Class A Common Stock",PASSA_FASE0,,0,3.7,91991.43304244445,0.9217587465114981,0.650008900101173,62.6816969799358,12.736136502132855,2.089761948688727,59.22865905641912
UFPI,"UFP Industries, Inc. Common Stock",PASSA_FASE0,,0,87.71,516506.54639458726,1.4006684094809403,0.802714536510461,52.49366802427984,1.5141475722424413,1.0,35.05388017708687
CRBG,"Corebridge Financial, Inc.",PASSA_FASE0,,0,31.75,5905322.278040761,0.748446413423754,0.6321855640937775,60.270780192281094,2.4044896708542485,1.6047929621259502,29.046491138124004
KRNT,Kornit Digital Ltd.,PASSA_FASE0,,0,14.62,255792.86507739685,1.3577207852842834,0.8040527319187298,37.51612423145422,-5.177306114507141,1.9783636631129544,31.095178478366748
BBUC,Brookfield Business Corporation Class A Subordinate Voting Shares,PASSA_FASE0,,0,31.89,440310.62924771424,0.8769340465178072,0.7991900401581703,54.662188365024136,3.418082760409913,2.1090115635225195,37.21806856883257
ALRS,Alerus Financial Corporation Common Stock,PASSA_FASE0,,0,32.95,224945.13882676195,1.1352772934500854,0.9757303215135652,69.3028899489513,3.51544092237126,1.5493892136548142,19.66687669008526
IMDX,Insight Molecular Diagnostics Inc. Common Stock,PASSA_FASE0,,0,4.37,308888.45158860326,0.40361052981690637,0.6457699291089642,36.39221602020801,-11.043256997455464,4.569877374095216,73.63820483903022
TWST,Twist Bioscience Corporation Common Stock,PASSA_FASE0,,0,85.47,1717722.912059936,0.8499435148316038,0.8033169342025709,45.70331215417788,-7.474715763777429,1.7835947070179394,62.89117036687726
FOR,Forestar Group Inc.,PASSA_FASE0,,0,28.97,151244.63936109524,0.884298548688949,1.0088188024054219,48.36016060301082,-1.966092518019713,2.712266149805357,33.647627128176055
AII,"American Integrity Insurance Group, Inc.",PASSA_FASE0,,0,20.31,115744.38590615874,1.4977836946195724,0.6527447630155849,66.24876051141003,7.3211973896271765,1.0,33.27828059253022
BCDA,"BioCardia, Inc. Common Stock",PASSA_FASE0,,0,0.7737,3096148.915941095,0.04356611544280328,0.12952097887737046,36.17017806402125,-16.2109184634878,7.882258228472981,89.19540650879229
KEYS,"Keysight Technologies, Inc.",PASSA_FASE0,,0,296.72,1582768.879050857,0.7641218599864442,0.8421560983195644,35.31380779585491,-6.792066394003937,1.6493122514092027,40.29427963752333
OBAI,"Our Bond, Inc. Common Stock",PASSA_FASE0,,0,0.5206,11279712.106974253,0.5025892448784056,0.06456431145534842,42.82326185944216,-12.863730322785848,1.0,83.31308936531065
MAIN,Main Street Capital Corporation,PASSA_FASE0,,0,54.32,692154.8728121588,0.7457675181853207,0.9058414193683709,56.923475179818915,1.8554110687130088,1.6947080968915476,24.246097535751744
RITM,Rithm Capital Corp.,PASSA_FASE0,,0,9.99,5498196.494368366,1.699906871005111,1.1025364654000873,68.30060026535867,7.9241614000972405,1.3346995005212496,31.38475464405869
HDSN,Hudson Technologies Inc,PASSA_FASE0,,0,5.84,523978.390176508,1.2176656655975302,1.0224955740118813,43.57416374322794,-5.547468866246175,1.7447382951052772,41.19875297278165
CMI,Cummins Inc.,PASSA_FASE0,,0,606.0,1012378.6062926983,1.3160306832934003,0.8433970029197645,33.814622517027544,-8.203167899586994,1.0,35.90493082562931
RWT,"Redwood Trust, Inc.",PASSA_FASE0,,0,4.68,2368913.574357603,1.3644398588051114,1.878640860804085,37.846173100150345,-4.606604158173678,10.488867902630899,42.78467728142785
HRTG,HERITAGE INSURANCE HOLDINGS INC,PASSA_FASE0,,0,29.84,438132.2950519366,0.5696785890809826,0.6214246438547181,69.10726486784105,8.562385170902086,1.8416395010163091,39.610023363928235
CNTX,Context Therapeutics Inc. Common Stock,PASSA_FASE0,,0,0.617,2289893.7770224763,0.5279502297477677,1.1661726157539964,35.474297716746406,-0.7232560197588112,9.689326905452091,94.10515153790838
BILL,"BILL Holdings, Inc.",PASSA_FASE0,,0,47.41,2667362.1673838254,0.985910684011206,0.885422322193566,69.14095509640198,10.984959325803256,1.4583183392561372,54.03714083367163
AIFF,"Firefly Neuroscience, Inc. Common Stock",PASSA_FASE0,,0,1.07,253872.0470892381,0.3127900038245928,0.38179759161050564,34.972175068351376,-8.644610458911405,4.930172149577735,55.26358519668657
CNH,CNH INDUSTRIAL N.V.,PASSA_FASE0,,0,10.76,12343745.029365588,1.351511702907105,0.8444576865019211,50.97225354313972,1.0233780865646525,1.2681023702419065,40.3279791837022
ADV,Advantage Solutions Inc. Class A Common Stock,PASSA_FASE0,,0,43.22,132850.06164819046,0.7892318382558172,1.1891197309971422,59.27629814642309,10.364903858430585,3.2920844968261553,81.44701930040026
HIFS,Hingham Institution for Saving,PASSA_FASE0,,0,284.05,29752.614289444446,2.745307696271189,1.2296567609448592,44.94276961959093,-2.862985685071562,1.0,34.6665840139903
MTD,Mettler-Toledo International,PASSA_FASE0,,0,1388.33,208852.31568592062,0.795237460870521,0.8107070163163829,68.59595152375195,5.82170689171555,1.9170277455933933,29.967689458116226
DLX,Deluxe Corporation,PASSA_FASE0,,0,27.2,463667.4085982857,0.797937231921217,0.7411676236915276,65.86072607471323,6.939256929427962,1.2700883275706807,30.58697898924896
MIR,"Mirion Technologies, Inc.",PASSA_FASE0,,0,14.57,4093352.3035809677,2.591070994879541,0.8679872258911763,32.41834497075622,-11.560290145376195,1.0,60.198674107715
SLF,Sun Life Financial Inc.,PASSA_FASE0,,0,82.27,668603.4190848891,1.175060358975296,0.7838971762175595,61.39774503226028,1.848928834500141,1.259657668528808,17.60830231121151
GOVX,"GeoVax Labs, Inc. New",PASSA_FASE0,,0,0.6982,5089363.565988444,0.019858351208472003,0.051300270563652016,28.934520671659016,-30.481017195543302,7.325685201618278,96.70328058413993
MBIN,Merchants Bancorp Common Stock,PASSA_FASE0,,0,54.28,158389.87752146035,2.5737609435979656,0.975832957016513,70.26663765999004,11.461338644927466,1.0,45.25115071727629
SNWV,"SANUWAVE Health, Inc. Common Stock",PASSA_FASE0,,0,6.38,206849.46938341274,0.5598116594795856,1.4047749361154578,33.40907261223367,-24.523837690760676,18.406062433365545,194.73966857850894
NRIM,Northrim BanCorp Inc,PASSA_FASE0,,0,26.65,154235.91283949206,1.0586849079560825,1.059378709218901,46.63979858257524,-2.452415812591513,1.9766877252637547,24.64927595092555
ATLX,Atlas Lithium Corporation Common Stock,PASSA_FASE0,,0,2.56,701447.0557058413,0.731383833948464,0.5286916080950366,26.941695360584163,-17.981577893472156,1.5211361328288389,51.85387235122584
CIX,Comp X International Inc.,PASSA_FASE0,,0,28.59,5282.532522380951,0.7056099293677376,1.0571810377483304,64.29782000308043,9.284813271663928,2.888163231097304,43.970538948454504
NTCT,Netscout Systems Inc,PASSA_FASE0,,0,38.93,641867.339043619,0.7545179094197355,0.8883206640092842,38.73282017365552,-6.449752487143757,1.626428455885085,34.72009211494984
NHI,National Health Investors,PASSA_FASE0,,0,78.29,625594.4062629364,0.6579908313710053,0.7205578823703374,53.28950284020118,0.4336001642036402,1.5120756930247365,22.722965056497138
NCSM,"NCS Multistage Holdings, Inc.",PASSA_FASE0,,0,44.03,28195.074025777783,0.13348474377329383,0.4040084234904139,44.65522612898379,-1.476840456477968,12.384735961023948,53.589141838315
PFBC,Preferred Bank,PASSA_FASE0,,0,104.81,121889.89635331748,0.7064405334335686,1.0178972054263558,52.21486376882698,-0.8054059681434134,3.3026304178389156,23.427690613205
LXRX,"Lexicon Pharmaceuticals, Inc.",PASSA_FASE0,,0,2.32,3355393.276495238,0.7379995046501711,0.847673606211384,53.93043738259045,1.6429353778751432,1.9162325135819653,47.67715574100492
CAPR,Capricor Therapeutics Inc,QUARENTENA,SERIE_CURTA,1,6.57,,,,,,,
INN,"Summit Hotel Properties, Inc.",PASSA_FASE0,,0,7.07,1484810.0977060637,0.6206695403161497,0.6526105680954402,63.486020743801824,5.216161916809314,1.6348068705482854,33.862906832246296
MTR,Mesa Royalty Trust,PASSA_FASE0,,0,2.9,9435.1556311746,0.4888657993896576,0.762614347777773,25.739443705615642,-5.021108239910122,5.22602056847433,23.29701719431774
INCY,Incyte Genomics Inc,PASSA_FASE0,,0,127.1,1821170.1443347463,1.6021011079284984,1.0131838025780804,69.87046932862815,7.985488653452388,2.0295159082358083,37.12808334609078
BW,"Babcock & Wilcox Enterprises, Inc.",PASSA_FASE0,,0,7.94,3801333.5722697782,0.9366146589913951,0.9240365742100716,25.62383460231844,-25.087272384187187,1.4611221186437675,87.45473374317976
LOVE,The Lovesac Company Common Stock,PASSA_FASE0,,0,16.56,194487.75843715874,0.7731895067965844,1.1264667216956925,47.067238362397966,-4.27607335366117,2.5938667666956463,54.53727873155007
AZZ,AZZ Inc.,PASSA_FASE0,,0,141.24,287093.33685303165,1.0949804540637162,1.210077154455323,39.79058293637669,-4.586263502421817,2.7152076447034217,35.60216614229978
MC,MOELIS & COMPANY,PASSA_FASE0,,0,65.25,935908.8587848096,1.3306308146457442,0.8816000197416786,45.87071551357794,-2.815013404825739,1.0,51.620284362527954
NB,NioCorp Developments Ltd. Common Stock,PASSA_FASE0,,0,3.86,3530884.6054590154,0.833001460169962,0.8097207435173389,33.6967408682999,-13.146200146256405,2.9922072275722122,72.18563109289016
GANX,"Gain Therapeutics, Inc. Common Stock",PASSA_FASE0,,0,1.69,867391.8762485399,0.625563190598205,0.9833158751499614,44.521694372817585,-5.0028105677346835,2.8113117821712947,67.03009585700622
INTA,"Intapp, Inc. Common Stock",PASSA_FASE0,,0,31.67,977819.6765682223,0.7820367217305098,0.7186899716919014,68.6964550748504,12.203503923756887,1.3130449487357112,54.34053910627187
LYB,LyondellBasell Industries N.V. Class A,PASSA_FASE0,,0,60.49,5351844.906346667,0.9240998166140889,0.9450622451450723,53.968544252117496,4.615969976306178,1.6002100486275967,29.3413575188631
CMS,CMS Energy Corporation,PASSA_FASE0,,0,74.36,3354852.234857968,1.1480250896037023,1.029528320336313,48.730095663993104,-0.6977598237238203,1.3313459412483224,17.66006118667397
ORMP,Oramed Pharmaceuticals Inc.,PASSA_FASE0,,0,3.97,295267.0627050318,0.44262574416761313,0.8211821971369785,44.070839262353516,-4.699033787433226,7.811071707304619,39.979130766590536
PB,Prosperity Bancshares Inc,PASSA_FASE0,,0,74.23,1132706.5488264125,1.3216286326189663,1.312382144719076,59.331860851599686,2.2085754413020187,3.1761390606715745,22.159256101407525
ADM,Archer Daniels Midland Company,PASSA_FASE0,,0,80.38,3746449.3369900477,1.3629683198287874,0.8447808944580979,45.25691442682538,-2.151021948458265,1.0,26.659496323039317
MPT,"Medical Properties Trust, Inc.",PASSA_FASE0,,0,4.75,5907334.942591841,0.6722291714098555,0.9065621192156296,50.480257309918436,1.3441433752933607,2.091201673014355,24.65011764056651
PEG,Public Service Enterprise Group Incorporated,PASSA_FASE0,,0,77.75,3004462.9029993014,0.9880446129627882,0.9807732793757462,39.9370515243955,-2.582350803773925,1.5506991884590369,16.835203268670675
IFRX,InflaRx N.V. Common Stock,PASSA_FASE0,,0,1.65,1906009.7224039368,0.4758705205795264,0.5529507794641211,32.4289229580791,-15.090698571979944,1.9510605830653487,39.63686764862068
KBDC,"Kayne Anderson BDC, Inc.",PASSA_FASE0,,0,13.52,280322.7246218889,1.4380771442763085,1.062354220361863,43.88725904423736,-0.8143202993177057,1.1795380051619746,15.587551537371452
LGN,Legence Corp. Class A Common stock,PASSA_FASE0,,0,53.08,1530963.0921588414,1.9330568362714982,0.9767115618650116,26.088804551990634,-24.65685369973456,1.0904330424625672,82.52548969077222
UFG,Uni-Fuels Holdings Limited Class A Ordinary Shares,PASSA_FASE0,,0,0.70025,410474.75190758734,0.03095143930280103,0.9348440847255604,43.17202540790169,-2.9946631480153973,487.00594285836,62.402602920954074
SFL,SFL Corporation Ltd.,PASSA_FASE0,,0,12.13,1522699.73140073,1.0287678481666072,0.9099282025301773,68.04001007077883,7.425939866271114,1.7562707919752079,25.95703735811119
FEIM,"Frequency Electronics, Inc.",PASSA_FASE0,,0,57.69,238955.2057939524,8.477990453837903,1.4602416397614673,41.5852620659194,-10.448803772047288,1.0,120.03825205721819
MOH,"Molina Healthcare, Inc.",PASSA_FASE0,,0,199.02,1244749.395994984,0.8585064135177184,1.3111014638878171,37.4858498089415,-10.793766052146792,9.04591673726033,45.06456396290522
DSGX,Descartes Systems Group Inc,PASSA_FASE0,,0,78.0,530705.1622225556,1.4383431545704253,0.9459069853048332,61.96690548191071,8.213096559378474,1.183402356997746,47.46941411845344
CRVS,"Corvus Pharmaceuticals, Inc.",PASSA_FASE0,,0,13.04,1464036.8189364602,0.44170527068422444,0.8041444652527522,41.67916888444804,-10.405716445085723,4.043879521021942,50.35036513881399
RPAY,Repay Holdings Corporation Class A Common Stock,PASSA_FASE0,,0,4.04,646387.2133434603,0.8477235929709529,0.6132390691123197,55.674156688834785,1.7888636936255864,1.4828914779117062,50.511376366507555
LAD,"Lithia Motors, Inc.",PASSA_FASE0,,0,427.48,299954.64903388894,5.724477469519079,0.8641049669989159,84.97461759545115,29.715295741953085,1.0,66.30024866728968
NTHI,"NeOnc Technologies Holdings, Inc. Common Stock",PASSA_FASE0,,0,3.5,95414.53007657143,0.22158846543637176,0.7213317167785306,38.22330962939423,-9.349909349909346,7.99250497809905,82.27471076332003
BOC,Boston Omaha Corporation,PASSA_FASE0,,0,14.42,208039.70448422217,0.4529527694418861,0.618991811890967,59.92936651972843,0.8532661910756634,3.091464601921049,36.82450666382574
FNB,F.N.B. Corp,PASSA_FASE0,,0,19.0,5306073.216818777,0.8494866560368359,1.261343345185456,52.880839444428936,0.08428150021071446,4.225217544746909,23.007315155082882
ICL,ICL Group Ltd.,PASSA_FASE0,,0,5.1,1389028.7939862856,0.5921781537410817,0.8634926642859732,45.567874807588716,0.3937007874015741,2.192562215604174,32.44608671323267
CTKB,"Cytek Biosciences, Inc. Common Stock",PASSA_FASE0,,0,4.38,1386177.2903144283,0.4312445172899958,0.6042478615092645,46.60783263518033,-3.683342495876829,1.9703718783327804,30.191552827392087
AOMR,"Angel Oak Mortgage REIT, Inc.",PASSA_FASE0,,0,9.02,134854.11146282539,0.45370987925619527,0.7227515911449834,55.55063573885628,0.5798394290811748,3.191007348835291,19.445280728631044
PNR,Pentair plc,PASSA_FASE0,,0,66.59,2701917.9277875717,1.5323141766767636,1.262438053546413,43.734249086539414,-3.5360924801900673,2.909823815444925,65.95681450512653
SJT,San Juan Basin Royalty Trust UBI,PASSA_FASE0,,0,2.56,216210.6169100635,0.6993822124650798,0.9969409104526601,33.35594074741664,-6.158357771261002,3.4448082309990684,50.39457376003362
KRO,"Kronos Worldwide, Inc.",PASSA_FASE0,,0,6.19,325261.42816242855,0.8318995164679526,1.1530594952445767,43.94824651136692,-2.1498577300031463,4.601414567283524,59.631581100921416
JSPR,"Jasper Therapeutics, Inc. Common Stock",PASSA_FASE0,,0,0.6001,1360126.4534821906,0.14659682009236855,2.3434467444955005,45.90884119905124,-6.682735295261033,149.99372772995147,123.80615657349045
DIN,"Dine Brands Global, Inc.",PASSA_FASE0,,0,36.39,400314.77388785715,0.48620587740167814,0.6400154155899905,58.375982851006135,2.840186519711718,2.1131930111989967,37.23254836932976
OKTA,"Okta, Inc. Class A Common Stock",PASSA_FASE0,,0,136.91,3669597.851214603,0.7245409876638037,0.8080685770633605,51.43087610076749,-4.500828319818629,1.733740445718034,55.48075274915926
PNTG,"The Pennant Group, Inc. Common Stock",PASSA_FASE0,,0,41.08,290717.8498313175,0.8906903000082171,1.0351968480873108,60.73403123272972,1.748650121365225,2.483400916520698,31.98474446734947
IVDA,"Iveda Solutions, Inc. Common Stock",PASSA_FASE0,,0,0.238,6785642.034679446,0.06210238239570018,0.04537299524720573,37.95741907284558,-13.77124017245752,1.4315235925201162,76.98401530903726
DBRG,"DigitalBridge Group, Inc.",PASSA_FASE0,,0,15.82,2868559.565317651,1.178554598628539,1.1850446759404032,54.541239076781864,0.1677905467439178,2.142289491378838,3.125294471220201
PRFX,PRF Technologies Ltd. Ordinary Shares,PASSA_FASE0,,0,0.991,2533724.780411588,0.246607485131238,0.06168616454757991,34.6462828497517,-19.385015862686082,1.0,71.92795301524986
EQPT,EquipmentShare.com Inc Class A Common Stock,PASSA_FASE0,,0,17.96,2823710.3725356665,1.2912634999271495,1.3122069974304873,46.12265198273953,0.11985394542466388,1.981198804127988,97.19609174864122
HIG,"The Hartford Insurance Group, Inc.",PASSA_FASE0,,0,145.68,1777958.1267632064,0.998711129562214,0.9620091614490524,66.4473600151126,4.4050353499338835,1.4532528728395486,22.908910848727974
ARRY,"Array Technologies, Inc. Common Stock",PASSA_FASE0,,0,4.81,6117872.198499842,0.9028303107711843,1.0872869876304303,25.566158376033457,-21.315229838050065,2.284119926166261,49.06192025139029
GVA,Granite Construction Inc.,PASSA_FASE0,,0,117.88,861997.349029492,1.4648892191022242,0.9622644170418682,32.93535846278631,-8.696241504172896,1.4165549979781564,55.595506143577644
DCI,"Donaldson Company, Inc.",PASSA_FASE0,,0,92.5,751233.7590652698,0.9802437723236285,0.9406413249148918,58.361744063005716,2.2376223397494455,2.053322738465617,23.41242061561767
GVH,Globavend Holdings Limited Ordinary Shares,PASSA_FASE0,,0,0.91,828979.6316279046,0.9842174560016486,3.0010874190490853,28.750351368373884,-70.8822828290262,27.588605711861394,439.0876710565984
CRD.A,Crawford & Company Class A,PASSA_FASE0,,0,11.13,64460.2044663016,0.9776651132551984,0.6366224750567331,51.760378761997856,0.5193045834273935,1.0310412748896753,24.61532277509411
CSTM,Constellium SE Class A Ordinary shares,PASSA_FASE0,,0,27.63,2106607.8946414446,1.053204364364462,0.8075803525545803,36.94566150460115,-5.199773549947695,1.0980546289144033,36.63969878408009
AN,"AutoNation, Inc.",PASSA_FASE0,,0,229.98,400210.84084982536,1.9896073108768901,0.9470786223506555,75.03554949767098,14.559827846436635,1.0,34.05399459587288
BETA,"Beta Technologies, Inc.",PASSA_FASE0,,0,16.96,1610051.642134238,0.9475791797390055,0.7881483780888254,45.14256102383113,-5.748978854650022,1.4287427344463899,77.6717492035137
MRAM,"Everspin Technologies, Inc",PASSA_FASE0,,0,12.93,3641147.870983206,0.2845611670127579,0.33374485385422153,31.627417317133677,-22.303844247149485,2.1456559043050496,101.05153719059359
KEY,KeyCorp,PASSA_FASE0,,0,22.18,11365405.844648637,1.0754474798849447,0.9501235830904935,39.853696406077546,-3.9348593455616254,1.475120464683297,22.198994040833746
BBBY,"Bed Bath & Beyond, Inc.",PASSA_FASE0,,0,5.03,3298826.1279293806,0.6107452032346491,0.6695309325512234,42.989286852988066,-5.049551675318542,2.375579093354771,64.11636581623992
BBIO,"BridgeBio Pharma, Inc. Common Stock",PASSA_FASE0,,0,83.54,3583997.2378010154,0.6700366221505237,0.9747341436888286,60.2052761281756,1.9215518819008182,8.464703361289772,58.257424614195315
PN,PN Smart Energy Limited Class A Ordinary Shares,PASSA_FASE0,,0,10.72,1852327.2502068565,0.14114845219806735,0.41074122458657647,74.09628768361728,92.5633195617029,46.2662868841294,316.64971708495335
BOKF,BOK Financial Corp,PASSA_FASE0,,0,141.13,275654.4793253492,1.022234643908749,0.986746820990573,55.9651582305408,0.68380519577802,2.133552035322163,21.41452412715586
TDW,"Tidewater, Inc.",PASSA_FASE0,,0,73.04,764491.044655381,0.887482981230792,0.8587230998681383,46.86812710929989,-1.219207075864004,1.542474761619473,38.44041129472935
BMEA,"Biomea Fusion, Inc. Common Stock",PASSA_FASE0,,0,1.22,1059636.2698933491,0.3404007001726206,0.7705664026231676,39.971647413070265,-6.513409961685824,4.807445769555965,45.895993396326865
EVTC,"EVERTEC, INC.",PASSA_FASE0,,0,31.9,632185.3848778255,0.700723769347516,0.6412705167003298,67.32836822712335,7.279178086798588,1.3772294617919965,36.4702442351721
PDFS,PDF Solutions Inc,PASSA_FASE0,,0,41.17,802674.0698180952,0.7613439851140228,0.7625411597394818,32.52521519530465,-21.985882798806188,2.2512696879911234,82.51334080817325
RBB,RBB Bancorp Common Stock,PASSA_FASE0,,0,26.36,182483.24549038094,1.1430987842113731,1.1360219719372948,49.39048692902812,-1.8560232328685644,1.7434645359856855,23.82759735668827
WIMI,WiMi Hologram Cloud Inc. Class B Ordinary Shares,PASSA_FASE0,,0,1.2,181242.29759030163,1.4663066758221277,0.3723566240983322,34.69515550246122,-9.24560408394781,1.0,53.98978395730251
CBRE,"CBRE GROUP, INC.",PASSA_FASE0,,0,147.78,2187572.9458420794,1.674871614765571,0.7511376494007301,62.87177666408032,5.196094831666986,1.0,36.76307717721078
ADTN,"ADTRAN Holdings, Inc. Common Stock",PASSA_FASE0,,0,8.33,2458690.389742619,1.0580171308683213,0.7372066706672218,22.025431611858565,-28.4763662903018,2.052580390391154,73.65780889470521
NWPX,"NWPX Infrastructure, Inc. Common Stock",PASSA_FASE0,,0,123.21,192192.73303960316,1.4167107029062007,1.0635682405280087,36.29523057315841,-8.317706938119485,1.1174624779638243,40.370413551543685
KRUS,"Kura Sushi USA, Inc. Class A Common Stock",PASSA_FASE0,,0,47.8,366657.5690154286,0.5368872823124963,0.94595718757126,45.694045402302834,-3.7653323669600947,4.817701092138034,45.098976794486454
MIAX,"Miami International Holdings, Inc.",PASSA_FASE0,,0,46.4,1895686.7487918094,0.7467572254051073,0.7741266375372896,66.47330462242748,9.09176404203793,2.0489672320069396,41.58122992236039
ADCT,ADC Therapeutics SA,PASSA_FASE0,,0,1.1,1856945.2231833013,0.4978588801721169,0.5957903572257612,31.431427413341467,-11.111111111111105,3.3806953168447307,64.4747037599098
AQN,Algonquin Power & Utilities Corp,PASSA_FASE0,,0,5.96,4401991.734458015,0.9076211770390606,1.0389247022607215,53.822615325895704,2.936096718480141,2.8151191735677723,33.68230431271797
CMTV,Community Bancorp. Common Stock,PASSA_FASE0,,0,41.02,33640.9443282381,1.2249200616348508,0.8588208896695129,58.032031876215896,3.6113689607921495,1.2328974714282124,30.237288777339348
LEGH,Legacy Housing Corporation Common Stock,PASSA_FASE0,,0,26.43,95934.63531842857,0.791954148403433,1.0712141244551021,54.979314853630136,0.5057611134350104,3.9940110122057155,25.84850744015505
NAGE,"Niagen Bioscience, Inc. Common Stock",PASSA_FASE0,,0,3.22,847427.8013559842,0.9580825852725804,0.7987848551258411,43.21281178123732,-4.2592730246041715,1.3622236350417691,51.86960427789544
BRK.B,BERKSHIRE HATHAWAY Class B,PASSA_FASE0,,0,509.16,4954105.223304714,1.021631951785392,0.8362972041860824,64.23856927224286,2.47606204998414,1.258558214918477,15.890339942565253
FGI,FGI Industries Ltd. Ordinary Shares,PASSA_FASE0,,0,4.14,45899.249166063484,0.18465692912176465,0.6318652750379476,42.32913995566105,-6.0638720290430825,31.71235756076869,101.81927339678558
SWVL,Swvl Holdings Corp Class A Common Shares,PASSA_FASE0,,0,1.38,29664.601609317462,0.2308690599724382,0.6143183152820807,44.70790207036643,-3.6985345429169536,10.651641694548685,64.29309375842459
TTC,Toro Company (The),PASSA_FASE0,,0,92.34,822170.4568757142,0.557222303348045,0.6913766521465128,45.96632222737828,-2.019767941555628,1.9113199317892522,25.64891564592806
JANX,"Janux Therapeutics, Inc. Common Stock",PASSA_FASE0,,0,14.96,1082505.3401833174,0.556919042173877,0.8729818477368593,44.1811549365266,-5.35539176920884,2.6929558711113155,43.98017974479649
FAF,First American Financial Corporation,PASSA_FASE0,,0,78.17,957289.5668145079,0.8401467837650012,0.9127487280756166,67.87907742620695,8.818820909027615,1.8555794422386866,39.60292389213818
AMWL,American Well Corporation,PASSA_FASE0,,0,10.77,109594.26547139681,0.6797262130785697,1.395216330757357,53.673058790799864,1.1742602160638604,6.075421333820908,96.18218264623182
BOOT,"Boot Barn Holdings, Inc.",PASSA_FASE0,,0,150.89,720472.4873947935,1.6389288129179613,0.8268925822161175,42.659676437317145,-2.7435359482811283,1.0,34.78633082080074
CVBF,CVB Financial Corp,PASSA_FASE0,,0,22.83,1663455.6778952696,1.1766401435417324,0.9352982545240104,59.56142005297157,0.9506964404156326,1.252996449969673,19.51514883763782
GRDN,"Guardian Pharmacy Services, Inc.",PASSA_FASE0,,0,40.99,411733.5902225079,0.634296789967668,0.8983978209699854,52.10975113996991,0.7905381314776694,2.959537709823407,28.15169612802051
ZSTK,ZeroStack Corp. Common Stock,PASSA_FASE0,,0,1.49,20036.80097592064,0.6531448726135131,1.6995099454285696,23.814001460959716,-29.19630680333207,19.205728851297444,110.89589002581852
MATW,Matthews International Corp,PASSA_FASE0,,0,28.42,297551.23040520644,0.7585888110515118,0.8796712414704236,59.79775767505435,4.408523144746557,1.812285792126735,30.466047652482764
MYSE,"Myseum.AI, Inc. Common Stock",PASSA_FASE0,,0,2.4,460453.70946531754,0.055646518147835576,0.3012541724101329,47.32322757965062,-4.6104928457869505,16.260665132875015,64.36330333780593
FWRD,Forward Air Corp,PASSA_FASE0,,0,14.59,1398358.7203369522,0.49328392262093296,0.5603005274617986,54.25386962906473,5.001799208348334,3.8275137440902833,93.41557464099802
BXP,"BXP, Inc.",PASSA_FASE0,,0,72.97,1494508.9902559207,2.609199585801924,0.874995853205721,69.40609082170792,6.286596556646384,1.0,27.921390492281382
EMR,Emerson Electric Co.,PASSA_FASE0,,0,145.73,2822742.81679246,1.2758649815520167,0.8706140539880035,55.23699487433401,3.6232218978984543,1.1869765616116212,31.176312275539985
CACI,CACI INTERNATIONAL CLA,PASSA_FASE0,,0,487.79,296079.55375646026,0.7539734637117917,0.9456864734728095,52.05598911021745,1.6310683252719338,1.8027238625756647,44.85670463466814
KTB,"Kontoor Brands, Inc. Common Stock",PASSA_FASE0,,0,85.18,838533.1239034605,0.5578102270887163,0.8713146197726308,53.72190361990744,-0.13658239200903255,2.43882533593467,38.17417312674121
NMIH,NMI Holdings Inc. Common Stock,PASSA_FASE0,,0,44.34,595145.1196376351,0.7619203536930509,0.7917219416268461,72.70176385547413,5.606001964928997,1.8647224940911642,20.83688043622774
BAFN,BayFirst Financial Corp. Common Stock,PASSA_FASE0,,0,6.16,43958.07529471429,0.28536299742196275,0.3883076673139163,66.4624863802369,8.575049418392023,5.2656305552631135,35.79116432134279
RPT,Rithm Property Trust Inc.,PASSA_FASE0,,0,12.15,81787.91528803174,0.949433960769545,2.010056387983359,42.8723665630552,-5.111484243820518,7.376533689457889,79.69304793109752
JUNS,"Jupiter Neurosciences, Inc. Common Stock",PASSA_FASE0,,0,0.099,13306759.190350287,0.14533590905270533,1.5357579302928372,21.866047472878407,-42.50704143558176,182.15124928534055,101.13775608386044
MNSB,"MainStreet Bancshares, Inc. Common Stock",PASSA_FASE0,,0,23.42,43094.76883106348,0.7890087479826703,0.7240765302332395,43.88511672083452,-2.427846809219769,2.4270363100808194,26.644406889001825
DCGO,DocGo Inc. Common Stock,PASSA_FASE0,,0,0.6497,796344.714121746,0.694036700062159,0.6885111271418276,55.78968207330173,4.58368546017951,1.6247822867989388,82.85773218702396
MTSI,"MACOM Technology Solutions Holdings, Inc",PASSA_FASE0,,0,228.71,1657568.8291058252,1.4557944148519821,0.9490500395697395,25.45627753169822,-21.060987816242694,1.1176955919714766,64.75374385799189
HLI,"Houlihan Lokey, Inc.",PASSA_FASE0,,0,139.08,793861.3245843811,1.0963684942022733,1.1279926598628736,48.46018610535201,-0.09984269388516598,3.6180955480778185,36.5678307814929
LPG,DORIAN LPG LTD,PASSA_FASE0,,0,45.7,693168.3923533494,0.8669534248088776,0.9504669844738868,63.82520229378261,10.120481927710845,1.4702740412876396,42.481157405719436
AROW,Arrow Financial Corp,PASSA_FASE0,,0,40.05,89616.15597673017,0.7881413999875191,1.0000251865569911,48.8226003714982,-1.8189841145322516,2.429663747925043,26.867817496290414
ARI,"APOLLO COMMERCIAL REAL ESTATE FINANCE, INC.",PASSA_FASE0,,0,6.6,3576949.4928385243,1.3881402603861566,1.7182013006584123,15.200589799050235,-23.139629672761153,5.3708123380062505,140.64474841008604
DXC,DXC Technology Company,PASSA_FASE0,,0,11.77,5525514.291341541,1.1156376108297652,0.73495941766716,73.82636881126918,20.58808462681214,1.3347228195453609,61.59297754401308
GPRO,"GoPro, Inc.",PASSA_FASE0,,0,0.6945,6823337.372444475,0.40735731315484186,0.6833779277900192,43.28652609763959,-2.180343108256577,2.4712761599390136,64.05391225232349
MFA,"MFA Financial, Inc",PASSA_FASE0,,0,9.17,1544822.5489917144,0.8171341326626185,0.9591562282883904,42.219185691077946,-1.8936557184123015,1.607698944084258,18.054878015779064
CF,"CF Industries Holding, Inc.",PASSA_FASE0,,0,127.35,2800539.6642053965,0.6420738940497007,0.8706490569835657,63.80292517002307,6.635071090047395,2.2242206115927745,34.01398033574607
USAC,USA COMPRESSION PARTNERS LP,PASSA_FASE0,,0,25.44,230005.3029097778,0.9000841798208782,0.7833118935082647,41.02183864540787,-3.73117384394156,1.7371456207296598,30.275928270632154
RLJ,RLJ Lodging Trust,PASSA_FASE0,,0,12.39,2321175.980712682,0.7541011966350633,0.7956677643544682,67.2545056238312,4.556962025316458,1.5606677712319768,24.10618805691851
TNGX,"Tango Therapeutics, Inc.",PASSA_FASE0,,0,25.85,4089379.4249385875,0.5402430359284106,0.6875450018404379,41.20235908296239,-9.75579954266962,2.972318917446311,65.68251734925744
MCK,McKesson Corporation,PASSA_FASE0,,0,888.56,1180410.4263169523,0.709931207322279,0.8382025608758304,71.10463389822229,8.190114392514246,1.9117048723699779,32.390960887216416
MEDP,"Medpace Holdings, Inc. Common Stock",PASSA_FASE0,,0,584.93,351201.40456879366,1.6539970656928724,1.1055442485864135,63.68582075178179,6.064534846822678,2.0267289775898454,56.170912123531245
HAFC,Hanmi Financial Corp,PASSA_FASE0,,0,31.55,261756.34792038094,1.2059616190397704,1.0389485122292816,47.1906956551628,-1.9440257338658284,2.009394469245418,26.102714481140936
AR,ANTERO RESOURCES CORPORATION,PASSA_FASE0,,0,35.14,4704789.187226698,1.3851924359572756,0.954473164066357,53.878157895740884,2.319216154439707,1.0,33.803397516294176
CSV,"Carriage Services, Inc.",PASSA_FASE0,,0,40.77,126570.43413214285,0.9063055866130489,0.8766531956262911,59.69538365499926,5.816398037841619,1.6550107786945603,31.812391765274743
MRSH,Marsh,PASSA_FASE0,,0,197.59,2730849.033736714,1.877245268191655,0.9342720639793634,73.53014263142201,9.473905828838625,1.0,32.67536205516004
ESI,Element Solutions Inc.,PASSA_FASE0,,0,34.79,4639998.822689,1.534129947211867,1.5550962770275116,33.35258844311261,-11.054865265633795,2.603027638115872,51.637406736224435
FMBH,"First Mid Bancshares, Inc. Common Stock",PASSA_FASE0,,0,52.52,142929.9304217619,1.154452177441744,1.0545443936821584,71.4037556566507,6.439681815878817,1.440367340393863,26.764170269803817
MTUS,Metallus Inc.,PASSA_FASE0,,0,20.01,356496.5768016032,1.2501643084893592,1.0753645186527243,52.73719123844791,2.8553805032254687,1.6415695149637535,40.011756734097496
MAGN,Magnera Corporation,PASSA_FASE0,,0,13.84,396866.4693190794,0.7159328695455008,1.0020475162840408,61.66669709270011,5.079340976387514,4.209502346174037,42.21562277496326
BRX,BRIXMOR PROPERTY GROUP INC.,PASSA_FASE0,,0,31.66,2545878.338632206,1.4769394090835264,0.8845857743916314,48.493612661241265,-0.24419062623081134,1.440664641295908,18.455772111762712
AEHR,Aehr Test Systems,PASSA_FASE0,,0,65.4,2592892.825596524,0.9554732362638387,1.2754145095198777,39.6722335051617,-15.664048899377136,5.230053206682163,167.7774052368201
CHRW,"C.H. Robinson Worldwide, Inc.",PASSA_FASE0,,0,173.75,1800215.4695077138,2.2698917093126836,0.9991719269490159,36.40926451971504,-10.365258347960783,1.0,48.86484424149491
IBEX,IBEX Limited Common Shares,PASSA_FASE0,,0,36.52,110956.6588566984,1.0150012949601457,0.783919282768661,66.84879157415571,7.7031968856907,1.0222408119797062,38.53054795140534
NVNI,Nvni Group Limited Ordinary Shares,PASSA_FASE0,,0,1.05,523238.5370878888,0.07450428743258242,0.2451301165071788,42.899681492148964,-12.42702251876564,16.975532281206913,116.48417504146234
AAON,Aaon Inc,PASSA_FASE0,,0,84.87,1143476.3779762064,1.7721742338197795,0.8896242598050129,22.35061437753899,-20.87487938243808,1.0,63.256486992337834
MTC,"MMTec, Inc. Common Shares",PASSA_FASE0,,0,3.73,73444.71249607934,0.935353784531013,0.35909783891669395,63.75574233788898,36.480058543724844,1.0,106.09459139110507
AGPU,Axe Compute Inc. Common Stock,PASSA_FASE0,,0,7.02,431214.5216438889,0.6586833187903733,1.4206504910200115,48.60976876768272,-4.444293200843963,12.025848530995079,168.57240222435607
CHI,Calamos Convertible Opportunities and Income Fund,PASSA_FASE0,,0,11.99,173351.11466831743,1.344143938969352,1.0298922654241212,29.990962565319137,-7.456004939796223,1.1997075453830521,20.113688210186247
WDAY,"Workday, Inc. Class A Common Stock",PASSA_FASE0,,0,168.01,5066629.753470807,1.4308859006211518,0.8592845759570331,69.11652448048197,18.381511035952734,1.0230589938898047,66.18173067094017
EPD,Enterprise Products Partners L.P.,PASSA_FASE0,,0,38.67,3420361.197448476,1.0481802720877715,0.8468005584012682,57.82822090583211,1.9402119470659729,1.3007760629450225,20.059063612128014
BDMD,Baird Medical Investment Holdings Ltd Ordinary Share,PASSA_FASE0,,0,1.03,125691.18442660317,0.21058481348352842,0.4413632063455863,38.32220303282522,-5.979005020538553,4.173410790285166,42.59953112196136
WBX,Wallbox N.V.,PASSA_FASE0,,0,3.18,168411.2304419683,0.22099951528959927,0.5919454444209504,38.356663190233355,-28.755460961129153,24.10449142167308,169.68730072178636
EVH,"Evolent Health, Inc Class A Common Stock",PASSA_FASE0,,0,3.3,2859932.4048179844,1.292107916794692,1.1318395717653902,25.616531332723497,-37.9115710253998,3.0272615240289005,96.59832275582882
LDI,"loanDepot, Inc.",PASSA_FASE0,,0,1.01,1934969.6574922854,0.9170532211165047,0.9579675438062988,38.057913290130635,-7.744442972821175,2.9347730712620983,45.24976648432815
ANF,Abercrombie & Fitch Co.,PASSA_FASE0,,0,102.49,1299857.9427238095,0.7875407125019286,0.7887038200598452,64.20028411809017,9.077750756967017,1.2112815260415666,47.76704312127293
CDW,CDW Corporation,PASSA_FASE0,,0,147.92,2148822.269423667,1.1917782626633244,0.8480680624707364,65.63599770805408,8.237644265332932,1.3145497860900386,43.50799764059424
XHR,"Xenia Hotels & Resorts, Inc.",PASSA_FASE0,,0,21.82,802473.6966540634,1.2324018747225467,0.7786687158667331,71.61746762430133,5.141425336096006,1.3157177013949246,21.019721459909814
QUIK,QuickLogic Corp,PASSA_FASE0,,0,11.9,551695.3665913492,0.9627404503388274,0.5977429618715071,32.17305966130375,-16.742461344714176,1.0148083766926794,82.05559880456578
RS,"Reliance, Inc.",PASSA_FASE0,,0,403.62,354586.5670823811,0.9894953976823502,0.9896912838966009,57.59304124560127,3.8265493145240637,1.8305524682097174,24.486318371863486
ATRO,Astronics Corp,PASSA_FASE0,,0,65.14,731601.683161603,0.874551577065836,0.9106378124069163,36.41099873775702,-7.296454950403453,1.735291214209199,49.71452080793654
AVNT,Avient Corporation,PASSA_FASE0,,0,35.92,846549.0124004602,1.0405534211093022,0.9368100116045553,46.49945470476843,-2.2917375042502575,1.724377723451616,44.61362304806322
CXDO,CREXENDO INC,PASSA_FASE0,,0,6.68,657112.6553574125,0.48205791212118176,0.7656873910852984,36.7103559236996,-11.83264040124068,6.679969630342812,62.321845902311814
SMTC,Semtech Corp,PASSA_FASE0,,0,103.55,3562900.883355349,0.6043179057729786,0.7352366799934033,32.99912657779001,-20.74304827364508,2.051446811463626,89.54886915581561
STBA,S&T Bancorp Inc,PASSA_FASE0,,0,52.95,275633.52533609525,1.458360211791552,0.9942377139239192,71.75238748442912,5.7772983339326345,1.5415513621280723,21.59559988154233
PRLD,Prelude Therapeutics Incorporated,PASSA_FASE0,,0,4.71,455316.89766533335,1.0667411269985474,0.8798402903315993,58.1070961340412,5.475310715485371,3.8274325735717176,82.80987001279027
CGEM,"Cullinan Therapeutics, Inc. Common Stock",PASSA_FASE0,,0,17.21,1045728.9397658729,0.5206965258979149,0.578449736140018,50.27960864274009,-2.5177716729445687,1.9739324964599105,49.51179215666109
NTAP,"NetApp, Inc",PASSA_FASE0,,0,173.23,3171577.29367473,1.1853841511136667,0.8481693845270617,60.40436193412735,4.562341742544729,1.3937334281453277,48.63320382550525
SB,"Safe Bulkers, Inc.",PASSA_FASE0,,0,7.58,791855.016440095,1.5476962833684524,1.1588119315019438,63.03149961280522,7.243916242218451,2.107815656468611,33.891084437756916
IRIX,Iridex Corp,PASSA_FASE0,,0,0.8639,55516.466451746026,0.838814192911145,0.7502331917720616,19.087417280008083,-14.286281241008458,5.651563305274008,37.70156944345535
DAKT,Daktronics Inc,PASSA_FASE0,,0,19.59,439952.1417216825,1.1266256020332313,1.174327788866149,47.869575880103476,-0.9805903760614743,1.5533660098039113,27.110930236887842
MFIC,MidCap Financial Investment Corporation Common Stock,PASSA_FASE0,,0,9.73,575414.7727777938,0.5598822265211625,0.7593975078960006,45.540822720611565,-0.44508108661175383,1.9107426344272993,21.10845833329241
WTI,"W&T Offshore, Inc.",PASSA_FASE0,,0,3.53,5292062.771774649,1.0491836106963008,0.7474279239867233,51.10157216046276,2.7656477438136484,1.6574973542238782,79.63962067854705
CLPT,"ClearPoint Neuro, Inc. Common Stock",PASSA_FASE0,,0,14.14,713031.895266381,0.7380176367277458,0.7356253694294325,39.253046014152915,-11.985310136628158,1.4923966494569454,43.94080918784848
APTV,Aptiv PLC,PASSA_FASE0,,0,57.97,3394824.954331619,0.5664535153022658,0.6869558785643184,45.578869454715516,-0.960158545752754,2.1203566655702297,30.553077732547884
MBINL,"Merchants Bancorp Depositary Shares, Each Representing a 1/40thInterest in a Share of 7.25% Fixed Rate Series E Non-CumulativePerpetual Preferred Stock, without par value",PASSA_FASE0,,0,24.938,20392.403414285713,0.3283533070608656,0.7522489173224962,56.85752504045041,0.3972935646574749,4.680274584208687,6.933244188652529
ASPI,ASP Isotopes Inc. Common Stock,PASSA_FASE0,,0,3.54,4931550.9722620165,1.1685832659398927,0.8269358733326158,29.469919546904364,-21.923246581385104,1.4177210511772764,85.80283143636585
PTC,"PTC, INC",PASSA_FASE0,,0,132.46,1786832.4686592224,1.614902743604847,0.8548260048704687,61.21396840476113,7.5066349595409365,1.0,47.939759661165695
AIDX,"20/20 Biolabs, Inc. Common Stock",PASSA_FASE0,,0,0.4383,798665.5026371428,0.10250142835728988,0.31030497985806504,28.497490792076846,-19.26184362255141,22.166865441416757,69.16921749889995
DTM,"DT Midstream, Inc.",PASSA_FASE0,,0,135.95,733547.6539137621,0.9591285133381576,0.94302627885001,34.459389643480804,-5.723508791395493,1.3521472758274224,22.88095154717871
ATER,"Aterian, Inc. Common Stock",PASSA_FASE0,,0,0.375,4644970.912231284,0.0562929069812828,0.08570641261347849,21.31803920205445,-62.34032296939021,10.67924443163661,207.385690726939
UE,UBRAN EDGE PROPERTIES,PASSA_FASE0,,0,22.98,928003.6046598253,0.8219172881700125,0.8654163794186368,48.70196727564606,-0.3987517337031954,1.8320280369208617,21.384835559819212
GLP,Global Partners LP,PASSA_FASE0,,0,48.46,101995.53027576189,0.8614241596906458,0.7550988450108792,52.97176325151149,0.3323015766208748,2.1195029695832135,23.792774441129673
CFFN,"Capitol Federal Financial, Inc.",PASSA_FASE0,,0,8.75,809415.7955079365,1.5837881918186885,0.9225849418084748,62.6263585109248,2.189781021897841,1.0,21.15941634678041
LVS,Las Vegas Sands Corp.,PASSA_FASE0,,0,48.55,4749829.247428127,1.069607918157036,1.0399774068437597,60.00481663051523,4.979782472376582,2.1089725273880924,21.459495225361692
AEM,Agnico Eagle Mines Ltd.,PASSA_FASE0,,0,144.43,2622996.0095522846,1.0469874853239873,0.9605157732099591,42.302136449740225,-0.6647340204200214,1.892072074379892,33.067286940142374
RNG,"RINGCENTRAL, INC.",PASSA_FASE0,,0,57.58,1972341.6656557776,1.2583125642046542,1.1929744023331648,77.75929657928233,33.39665697506054,3.5952041333611353,93.95694753801328
SXI,Standex International Corporation,PASSA_FASE0,,0,274.46,196221.57979698412,1.1157909101665742,0.8901202460005089,34.10023830629105,-11.099594302418813,1.2915181080380487,42.57008278374339
FDMT,"4D Molecular Therapeutics, Inc. Common Stock",PASSA_FASE0,,0,9.61,861066.2568111588,0.615454602399108,0.9661025319640878,37.18792661453481,-16.316534233155533,2.0261151800145716,56.19298245541747
ASUR,"Asure Software, Inc",PASSA_FASE0,,0,8.44,102005.30391933334,0.9838443933402075,0.9561103429354638,56.82603056859781,4.747130003102673,1.7881444758072136,44.539129361639446
FEBO,Fenbo Holdings Limited Class A Ordinary Shares,PASSA_FASE0,,3,0.7106,78807.96238325395,0.05472797252421384,0.06191256279754786,42.18080310816021,-14.044833493919661,3.642476234639462,137.48894773817003
CHR,"Cheer Holding, Inc. Class A Ordinary Share",PASSA_FASE0,,0,1.93,182568.03182522222,0.22232168940648325,0.42210175267773065,50.05799342326456,1.1662953741318205,8.224822273874503,83.17503375962227
CALX,"CALIX, INC.",PASSA_FASE0,,0,35.55,1165773.1011779523,0.9592626944660453,1.2475251729840695,38.041257038285245,-6.3611220861319655,4.364760501538947,37.36982353954901
NCNO,"nCino, Inc. Common Stock",PASSA_FASE0,,0,18.83,3465025.553972857,0.8465676689889653,0.7284359547124776,64.2245926484916,7.382167602862766,1.3201915426335795,46.5631684823181
UGI,UGI Corporation,PASSA_FASE0,,0,36.72,1778301.1051380793,0.850354446682742,0.6541336280896466,58.15253007941822,1.3832518843700514,1.083525553718207,14.823187806486754
RANI,"Rani Therapeutics Holdings, Inc. Class A Common Stock",PASSA_FASE0,,0,0.8439,964541.448713746,0.7491618215159259,1.1211088148744468,57.90732071735529,13.014248982215548,8.764334979010254,111.31785215261465
TLIH,Ten-League International Holdings Limited Ordinary Shares,PASSA_FASE0,,0,5.7001,426979.788528381,0.004363427848473351,0.01870062937737686,68.58466057007912,5.919987215495981,14.719210850973555,44.7990266360581
TMCI,"Treace Medical Concepts, Inc. Common Stock",PASSA_FASE0,,0,4.04,726314.3337726031,0.5941888981570295,0.6356025138746388,48.20538100792213,-5.419641812009868,1.6485508195485665,67.42189586111823
YUMC,"Yum China Holdings, Inc. Common Stock",PASSA_FASE0,,0,45.85,1666299.3866027142,1.3420962920165773,0.9594883362756053,65.3293779343562,5.801181465755967,1.1117862029527297,23.268310445588604
BDTX,"Black Diamond Therapeutics, Inc. Common Stock",PASSA_FASE0,,0,1.66,1704726.9951605876,0.5104275656936093,0.6975682823660742,36.93407721136495,-10.318746623446772,5.028086064648632,59.590115467472934
HTO,H2O America Common Stock,PASSA_FASE0,,0,63.76,490426.2508162222,1.1159023197191742,1.078034542116545,60.58230585324491,1.2047427818606016,1.9984775101681516,19.381782831390506
CRNC,Cerence Inc. Common Stock,PASSA_FASE0,,0,7.95,1019348.1864538414,0.6269631808462924,0.6981801927554877,33.15460358929339,-17.310242608627803,2.292363733830666,67.54237619788861
RICK,"RCI Hospitality Holdings, Inc.",PASSA_FASE0,,0,26.47,47426.7709387143,0.9703185136189569,0.7193550989152561,50.28270292103157,-0.2468391400199832,1.1001713391651482,22.29021083113885
TMUSZ,"T-Mobile US, Inc. 5.500% Senior Notes due March 2070",PASSA_FASE0,,0,20.29,40153.51391128573,0.35642725644435963,1.8952008282794717,41.811897511825364,-0.19920808637268195,38.152896481246515,7.678480076221958
BRLT,"Brilliant Earth Group, Inc. Class A Common Stock",PASSA_FASE0,,0,1.1,68869.64385046033,0.6548102043030758,0.6432098912473744,42.37025171151326,-4.513888888888873,3.7431816810981475,36.00060049744776
EUDA,EUDA Health Holdings Limited Ordinary Shares,QUARENTENA,ILIQUIDEZ,4,20.35,,,,,,,
VCEL,Vericel Corporation,PASSA_FASE0,,0,46.62,638769.371754762,0.7914738594982282,0.7983841236346787,59.839572330741035,0.46926603774599673,1.4143028461705016,32.23163788124402
HAE,Haemonetics Corporation,PASSA_FASE0,,0,85.42,876633.2829519366,1.0191770103439994,0.7070252989862602,75.3653495819011,10.398128582414113,1.4884680167998485,26.02455722144613
AVPT,"AvePoint, Inc. Class A Common Stock",PASSA_FASE0,,0,13.02,2406588.804208619,0.6248513150473561,0.9875745434844854,62.49842949672729,3.6417910447761104,2.657186620449914,44.22823196866786
EPR,EPR Properties,PASSA_FASE0,,0,63.93,659428.5636284762,1.2204735256515746,0.9611277795953677,71.99111046474462,4.618909299185847,1.4734891981508151,17.421292701561782
KRMD,"KORU Medical Systems, Inc. Common Stock (DE)",PASSA_FASE0,,0,4.07,140745.95813046035,0.8571965786553517,0.9545568563902788,48.56692820976211,-2.8059701492537226,2.7473675260350285,45.181965984200836
AVD,American Vanguard Corporation,PASSA_FASE0,,0,2.4,338963.7247406031,0.4515099825862496,0.6281409171448591,38.91189003091045,-10.597876699571628,3.2471495500083254,72.08939946541598
TRON,Tron Inc. Common Stock,PASSA_FASE0,,0,1.46,767138.2762102858,0.9142177698975262,0.6273354264684482,43.725650193529454,-2.520447337673193,1.082943141250864,59.84143908160987
BEPC,Brookfield Renewable Corporation Class A Exchangeable Subordinate Voting Shares,PASSA_FASE0,,0,32.12,1667420.4124701112,1.0485422205741046,0.9778238997350203,29.02110405218791,-6.76071874365004,2.9439871185114477,27.075453285966596
OPXS,"Optex Systems Holdings, INC",PASSA_FASE0,,0,11.0,40997.49580431746,0.2971971787290692,0.781602161851443,36.371622756876135,-12.615189068954557,9.347167581210737,52.84866319691124
AIR,AAR Corp.,PASSA_FASE0,,0,135.4,452952.3743940794,1.2492621347397808,1.0918078950099308,51.94957286142815,-0.2537856045733311,2.104420890993329,56.55620845151501
PBI,Pitney Bowes Inc.,PASSA_FASE0,,0,17.66,2841444.0015708418,0.5899151092259206,0.6362005399886219,49.65573233572373,-1.0644257703081084,1.7177721502040484,29.19946297392042
LPRO,Open Lending Corporation Common Stock,PASSA_FASE0,,0,3.14,2729455.0335926185,0.373226276418315,0.8617713705467548,69.76215308178429,0.20743577469284347,5.588199966145132,5.135686145713641
CFR,Cullen/Frost Bankers Inc.,PASSA_FASE0,,0,166.93,600094.1765705397,1.151412896535215,0.9656643288731902,74.10325301887514,4.356360749305299,1.4960219076494643,17.90370998790521
IBOC,International Bancshares Corp,PASSA_FASE0,,0,76.66,344477.1182053809,1.0397584180190844,0.881323578863061,54.00481030004931,0.7054372528670472,1.1886962633987985,18.407331614379306
DKL,"DELEK LOGISTICS PARTNERS, LP",PASSA_FASE0,,0,58.69,78256.34303506347,1.205579655705713,0.7210782218614088,71.61690240849424,6.10237821909263,1.1631888454238517,18.92410856633879
WU,The Western Union Company,PASSA_FASE0,,0,8.09,8156780.942624079,0.8743581029013898,0.9627330611223712,50.0487086633448,-0.6325615672787444,3.256389757742804,34.80011263976762
SCHL,Scholastic Corp,PASSA_FASE0,,0,41.03,342160.96874428575,1.3385338814295975,1.0064693128784907,32.41950764506281,-9.434045558891036,1.5969978829517548,36.686005581058026
BBW,"Build-A-Bear Workshop, Inc.",PASSA_FASE0,,0,35.52,383026.93727714283,0.6447947765702435,0.9059181639670978,61.221608814195406,7.129931234165743,2.4297120411632838,47.44521768063917
GDOT,Green Dot Corporation,PASSA_FASE0,,0,13.24,446188.0363417936,0.7330452014348718,0.7732356848479303,49.9218109003206,-0.6714430398739535,2.2059237106863665,13.233090835577531
LKQ,LKQ Corporation,PASSA_FASE0,,0,26.39,3038431.9111058256,0.8972936800504935,0.8362027624461084,55.27003023060229,3.0094851477419082,1.4190713220038216,31.96705795799491
RMAX,"RE/MAX HOLDINGS, INC.",PASSA_FASE0,,0,9.27,520060.97272009525,0.6242623682237621,0.7402042919486418,39.429372784563974,-12.489379779099409,2.5786715046951394,66.19961315557671
CYN,Cyngn Inc. Common Stock,PASSA_FASE0,,0,1.03,237589.43618903172,0.4927347218958738,0.6813803433682442,32.51957785790995,-14.09507923269392,5.801321643914481,53.363214876276345
SST,"System1, Inc.",PASSA_FASE0,,0,1.74,409490.7437150953,0.07031263654162694,0.24610404229030927,33.1565443622889,-21.034717494894483,24.130974047408028,125.04501638671908
INGN,Inogen Inc,PASSA_FASE0,,0,6.43,311075.3687945238,0.47846499315191093,0.6771495645109662,48.89175615774264,-0.6949806949806958,2.0734130243078988,31.554304841303598
MCY,Mercury General Corp.,PASSA_FASE0,,0,108.37,280558.71856144443,1.3069463139805988,0.9880113809875855,55.09275170710965,0.28966193768105164,1.1626803524201097,24.320725678157096
ATRA,"Atara Biotherapeutics, Inc",PASSA_FASE0,,0,8.06,1406944.6924529679,0.028322903435191064,0.055696547466999695,40.28041937761694,-10.732085502270461,5.188644009655935,72.08919878075719
ARTV,"Artiva Biotherapeutics, Inc. Common Stock",PASSA_FASE0,,0,10.02,595013.1980316191,0.659986700438083,0.7293615286980377,53.689294740170126,3.357573882098075,2.138377197529406,74.22647579945134
GOOD,Gladstone Commercial Corporation - REIT,PASSA_FASE0,,0,12.86,512942.4568229524,0.7196231274600995,0.8321839662221335,53.7887627745139,0.6929491445797353,1.821727358762012,18.63666496597206
LINE,"Lineage, Inc. Common Stock",PASSA_FASE0,,0,44.34,1020159.0885972857,2.071461624652748,0.9504360005226639,56.77295228309344,2.195332757130508,1.0,31.631407597793793
DRVN,Driven Brands Holdings Inc. Common Stock,PASSA_FASE0,,0,14.97,1330301.4956952224,0.380776055864897,0.6291534782340061,56.357681794303694,1.1862516475717122,4.29118748556463,42.71294611599535
SWKS,Skyworks Solutions Inc,PASSA_FASE0,,0,61.19,5431671.049496809,3.1301528288954583,0.9617309272392581,45.44139684923685,0.7914741514919221,1.0,49.64376034550917
CV,"CapsoVision, Inc. Common Stock",PASSA_FASE0,,0,6.63,151102.3505411905,0.7483896933699483,0.8715810727054117,49.698184964065526,1.6442451420029869,3.2504877277245674,81.5531857674336
CC,The Chemours Company,PASSA_FASE0,,0,16.49,2703260.7283065394,0.7334485324961851,0.8693275439121523,34.58579131418389,-7.9927465476356545,1.7649182154907856,50.589954264153334
VGAS,"Verde Clean Fuels, Inc. Class A Common Stock",PASSA_FASE0,,0,1.02,35929.18138938096,0.5732418831587206,0.958397002354951,40.65916827756138,-3.840714972566317,7.122733327440312,102.39994952664226
MGRX,"Mangoceuticals, Inc. Common Stock",PASSA_FASE0,,0,0.5527,1225225.7995316035,0.22384781650439417,0.49041278444076,67.0237556300591,24.682766166236192,10.333554799908487,111.50687139515803
TENB,"Tenable Holdings, Inc.",PASSA_FASE0,,0,31.48,3708172.2693706504,1.0711181156478764,1.0379165252295472,42.00729609666562,-15.446805081786685,1.3957583538352158,68.99814627095888
UNH,UNITEDHEALTH GROUP INCORPORATED (Delaware),PASSA_FASE0,,0,420.57,6647773.355676317,0.7913528445388456,0.8644200783803012,50.891308222926426,-1.0744746411753492,2.5247228598411833,26.617938076083526
AIP,"Arteris, Inc. Common Stock",PASSA_FASE0,,0,26.96,1029692.8343873018,0.6747376063458871,0.784836955814127,34.17935043049731,-18.242331427878266,2.532273036323171,113.87551789892802
ESTA,Establishment Labs Holdings Inc.,PASSA_FASE0,,0,91.93,609373.4430987302,0.7864019230853787,0.8247782662657313,58.48037251639416,1.124769683469462,2.5749598686034783,31.756817197477496
GWW,"W.W. Grainger, Inc.",PASSA_FASE0,,0,1358.92,304242.3378966984,1.0220269852205022,0.8608028315431968,49.84643800955863,-0.8922049938245302,1.1926417260311277,20.814211477254542
SDRL,Seadrill Limited,PASSA_FASE0,,0,41.34,797848.2439904445,1.1608839508984279,0.9598793263757213,45.757697541025216,-1.263464615825527,1.6108924586961808,44.41881964101456
ROKU,"Roku, Inc. Class A Common Stock",PASSA_FASE0,,0,145.33,4330125.303514573,0.7049379391301781,0.6600082355370186,64.83197326454918,2.0017125450946915,2.2102039209494806,12.923479549730038
INGR,Ingredion Incorporated,PASSA_FASE0,,0,101.74,896710.5734426191,0.5628609221582882,0.7729466634261811,54.37808434205101,1.6967788689806973,2.066078378566159,19.1966397010825
TEAD,Teads Holding Co. Common Stock,PASSA_FASE0,,0,0.7857,340625.95314714283,0.12509792429584113,0.44499149921636394,41.41185038236706,-3.9181157825225688,6.546098396700184,70.69984132532241
RVTY,"Revvity, Inc.",PASSA_FASE0,,0,113.37,1487218.7949153022,1.5686631212059572,0.8794857711242753,57.92359426635644,1.868990924611369,1.0,31.39492331439409
CPS,Cooper-Standard Automotive Inc.,PASSA_FASE0,,0,29.14,167681.8011037143,1.502357408286568,0.8675847003755588,53.81819961298096,3.884066237678474,1.0977451742231918,42.13133416374309
LNKS,Linkers Industries Limited Class A Ordinary Shares,PASSA_FASE0,,0,1.06,2225367.816406206,0.02710407466591588,0.03114447494366429,33.27112870538973,-22.768670309653917,3.9415789703865047,86.03350169803821
PEP,"PepsiCo, Inc.",PASSA_FASE0,,0,143.5,8468348.391033921,0.9917300933624708,1.1084147662020887,57.54061658414274,3.195092659844523,2.2342179302973277,29.02661464743117
CVGI,"Commercial Vehicle Group, Inc.",PASSA_FASE0,,0,4.34,533329.4393080316,0.6401932352056049,0.6488683561469932,40.02447093383774,-7.630094711078028,1.5547691614902792,65.15826265043356
AIRJ,AirJoule Technologies Corporation Class A Common Stock,PASSA_FASE0,,0,4.02,1484865.8039401905,1.0107042338705847,1.02018776311362,45.33373914584418,-6.140555685267335,4.102837568648967,102.37979338647165
MEC,"Mayville Engineering Company, Inc.",PASSA_FASE0,,0,25.4,559650.1431189363,1.4678819072783038,0.9414055545284344,28.6633795964529,-19.79538349805804,1.4053836413584668,58.2022286151502
GBTG,"Global Business Travel Group, Inc.",PASSA_FASE0,,0,9.42,4168771.300800968,0.3622878670321442,0.3549245684874262,71.72910339950954,0.15948963317387044,2.1019116049669755,1.1041447094093673
ESNT,Essent Group LTD,PASSA_FASE0,,0,68.12,802696.6285126825,0.7250216838462837,0.7324026843135809,68.25092784871961,4.258656973407304,1.9499823613133198,20.910996858686833
FEMY,Femasys Inc. Common Stock,PASSA_FASE0,,0,2.78,70105.57558679367,0.4020476192382846,0.7433655025559355,34.3061789619031,-22.702627554566945,8.026048735293177,134.83194693932109
NEXN,Nexxen International Ltd. Ordinary Shares,PASSA_FASE0,,0,10.56,352614.09144750785,2.1910284352915936,1.2737887606556813,69.44212030541988,7.085815692736697,1.1292931900991916,41.44068294347114
VISN,"Vistance Networks, Inc. Common Stock",PASSA_FASE0,,0,11.55,7184481.106264223,0.580460450564045,0.8170211838136713,37.919660045523806,-4.7933066809545455,2.4715457865772,33.58593979064323
WMS,"ADVANCED DRAINAGE SYSTEMS, INC.",PASSA_FASE0,,0,138.31,856693.2450185078,0.7830126581358863,0.7132477824492468,41.55923889658965,-5.531441139004922,1.3350426066341257,33.60485239717699
VSNT,"Versant Media Group, Inc. Class A Common Stock",PASSA_FASE0,,0,36.95,1947084.19593919,0.6246703571410357,0.8825095073591854,50.89642824124342,2.0478616899346935,1.9193164055555443,31.737740541463882
SEG,Seaport Entertainment Group Inc.,PASSA_FASE0,,0,26.36,61889.91243177777,0.520168555295454,0.7887986027458611,55.6231653719762,0.4018358757546192,3.0520389994163004,17.868435543189726
HPAI,Helport AI Limited Ordinary Shares,PASSA_FASE0,,0,0.448,1183907.2229606034,0.02274245898311913,0.5307089407933768,38.0024716160638,-19.212247279048643,350.7957654421687,164.22788711156284
NOG,"Northern Oil and Gas, Inc.",PASSA_FASE0,,0,21.04,3136044.143678016,0.9840275453424361,1.0601922679859173,54.043249213371695,5.265791119449648,1.9645849320185038,58.68884139132565
AB,"AllianceBernstein Holding, L.P.",PASSA_FASE0,,0,37.11,314776.9444366508,0.5110329307055509,0.788725426209114,49.26051686340859,-0.39188318660081656,2.5711776818301457,16.35651386856038
BNGO,"Bionano Genomics, Inc. Common Stock",PASSA_FASE0,,0,1.09,142633.33281055556,0.38870569387618625,0.7877942814313486,39.01277405261588,-4.238963320887324,4.2100380456191235,33.14122490349785
BRAI,Braiin Limited Common Stock,PASSA_FASE0,,0,5.6,405140.22575892054,2.7149718978152615,1.3326553851009741,44.737623177712756,-2.4347750337558316,8.035351908564763,103.0408778041437
WTS,"Watts Water Technologies, Inc. Class A",PASSA_FASE0,,0,336.15,374117.3185910158,0.6965190128764535,0.6703875362600572,43.332058829990565,-4.1061892372997395,1.615717677629132,24.730587400367217
STN,"Stantec, Inc.",PASSA_FASE0,,0,71.62,450496.5029855079,1.0478166133870856,0.9747100832839887,55.674204666734376,3.4634692477157003,1.489229304119145,28.849134239982753
GILD,Gilead Sciences Inc,PASSA_FASE0,,0,132.73,7498695.656668745,1.0356961982055113,0.88599883528248,53.39165616566554,0.5915141777725452,1.3815165157368428,34.43456917845858
MA,Mastercard Incorporated,PASSA_FASE0,,0,563.32,3760730.682926682,0.9374980964444498,0.8069836529142563,67.77789441423451,4.6297921501652795,1.2512915243361287,24.725719990466676
CMTL,Comtech Telecommunications,PASSA_FASE0,,0,1.66,603813.456367508,0.38494436937412313,0.7831341453714503,32.13796750366548,-8.173143410316685,3.977039687953311,61.00281906934547
BFLY,"Butterfly Network, Inc.",PASSA_FASE0,,0,7.1,7804962.540735572,0.8502215250198498,1.0137428596084483,51.36346268945957,-2.8727770177838563,1.9656581337324306,72.0961297895274
FCN,"FTI Consulting, Inc.",PASSA_FASE0,,0,170.42,514556.5020353492,1.2865863334839762,0.6469771518162253,66.31988746685342,7.071614587423669,1.0,26.996946991917593
PUMP,ProPetro Holding Corp.,PASSA_FASE0,,0,10.21,5415301.9651217135,1.4485072436370954,0.871388327520881,27.844519028765916,-18.385291766586732,1.190648833050101,72.07861558049079
CHRD,Chord Energy Corporation Common Stock,PASSA_FASE0,,0,136.47,802700.0376725872,0.811739062265715,0.9833210868211668,60.11158453872138,8.911997318499942,1.9119122195202285,45.008318692439424
SIGI,Selective Insurance Group,PASSA_FASE0,,0,96.68,575426.2898754285,1.4487246983231679,1.0174173928949113,53.53097443407239,0.09214108974955337,1.267504033003099,29.857406815982422
PAY,"Paymentus Holdings, Inc.",PASSA_FASE0,,0,36.7,1013966.1464397778,1.3428813481761261,0.9241146941308679,84.61935680223402,24.919159944177814,1.0056609567308135,52.595002920531655
CERT,"Certara, Inc. Common Stock",PASSA_FASE0,,0,8.09,4125808.6015835716,0.9979829800954951,0.9124077048580216,73.61956363248476,14.040033831406795,1.5737800024279578,54.04601338309064
WYFI,"WhiteFiber, Inc. Ordinary Shares",PASSA_FASE0,,0,20.58,2409559.1273531266,1.0747229151814404,1.2187784143452012,34.17831327568146,-31.11181777100873,2.3457789854237756,125.12768997192052
FND,"Floor & Decor Holdings, Inc.",PASSA_FASE0,,0,55.76,2843411.058118714,0.8924975592276986,0.7948504000848687,52.16872323380789,-0.17544487808371922,1.1992954485027525,43.445968834528635
KRMN,Karman Holdings Inc.,PASSA_FASE0,,0,45.59,3434358.3580343965,0.7127947532752732,1.168350247661681,42.67110776058201,-7.102321932532519,7.679007594128355,78.6019988681203
DHI,D.R. Horton Inc.,PASSA_FASE0,,0,147.16,2382406.120304254,1.5020628765539739,1.0799360032383252,45.86521693018716,-1.8196981069135143,1.3165121538428453,33.57174691730124
DB,Deutsche Bank Aktiengesellschaft,PASSA_FASE0,,0,35.47,2698061.7499812064,1.2041553181615026,0.7421249974600272,53.25668715442935,0.01127840748884612,1.0771749919995932,37.02150351088301
FWRG,"First Watch Restaurant Group, Inc. Common Stock",PASSA_FASE0,,0,13.2,1231594.880416746,1.2614216601162773,0.7269284490797456,62.84860269979225,5.277849779674204,1.0,35.19939980002308
FVCB,"FVCBankcorp, Inc. Common Stock",PASSA_FASE0,,0,18.62,208972.42486436508,0.3810662586304671,0.584917711120667,66.54496467728484,4.942794341430412,2.5151035163413464,25.452816670777857
BPRN,"Princeton Bancorp, Inc. Common Stock (PA)",PASSA_FASE0,,0,41.54,13710.635811206348,1.1603663768092016,1.1250763961757337,67.31989433422173,6.875237182497074,2.6720545051690574,34.89649378008106
TBBB,BBB Foods Inc.,PASSA_FASE0,,0,39.48,682315.0142643333,0.7652866596684758,0.8190912388364019,42.8761420063007,-3.3442687166430174,1.5837595677005472,25.262556057989105
WWD,"Woodward, Inc.",PASSA_FASE0,,0,385.42,781061.2433421587,1.411141432385944,0.7370307478986874,40.49385581616867,-4.945113214015318,1.0,35.57970154544313
FFIN,First Financial Bankshares Inc,PASSA_FASE0,,0,35.24,906932.677276143,0.9404058335526415,0.9100571025600438,56.82707537657454,1.0132859415533435,1.514724803064074,25.209716592773017
MOVE,"Corvex, Inc. Common Stock",PASSA_FASE0,,0,10.804,55905.16604584126,0.5073809217513283,0.7938419694981191,30.764131325715937,-26.914569057073468,3.1488619321159623,107.75267884860101
BHST,BioHarvest Sciences Inc. Common Stock,PASSA_FASE0,,0,2.195,39871.74691514286,1.8155964887634928,1.4642580646329029,32.30047932696212,-14.366526870184348,2.1033539420313354,80.0051552901312
DOCU,"DocuSign, Inc. Common Stock",PASSA_FASE0,,0,58.17,3758650.2085594763,1.191566980566005,0.8178587372027352,70.28116192132396,15.98392933693562,1.0,49.36613834433833
LZMH,LZ Technology Holdings Limited Class B Ordinary Shares,PASSA_FASE0,,0,1.14,387831.6271413334,0.11239674551893775,0.13056344711566553,40.803246972876686,-8.268323201274598,4.326949821195598,86.514136260214
FRSH,Freshworks Inc. Class A Common Stock,PASSA_FASE0,,0,11.61,17082700.332745127,0.7960703464540424,1.145358246706336,65.41939363633688,9.823582273092747,3.026993952284913,49.44326151327674
OPTX,"Syntec Optics Holdings, Inc. Class A Common Stock",PASSA_FASE0,,0,5.875,1026930.8787052382,0.5054182144463278,0.5449671741618605,31.420157332390986,-29.674407469475696,2.107824689809269,95.10336806938888
RPRX,Royalty Pharma plc Class A Ordinary Shares,PASSA_FASE0,,0,59.18,3704536.1987782223,0.7016087660050966,0.7425185034544924,59.63208460200297,2.3578807179580386,1.4300155470847475,26.499534087365806
PZG,Paramount Gold Nevada Corp.,PASSA_FASE0,,0,1.06,628901.8155572698,0.4777950050020753,0.717721256899673,38.668189176378476,-7.504363001745206,3.217914406772782,59.151409142628594
CTRE,"CareTrust REIT, Inc",PASSA_FASE0,,0,42.34,2737432.546307444,0.4595286962774061,0.8515322792998242,56.52914815148815,1.3039837301112467,2.643363627469167,26.556375162890205
OXY,Occidental Petroleum Corporation,PASSA_FASE0,,0,56.03,10661817.47408708,0.8974832787235771,0.8678576274242852,55.78840197267621,4.071473680300186,2.1760645368273455,37.855089565391786
DCOM,"Dime Commercial Bancshares, Inc.",PASSA_FASE0,,0,40.6,312891.9186340794,1.180768134868537,0.9447789228122061,56.561465327397016,1.3302717947438092,1.1882495750937057,22.865464452214752
BCC,Boise Cascade Company,PASSA_FASE0,,0,77.68,452260.00515471434,0.8620639145719426,0.8941031521100774,53.54417876340336,2.184307973612043,2.6737667201864967,44.27766664057115
XXI,"Twenty One Capital, Inc.",PASSA_FASE0,,0,4.35,1432520.73511546,1.2327853404088163,1.0956398798635523,28.943662084358067,-14.697519364643597,3.3615285624557916,62.27468626187439
ARCC,Ares Capital Corporation,PASSA_FASE0,,0,18.71,5168571.452386859,0.8545770438967707,0.9164085719749046,49.01306213645923,-0.3568195132342633,1.5370063376862537,14.969452878373263
ELPW,Elong Power Holding Limited Class A Ordinary Shares,PASSA_FASE0,,0,0.1791,9527336.797156427,0.339229443902479,1.9487606325894342,31.12622199969246,-58.13659950446449,46.73744915324873,267.39028888849276
ANGI,Angi Inc. Class A Common Stock,PASSA_FASE0,,0,6.1,1192674.1205269524,0.4377824655282278,0.4615781989233741,52.67937687764112,0.2629848783694877,1.749328516865766,57.393154216773226
WELL,Welltower Inc.,PASSA_FASE0,,0,241.08,3483402.44223673,0.7765200872254469,0.8485112289953813,56.79660919010629,0.6370171234878264,1.7120005660433142,23.71904755089707
VICI,VICI Properties Inc. Common Stock,PASSA_FASE0,,0,27.13,9257407.327529255,0.9145714538928764,0.9492577976321123,53.89742453955774,1.9924812030075012,2.033827609172765,23.173248791254043
COCO,"The Vita Coco Company, Inc. Common Stock",PASSA_FASE0,,0,67.54,1327241.8100300317,1.1873171971898195,0.9809134798538267,41.646215833096136,-4.362386409093622,1.781138003020395,51.46156388766619
TROX,TRONOX LIMITED CL A ORDINARY SHARES,PASSA_FASE0,,0,6.06,2858661.468104841,0.967283198611536,0.8151176373279441,41.14425156719273,-1.5034538805363762,1.1343945147875794,46.97255916558656
BPAC,Blueport Acquisition Ltd Class A Ordinary Shares,QUARENTENA,INTERRUPCAO,34,10.15,,,,,,,
CCK,Crown Holdings Inc.,PASSA_FASE0,,0,119.76,1210359.2737521909,0.9065970427691894,0.9784198563547846,65.17454677573149,4.747119148098733,2.707797479468323,30.76129889288306
JNJ,Johnson & Johnson,PASSA_FASE0,,0,265.53,8269680.571998794,0.7390403937169016,0.991815013176581,63.308005772740486,2.905442327144203,1.8158245230366816,25.985149850813272
MO,"Altria Group, Inc.",PASSA_FASE0,,0,74.92,8474633.89432984,1.057955475679224,0.8093893791322851,60.525598811228825,3.153677224819118,1.1747916828679048,23.744805626628132
AXP,American Express Company,PASSA_FASE0,,0,331.5,3235614.6577604134,1.0628951710258494,0.9913415982518282,42.456546588778636,-4.55075509998416,1.850780883295926,31.971885055152217
RGCO,RGC Resources Inc,PASSA_FASE0,,0,22.37,13400.708599587304,0.6078475880186557,0.9820748428747491,41.43979045794535,-5.940229788397044,3.1571184502767164,46.006929115450404
STGW,Stagwell Inc. Class A Common Stock,PASSA_FASE0,,0,8.08,1438988.2262540315,1.561535534650942,0.8346494195833836,65.85919689620627,6.519016544723488,1.6509693595346024,34.87570079105427
TMUS,"T-Mobile US, Inc.",PASSA_FASE0,,0,181.52,5421223.929272475,1.3392387874598144,0.9411220892771148,47.793476997397725,-1.4482524601289404,1.3258881263503504,53.545460534647184
GBX,"The Greenbrier Companies, Inc.",PASSA_FASE0,,0,50.72,471543.23779992067,0.8175260912204408,1.305379657797848,54.77411611711974,3.3151703417019007,4.117233738875288,40.25260138172045
IMSR,Terrestrial Energy Inc. Common Stock,PASSA_FASE0,,0,4.64,2737047.910136159,0.760614111140435,0.6715021724160354,34.14945108592471,-15.501934896426139,1.3417595847844435,85.99202390178965
NEE,"NextEra Energy, Inc.",PASSA_FASE0,,0,88.46,11623462.296874858,0.8954897291565639,0.9118049954379273,50.172279449218955,-0.0322075749956352,1.372273142095494,16.347262448834424
EFSI,Eagle Financial Services Inc Common Stock,PASSA_FASE0,,0,41.48,51468.11530961904,2.1365687093548624,1.497419664469359,52.15641639494765,0.6106249962101185,1.7115058529076164,24.991737889119577
NTST,NetSTREIT Corp.,PASSA_FASE0,,0,21.92,1893161.3893938097,0.7926032581588136,0.8294921137911173,56.50717136906484,0.7885601305837264,1.4859762349200438,24.636125295436166
INHD,Inno Holdings Inc. Common Stock,QUARENTENA,INTERRUPCAO,35,39.49,,,,,,,
HL,Hecla Mining Company,PASSA_FASE0,,0,14.15,27444466.675919197,1.4731794009232593,1.4364280384384907,39.078963239655174,-7.3103628979431345,2.2177130459776047,53.1654965050234
LOGI,Logitech International SA,PASSA_FASE0,,0,102.99,1177184.23904027,3.4027513367556828,0.9991335583146258,48.86849002303288,1.4300065000295348,1.0,40.447885095899004
LOAN,"Manhattan Bridge Capital, Inc",PASSA_FASE0,,0,4.2,34601.94040169842,0.8832558684627947,1.6199980088457282,46.987588999939355,-2.200488997555017,4.658144489942535,52.69844944518961
AOUT,"American Outdoor Brands, Inc. Common Stock",PASSA_FASE0,,0,12.67,96899.35827517461,0.5175525480528228,1.1447370311808198,49.148132947870145,-6.817680370669999,6.4832426810677175,52.388620654978354
LECO,Lincoln Electric Holdings Inc,PASSA_FASE0,,0,257.99,360804.8845948095,2.2802102901265306,0.8840780191039266,51.094492746148894,1.6359892017424382,1.0,33.47978530292434
ATR,"AptarGroup, Inc.",PASSA_FASE0,,0,136.23,512086.42075363494,1.1327349428682982,0.853930986896309,67.04404320605578,5.338447025346826,1.2755549239072563,27.928441803838655
BCTX,Briacell Therapeutics Corp. Common Shares,PASSA_FASE0,,0,3.4,197306.01388879362,0.2345564181641426,0.8179777180343035,45.65832203645897,-6.44562151750706,7.7605363291733305,69.3395658562253
FLUX,"Flux Power Holdings, Inc. Common Stock",PASSA_FASE0,,0,0.5124,107708.2182606508,1.6610841667163883,0.8177364519999426,26.44581726320338,-26.973177892426538,1.5282942015081975,90.86873188374992
MARPS,Marine Petroleum Trust,PASSA_FASE0,,0,4.7712,12532.73053147619,0.6013447094447583,1.044042586592564,49.67003826590151,-0.9436018809753643,7.507613476679969,33.40292278423285
QCLS,"Q/C Technologies, Inc. Common Stock",PASSA_FASE0,,0,2.51,388313.50322149205,1.0197180284048495,0.5490809482911102,22.20812873595149,-26.971195810299687,1.707606681158242,66.97034634516255
AREN,"The Arena Group Holdings, Inc.",PASSA_FASE0,,0,1.16,119481.5640921905,0.7147671862924833,0.6100267054326585,56.143243051136125,22.19337100962271,1.9161247430519117,115.18176221499094
SBET,"Sharplink, Inc. Common Stock",PASSA_FASE0,,0,6.14,8861636.508632317,0.864296885646022,1.0493264616185205,54.76505554468766,5.666222088370687,2.1313432683651077,75.71583781536503
DSY,Big Tree Cloud Holdings Limited Class A Ordinary Shares,PASSA_FASE0,,0,3.19,2770000.594409778,0.004321466456418081,0.5041260288054186,47.85612650586774,-10.550423343255034,1897.9252579379386,183.96185609634205
NCRA,"Nocera, Inc. Common Stock",PASSA_FASE0,,0,3.12,778240.8351096828,164.0534467705195,1.4179073189983404,62.251816944381865,80.97972679022017,1.0,326.880912254733
FRST,Primis Financial Corp. Common Stock,PASSA_FASE0,,0,16.04,234683.87046168253,0.8362682271896641,0.7519736529369355,55.54134771628209,1.154064451031056,1.5225752730218567,26.579458921546372
AJG,Arthur J. Gallagher & Co.,PASSA_FASE0,,0,268.91,1806416.4422522853,0.8711134205548994,0.8701700974010614,69.14120349842504,6.401878681045625,1.9455600094899337,38.619431151346596
AMCR,Amcor plc Ordinary Shares,PASSA_FASE0,,0,45.84,3826214.6552843014,1.1171280791742195,0.8854129812059841,61.91414608649978,4.448874964397609,1.4430463366947974,36.82299416508496
ENR,"Energizer Holdings, Inc",PASSA_FASE0,,0,21.41,1106505.829980714,0.6249600346932225,0.8751249597477744,57.62340941029788,2.9921108331729673,2.018492149120876,28.401000370516833
NPWR,NET Power Inc.,PASSA_FASE0,,0,1.36,847525.4128031747,0.8249187081772672,0.8207704418407787,32.78536715714452,-11.48714611129188,1.5310696386339642,50.837343046838754
RPD,"Rapid7, Inc. Common Stock",PASSA_FASE0,,0,9.39,2377385.9949455867,1.2532122176189533,1.2404686245796608,45.562759051294755,-12.922520517457226,2.3224862257593513,91.71778515049446
EPRX,Eupraxia Pharmaceuticals Inc. Common Stock,PASSA_FASE0,,0,5.97,321668.86378601595,2.4402390616493497,0.9394719721318194,42.27998658629446,-7.088942494747519,1.1487317291066206,59.76343723466053
TTEK,Tetra Tech Inc,PASSA_FASE0,,0,33.78,3505542.4233747777,2.0276287175418646,0.7078748339151691,72.01997057261133,8.03895543153217,1.0,29.750920665775983
ZONE,CleanCore Solutions Inc.,PASSA_FASE0,,0,0.3219,2537925.0752504594,11.310061384513997,0.6262270168350639,27.938869129304464,-53.530001948881555,1.0,286.54293126516535
HRI,Herc Holdings Inc.,PASSA_FASE0,,0,143.02,586384.3014630954,1.4835190925276651,0.930732617301997,45.746256012251735,-2.9448389822169463,1.4468397347029962,53.906490145963794
LTRX,Lantronix Inc,PASSA_FASE0,,0,4.99,1261903.870676778,0.5689828148699828,0.7520846714232722,38.83085968534297,-8.490739042728757,2.8613361465359732,66.54863731344196
MOG.A,Moog Inc.,PASSA_FASE0,,0,389.87,296100.6716079047,1.360222866263326,0.9100768994902413,44.39418943140155,-3.7089360735217625,1.1797005188129515,35.212451590584365
CLIR,ClearSign Technologies Corporation Common Stock (DE),PASSA_FASE0,,0,4.0159,16604.321748952385,0.16615746151594954,0.8595320563515615,57.13754860713859,7.887596378583117,22.62114426372775,77.15622620000184
TXNM,"TXNM Energy, Inc.",PASSA_FASE0,,0,57.69,1591683.5803136984,0.8431488943509147,0.8246994429258315,50.56121568188347,0.5358776630505879,5.3157107112141,6.36242726876631
BRIA,BrilliA Inc,PASSA_FASE0,,1,1.28,71979.28623447618,0.16283007743116854,1.7950681802268682,43.28635235815673,-9.428621970635065,160.8361682258612,113.0262413695831
VFC,V.F. Corporation,PASSA_FASE0,,0,15.08,7452109.780322207,3.733746591063365,0.8329946346792818,37.74264633437722,-10.136463857934563,1.0,77.87120053238947
IRON,"Disc Medicine, Inc. Common Stock",PASSA_FASE0,,0,73.67,570390.9027903967,0.6283203998656655,0.9440690828288507,48.1909141007976,-2.899056933286759,3.7224236181594206,32.67407704972783
VMET,Versamet Royalties Corporation Common Stock,PASSA_FASE0,,0,8.6,195222.12848607937,1.179013625437511,1.175124809676268,34.81320445920083,-11.152435559688001,4.005252023744118,73.63163110256147
CFFI,C&F Financial Corp,PASSA_FASE0,,0,84.75,6048.3794588095225,1.3986441422220317,0.8633733833686793,63.6563673295448,6.340930906627018,1.033690864522564,34.82740672089044
PRCT,PROCEPT BioRobotics Corporation Common Stock,PASSA_FASE0,,0,17.88,1633426.6990440951,0.6072572725151856,0.9448094163660343,36.497160208745655,-7.978538618906084,2.4115098476820407,68.29021462583289
LZM,Lifezone Metals Limited,PASSA_FASE0,,0,3.01,614374.4740283334,0.7652402830188516,0.7336810578669358,35.10895094270761,-11.470588235294121,1.524588449125252,64.48636599798827
LII,Lennox International Inc.,PASSA_FASE0,,0,430.02,431181.2200956349,4.379758440084989,0.9980047632859703,23.924965335211112,-20.77153877546133,1.0,84.34089902680512
TRAW,"Traws Pharma, Inc. Common Stock",PASSA_FASE0,,0,0.4817,2296506.719790667,0.017481915621679323,0.06610927534263382,27.58818728356883,-24.80545734110723,8.386120191653958,94.29978811546674
RILYG,"BRC Group Holdings, Inc. 5.00% Senior Notes due 2026",PASSA_FASE0,,0,24.33,18097.40617965079,0.42402955008152865,0.4927972750055217,46.05711662631299,-0.41886167937176255,2.7519271654915696,6.349334181464437
YAAS,Youxin Technology Ltd Class A Ordinary shares,PASSA_FASE0,,0,2.9575,263129.88062796823,0.0645300586481367,0.9658428394030408,86.50376222852437,237.6189728734713,97.8752000452479,557.4386082573803
BIRD,"Smartbird, Inc. Class A Common Stock",PASSA_FASE0,,0,2.21,1648034.9966875077,0.18419908376288005,0.23205084541724944,24.265938729625162,-26.16104243234213,2.22899283772712,56.30920943242938
HLMN,Hillman Solutions Corp. Common Stock,PASSA_FASE0,,0,7.98,1488125.709420635,0.9585472021011913,0.7369945291432999,50.01499739991364,0.037608123354648804,1.173520376199478,32.57884796877878
JEF,Jefferies Financial Group Inc.,PASSA_FASE0,,0,55.1,2166072.1956854924,1.3111831083835108,0.8233717461157776,49.98654620479357,1.1510289501220905,1.0,41.263628657456074
FISI,Financial Institutions Inc,PASSA_FASE0,,0,41.25,151889.13101022228,1.1482005011751812,1.040576392214417,63.477835747078466,4.500487668942443,1.5863009872557023,30.59395661400301
BLX,"Bladex, Inc.",PASSA_FASE0,,0,57.25,190523.71587449205,0.7843628371254514,0.93112922021458,42.4850820814971,-2.559825713993935,2.2408216891504567,28.968799853052406
AZTA,"Azenta, Inc.",PASSA_FASE0,,0,28.28,1034227.802416873,0.6698871832694574,0.5644548745391821,64.05855777548567,6.708927628103534,1.2358421099410144,41.229679687234274
VACI,Viking Acquisition Corp. I,PASSA_FASE0,,0,10.125,200305.09073449209,0.05128676441687167,0.5146608057283303,37.17586933248669,-0.33874981974847396,59.42490022388787,2.042958644358687
ETR,Entergy Corporation,PASSA_FASE0,,0,107.79,3563227.306786936,1.2073677342168636,0.7666609758002025,34.874656924785725,-5.345240917832417,1.068838919146181,23.206437271886173
SPIR,"Spire Global, Inc.",PASSA_FASE0,,0,10.54,1377428.3405401108,0.4658186380922047,0.6512753979665026,30.16516510694018,-23.16664236769209,3.2202940592309557,72.18887704433979
LGO,Largo Inc. Common Shares,PASSA_FASE0,,0,0.583,1636908.6300139364,0.35499161301999654,2.0302917529963818,34.16833935228503,-12.123358907495907,75.85936223551921,90.38588803844891
AMH,AMERICAN HOMES 4 RENT,PASSA_FASE0,,0,33.71,2771040.3771350794,0.7452527779931125,0.6957759465125308,54.33338083989322,0.28857882366939425,1.5317886657329192,17.395575503997556
CALY,Callaway Golf Company,PASSA_FASE0,,0,18.24,2612483.3300372693,0.9703786223454428,0.6966803064824668,50.79396814954519,-1.5915834906932935,1.0785250456942992,26.218505874757813
BL,"BlackLine, Inc. Common Stock",PASSA_FASE0,,0,32.43,1265479.3439658098,1.0004114780424296,0.737599534884995,64.5595118996915,9.553408553476128,1.1425968812635978,47.36314671308101
WFC,Wells Fargo & Co.,PASSA_FASE0,,0,83.87,16487959.489229526,1.0963669695602047,0.9896135800637831,44.347064944496346,-3.1949029294304876,2.154299444881992,28.091157538262856
SMBC,Southern Missouri Bancorp,PASSA_FASE0,,0,78.31,101789.41900053967,1.1704023715801775,0.935495192004634,62.154740086081496,2.3399264239834627,1.2339759321629156,22.65298792008286
GTY,Getty Realty Corp.,PASSA_FASE0,,0,34.83,487194.5486829525,0.8548713925287265,0.9897538610986164,51.81511904792209,-0.21486892995273843,2.482565417091262,24.342618875271572
UPS,"United Parcel Service, Inc. Class B",PASSA_FASE0,,0,104.56,5750915.848849365,1.0500976822346095,0.858120263361632,37.725409929446556,-6.933275181464982,2.36808375538664,36.290578735967834
NYXH,Nyxoah SA Ordinary Shares,PASSA_FASE0,,0,1.39,302711.96492177766,0.2119600840507907,0.6420030781256664,29.735238492567163,-12.413358538122242,8.420892547651658,45.03279216550121
LNSR,"LENSAR, Inc. Common Stock",PASSA_FASE0,,0,5.25,69888.748688873,0.6232367301052386,0.5604383740645795,33.887417505123196,-9.334254382177697,2.997194878981006,44.09427981537652
SKIN,SkinHealth Systems Inc. Class A Common Stock,PASSA_FASE0,,0,0.6435,2777960.201524905,0.321823578676991,2.0206478721565935,38.475986732346925,-21.29836298148954,98.47600896559123,160.74353037436495
BIOX,Bioceres Crop Solutions Corp. Ordinary Shares,PASSA_FASE0,,0,0.3226,240834.06562747614,0.32896639790795973,0.5075697566231426,35.62696493919631,-5.302168568597942,4.01370281928595,51.03480505122051
WEX,WEX Inc.,PASSA_FASE0,,0,188.41,669962.8142254443,1.145121506755506,1.2425433800917278,76.26033529999708,16.644121206868245,2.8504650030197354,45.628608506679434
LENZ,"LENZ Therapeutics, Inc. Common Stock",PASSA_FASE0,,0,5.72,909645.01753927,0.7944365724015,1.224977649225562,50.04398474379627,4.771499221540432,2.6890494201834354,72.48871890496044
EDSA,"Edesa Biotech, Inc. Common Shares",PASSA_FASE0,,0,5.36,333720.6851281746,0.3980929736164679,0.19887871682199984,37.91707486078802,-16.873449131513652,1.0,69.16799618471626
ZIM,ZIM Integrated Shipping Services Ltd.,PASSA_FASE0,,0,24.58,1226595.6674665874,0.8362052054059941,0.8656976549035668,48.309132565488156,0.15279616990935274,4.687763215989771,39.083633237540866
GRNT,"Granite Ridge Resources, Inc.",PASSA_FASE0,,0,4.71,951448.3832652224,0.7597296036694222,0.8612110913326735,51.41350490487642,2.1802798568174575,1.5086304528946954,38.13953736990366
PRM,"Perimeter Solutions, Inc.",PASSA_FASE0,,0,34.67,1590932.1978551266,0.8722982230430494,0.8312820843797082,52.9819357345811,1.6328086066895287,1.2338687584221177,35.802156885629095
NSIT,Insight Enterprises Inc,PASSA_FASE0,,0,127.42,531405.8305423334,1.0139119772399217,0.6680480233788463,68.34520332405198,8.404035161974367,1.1557283352769898,39.17834027779676
CARR,Carrier Global Corporation,PASSA_FASE0,,0,59.92,6510579.064749793,2.554408382970176,0.9514783999574647,29.969683208742836,-12.02143669933563,1.0,42.97801021401174
STEM,"Stem, Inc.",PASSA_FASE0,,0,4.95,147057.05524428573,1.020509608047734,0.7390574112653678,22.94441499821309,-23.611111111111104,1.2255517574058186,52.396905066444596
DVLT,Datavault AI Inc. Common Stock,PASSA_FASE0,,0,0.3259,37081800.549341574,0.3850197045568896,0.4973258790573156,37.57864423888858,-11.18196931294796,7.397189427296393,86.9192311804319
CBL,"CBL & Associates Properties, Inc.",PASSA_FASE0,,0,59.32,294088.1293473016,1.167427726022054,1.0876888903128554,71.36807077509064,8.171192034865694,1.5154146615573136,33.23907726356368
CNP,"CenterPoint Energy, Inc.",PASSA_FASE0,,0,42.93,6068276.28193651,1.0920807361907352,1.07570561539566,45.286944335221506,-1.7653856274956192,1.2607413913788477,21.93914785029802
ACH,"Accendra Health, Inc.",PASSA_FASE0,,0,3.32,746701.7269459206,0.6579765881800123,0.7005656336942371,50.84941122323641,-1.9781517567168505,2.3239749710973037,75.05992845783366
THC,Tenet Healthcare Corporation New,PASSA_FASE0,,0,257.62,1523674.0604533332,0.8429701456884117,0.9853674935065838,76.73369220419411,23.43413484228154,3.6122372106556857,73.71585295844845
WWW,"Wolverine World Wide, Inc.",PASSA_FASE0,,0,20.53,1056379.9150148414,0.8711323308604095,0.725742151626036,65.69998920911468,12.734061830761622,1.153678053582291,50.860502284546385
GNW,"Genworth Financial, Inc.",PASSA_FASE0,,0,10.08,2884738.597708666,0.7360163769855818,1.003828398726112,67.77741315415244,3.3422185769940382,2.5261908889449542,23.53603562049326
PLYX,"Polaryx Therapeutics, Inc. Common Stock",PASSA_FASE0,,0,1.99,203225.0260596508,0.7791089313799647,0.483857125690502,34.72869290275365,-13.964548205793337,1.4920329096929148,64.00711307403941
IRD,"Opus Genetics, Inc. Common Stock",PASSA_FASE0,,0,3.47,1013955.594047,0.88438427732806,0.8433707358074515,45.48718423083262,-2.746636771300426,1.6207923149586985,59.840686849921234
ENSG,"The Ensign Group, Inc.",PASSA_FASE0,,0,181.89,827355.491079,0.7902415768140117,0.6489684383143611,66.37868367534847,6.353494246421554,1.2020173835942902,25.89559023549935
SYF,SYNCHRONY FINANCIAL,PASSA_FASE0,,0,74.97,3866088.9542957614,0.9329268259002083,1.0642886671520246,52.6472673883234,1.4980335348311113,2.6142017081134945,45.862460820965055
CRCT,"Cricut, Inc. Class A Common Stock",PASSA_FASE0,,0,4.79,524531.1030672857,1.2517504529159924,0.8654402448005419,61.923318999959726,6.4503583532418585,1.304290511563602,39.779093115652195
SAFE,Safehold Inc.,PASSA_FASE0,,0,16.35,354978.08123322227,0.5048984705009052,0.8109406682785312,51.237243167902854,-0.34741268970562844,2.3796376527125327,35.119994133709774
BCBP,BCB Bancorp Inc (NJ),PASSA_FASE0,,0,10.33,152393.02506320638,0.7612557001338072,0.9143114429151838,48.93965261178649,0.3156105850934843,1.7802694834143884,36.35321864886647
TFC,Truist Financial Corporation,PASSA_FASE0,,0,52.31,8848172.168522779,0.8280792809020642,0.8857291970216338,56.03393542391569,1.1485807100317214,1.8999116292042402,24.755510708166245
CSW,"CSW Industrials, Inc.",PASSA_FASE0,,0,272.61,141305.19073025396,1.983358878528413,1.0455122699216537,44.78129232383625,-3.5746119780981633,1.1208405364328455,50.49077530591077
ERII,"Energy Recovery, Inc.",PASSA_FASE0,,0,8.14,1064549.6717529364,1.4198157649169656,0.6267754801558038,37.34242439476893,-5.683332367765493,1.0,25.497024372377496
GSHD,"Goosehead Insurance, Inc. Class A Common Stock",PASSA_FASE0,,0,70.72,549425.062228127,1.5279061098753506,1.1344187640565957,74.8192944200824,26.495787647342905,1.3164713027095694,80.06493086149248
DWSN,Dawson Geophysical Company New Common Stock,PASSA_FASE0,,0,4.2,172855.548881,0.5316094867874999,1.874369097720721,41.94254150114078,-20.152091254752857,15.057481368952734,205.03159442044225
AIZ,"Assurant, Inc.",PASSA_FASE0,,0,281.0,421795.4889043175,0.9363728116343001,0.7772618165426144,64.25568851897765,1.291557474848326,1.313059859797404,15.414551758330985
TY,TRI-Continental Corporation,PASSA_FASE0,,0,34.64,33291.27540312699,0.5375799900510568,1.0570809868385076,43.15192743961809,-1.116154263366731,3.576094229147587,9.951250815058748
TYGO,"Tigo Energy, Inc. Common Stock",PASSA_FASE0,,0,1.54,1115474.2885868251,1.7211581959296411,1.1093946329559679,25.050466477855082,-16.304347826086975,1.1343065317122083,64.51929723918047
UTMD,Utah Medical Products Inc,PASSA_FASE0,,0,70.94,17848.762290666666,1.7548544929851322,1.6796238982171041,54.75325418096069,2.135869213104602,2.4268548512961696,45.06277790123891
ASLE,AerSale Corporation Common Stock,PASSA_FASE0,,0,6.16,392114.18515511113,0.8658394416812507,0.978122024506031,46.965146390336955,-0.4846526655896688,2.1944731469284045,40.714232021952185
ASPS,Altisource Portfolio Solutions S.A.,PASSA_FASE0,,0,5.11,19387.309554507938,1.0699878548221025,1.2899970356838282,22.349468868058295,-21.754775485204604,4.285779206969183,54.97803283153251
CHYM,"Chime Financial, Inc. Class A Common Stock",PASSA_FASE0,,0,22.42,5455389.183751699,0.9358310063787317,0.9440292717052841,61.281875599359914,4.133766836971664,1.5918999539604675,37.13980652469817
YDKG,Yueda Digital Holding Class A Ordinary Share,PASSA_FASE0,,0,0.973,114865.63060503175,0.3474930646334823,0.2282724855362557,54.8599691807085,4.63096883115488,3.1209788419193685,77.35262828178473
HUMA,"Humacyte, Inc. Common Stock",PASSA_FASE0,,0,0.6246,10421933.503692027,0.36983736108367515,0.7557329702509581,37.498369979406455,-8.28193832599119,4.689592070881029,79.44555533931886
GROV,"Grove Collaborative Holdings, Inc.",PASSA_FASE0,,0,1.09,52959.42557961904,0.2919469515158442,0.6867300811424627,42.11320144452635,-2.8087382969237518,13.495752813799642,42.21502195783379
SHOO,Steven Madden Ltd,PASSA_FASE0,,0,43.4,1064636.094921143,1.3077030175368247,0.8394531366491446,54.044802048232064,2.933241626297778,1.0,31.386986732378126
UI,Ubiquiti Inc. Common Stock,PASSA_FASE0,,0,522.87,122104.02489733335,0.46026621003897283,0.7432706164342994,38.28703514074576,-2.5288221976360714,2.8251383908785814,26.545552689552938
KVYO,"Klaviyo, Inc.",PASSA_FASE0,,0,19.37,6516937.849288463,0.9685054917649901,0.6360088658570824,66.41989439488586,11.916799075545303,1.0314180493686018,61.90674226477941
WS,"Worthington Steel, Inc.",PASSA_FASE0,,0,35.69,290082.027326254,0.7713859811946648,0.9095661283937472,48.50314076569399,3.8602005034411357,1.7761256921123483,38.84340911028463
TTAN,"ServiceTitan, Inc. Class A Common Stock",PASSA_FASE0,,0,84.22,1567868.404095127,2.0218636866871043,0.8576731533875671,64.05855964821166,9.75685247268947,1.0,62.77546128914676
SPMC,"Sound Point Meridian Capital, Inc.",PASSA_FASE0,,0,10.08,27335.62540339682,0.22743155893654643,0.7046585112520017,44.76183839694994,-1.4379499093581272,10.35309763066943,30.839752416898914
IPI,"Intrepid Potash, Inc",PASSA_FASE0,,0,35.46,220882.05416003172,0.8652360621000689,0.8580336559679829,54.76049059883287,2.5477891205645253,2.2434423785630977,24.237091206477434
NTSK,"Netskope, Inc. Class A Common Stock",PASSA_FASE0,,0,11.96,5678751.70120108,0.5183532892638035,0.8422133696551627,50.909887861811605,-3.9723800156566735,3.339495179416904,75.86197160390226
RDN,Radian Group Inc.,PASSA_FASE0,,0,39.71,1367575.5323597302,0.814230135720282,0.9494711094066257,66.7819026462738,3.6273486430062674,5.702575506054256,21.67608131960033
ASIC,Ategrity Specialty Insurance Company Holdings,PASSA_FASE0,,0,24.64,76618.75805358731,0.8176542048904539,0.9521997728431485,56.84599610403832,2.3298309730470645,2.1812773608923615,53.48516297720632
WNW,Meiwu Technology Company Limited Ordinary Shares,PASSA_FASE0,,0,2.49,1644793.501777905,0.024407146887196727,0.1295458929270633,35.693048034927315,-22.04132748904195,25.16490084272994,106.648476815922
PI,"Impinj, Inc. Common Stock",PASSA_FASE0,,0,139.3,455732.9675788572,1.780196272198848,0.7060173832923892,53.00595542580232,0.0025126259453500666,1.0,50.32216063255207
FWDI,"Forward Industries, Inc. Common Stock",PASSA_FASE0,,0,3.8,1253994.1981309366,0.9275134419047404,0.9167692519438286,41.912879922107855,-10.77717774125383,2.635126523847926,89.62854614852642
DLXY,Delixy Holdings Limited Class A Ordinary Shares,PASSA_FASE0,,0,0.424,528051.0192299047,0.1579445208374606,0.15870987550458993,45.50117280596456,-8.17541959935031,5.474673832076412,103.51782726411567
MCO,Moody's Corporation,PASSA_FASE0,,0,483.24,1024090.3717607617,0.915964120474256,0.8817928326093653,51.23417685335664,-1.6338382527609774,1.5290477839421175,34.2325018125781
NTRB,Nutriband Inc. Common Stock,PASSA_FASE0,,0,2.88,12190.855583142858,0.3946595435559775,1.0277885721594124,36.610450832331196,-4.911267024349975,6.064010235412407,33.417023431937736
FTAI,FTAI Aviation Ltd. Common Stock,PASSA_FASE0,,0,197.37,1281150.4817816508,2.6665051950698397,1.0341807555994522,36.077344469403315,-9.891936065596207,1.0,64.55439514826364
OSG,"Octave Specialty Group, Inc.",PASSA_FASE0,,0,5.72,609866.4829410794,0.38949649735866754,0.5756677644348733,45.00917136379881,-4.896500124698644,1.9723712931211979,40.28409816719086
JFB,JFB Construction Holdings Class A Common Stock,PASSA_FASE0,,0,3.29,414822.261894381,0.42998343437125947,0.6465504456914563,27.497637273832098,-23.283199253818367,4.133486863327854,78.80606694813744
MLGO,"MicroAlgo, Inc. Ordinary Shares",PASSA_FASE0,,0,3.945,437907.0138285079,0.06745155455894893,0.09267699323147485,41.794115360240184,-3.627702455111781,2.7503808870549253,55.016656447102555
IMAX,Imax Corp,PASSA_FASE0,,0,48.66,1273163.932856127,1.7017756368337522,1.1372315113981217,75.43314992128374,20.359148136238847,2.95725336443829,54.263862551338185
WMG,Warner Music Group Corp. Class A Common Stock,PASSA_FASE0,,0,29.2,2433344.562904397,1.2747726080590718,0.8154381624208592,56.71190900115964,3.828682673588557,1.189399809880735,36.90293091260205
WCN,"Waste Connections, Inc.",PASSA_FASE0,,0,172.81,1653411.8032122063,0.991696866015753,0.7703517031129337,62.11133057935695,1.6487556394736647,1.1164471351558443,21.157215480273383
IRT,Independence Realty Trust Inc.,PASSA_FASE0,,0,16.89,2780824.701430794,0.7989465108044647,0.8527955469442484,54.97116082915066,0.8117464486092851,2.6684537674251843,23.942667326913444
LBRT,Liberty Energy Inc.,PASSA_FASE0,,0,17.09,4151005.994855841,1.549953618051915,1.2098055066599955,25.363842111056655,-24.685454906022073,2.215774748027134,104.68918013256064
AIV,Apartment Investment and Management Company,PASSA_FASE0,,0,2.62,1370467.7625342065,0.5797322380154633,0.8278168697496328,23.41744567540654,-5.089657670711811,2.1135036494387327,19.40294496474518
BTGO,"BitGo Holdings, Inc.",PASSA_FASE0,,0,4.69,1431847.9800682697,0.5628057591886099,0.6203898031750872,40.56043054125851,-7.840440165061901,1.6996688957021178,73.98121440935084
DPZ,Domino's Pizza Inc.,PASSA_FASE0,,0,360.0,955955.7063654761,1.3518585110353722,1.0547865081518755,71.41590731500924,12.405860092172816,2.1837780121642028,36.755300813580924
PCG,PG&E Corporation,PASSA_FASE0,,0,17.71,18736779.62026908,1.3007467277348483,0.9248363293947227,56.38596420295671,1.8694276675294885,1.599380683292803,24.800365479998792
SNOW,Snowflake Inc.,PASSA_FASE0,,0,282.9,7749115.224914031,1.1333314065647322,0.5743228587538293,67.99562096921136,5.460537106899488,1.0,28.444875023705475
FGBI,FIRST GUARANTY BANCSHARES INC,PASSA_FASE0,,0,9.35,49836.86115023811,0.3668242812862755,0.7376023760201111,42.131263955235056,-3.8337918798693638,3.1265662739260938,32.20393157941163
BDSX,"Biodesix, Inc. Common Stock",PASSA_FASE0,,0,20.38,76493.59724514284,0.5371933837980045,0.9651450312645332,49.924735794359975,-4.406763760876187,3.0715973137265147,77.09834055285222
FLNA,"Filana Therapeutics, Inc. Common Stock",PASSA_FASE0,,0,0.8696,381386.2319455079,0.6361194896376424,0.963625937506863,23.292960575169758,-19.265816556263704,2.7558934892958704,54.097273481322695
CARS,Cars.com Inc. Common Stock,PASSA_FASE0,,0,12.91,788269.1475674445,1.157067730113035,0.8200296000735504,71.61188222570144,11.144591278894577,1.3308586180859612,41.08941288956051
LMRI,"Lumexa Imaging Holdings, Inc. Common Stock",PASSA_FASE0,,0,10.3,777564.4520838887,0.5149101351225415,0.5865662080342811,43.44236990334033,-9.510213046343086,3.3645886402563407,49.98227281883936
DAR,DARLING INGREDIENTS INC.,PASSA_FASE0,,0,58.62,2352896.085776699,1.435918086512403,0.9463948745299078,44.7664911349523,-3.560940700343007,1.0,33.92437100078281
MSGS,Madison Square Garden Sports Corp.,PASSA_FASE0,,0,398.51,253467.39569412702,0.43405578879962115,0.7345546778648819,59.73307449643421,1.5296581453531966,2.7210030990746765,17.98674413790421
EMAT,Evolution Metals & Technologies Corp. Common Stock,PASSA_FASE0,,0,4.4,100816.96082441272,1.912180997855655,0.7364385583518953,26.37476070214113,-18.18139556505973,1.0,58.65494958210648
MLKN,"MillerKnoll, Inc. Common Stock",PASSA_FASE0,,0,22.91,845922.7027403808,0.74220831956994,0.8941470762797199,66.9230020592504,7.3608491394964615,2.0971313070740267,39.08151383682863
BMRN,BioMarin Pharmaceuticals Inc,PASSA_FASE0,,0,61.37,2069904.9697252223,0.8721608040260178,0.7522225032808603,63.07959243874728,3.16019499075475,1.386913660410123,20.645469205641078
SPWH,"Sportsman's Warehouse Holdings, Inc.",PASSA_FASE0,,0,1.15,457133.378773746,0.3608067410050885,0.9026006103692702,39.127257564627065,-4.564315352697069,4.999959055336276,24.654924622544495
LXFR,Luxfer Holdings PLC Ordinary Shares,PASSA_FASE0,,0,17.05,187888.42040261903,9.760645538842565,1.2809385717396515,49.06291559341251,0.23515579071133885,1.1465889371124316,32.84001028295315
ONCO,"Onconetix, Inc. Common Stock",PASSA_FASE0,,0,0.7493,890274.0440025239,1.3490358258850859,0.77579051422389,35.62356387877975,-16.269506478413675,3.575977424964682,148.97440737174134
UTL,Unitil Corporation,PASSA_FASE0,,0,55.0,137019.34422980953,0.6999349213797745,0.8148654636153866,58.143380735801124,1.8518518518518823,1.6737215149864595,19.771286165969325
SGMT,Sagimet Biosciences Inc. Series A Common Stock,PASSA_FASE0,,0,7.04,1158091.4879879684,0.4015582317265347,0.8166869749820025,46.15451591505798,-4.957980357082581,3.28999550141494,57.23807012818508
AVTX,"Avalo Therapeutics, Inc. Common Stock",PASSA_FASE0,,0,19.01,1988582.7993362697,0.39716104306926914,0.5720468386476212,54.54242433069552,1.0498338870432278,2.3557897890612245,70.93885444153545
ODD,ODDITY Tech Ltd. Class A Ordinary Shares,PASSA_FASE0,,0,14.97,1532886.4643709366,0.6592569094128666,0.5736092221662591,46.70909749333492,-9.77987374003707,1.79957875315956,85.27289707150136
MDXH,MDxHealth SA Ordinary Shares,PASSA_FASE0,,0,0.4002,823340.6879960316,0.253640906309742,0.5951641950182133,31.796632031663407,-9.732716815157316,10.649743473644167,96.48911695659257
ARCO,ARCOS DORADOS HOLDINGS INC.,PASSA_FASE0,,0,8.28,1324860.9540673809,0.4879783204420104,1.0476541602057874,48.74823913285368,0.1814882032667997,5.536989210780493,21.76392486730273
TBN,Tamboran Resources Corporation,PASSA_FASE0,,0,31.53,210690.4027099841,0.7751114504811815,0.6828719009419888,42.38926938106137,-2.503130846178825,1.341718117648679,38.37409173993277
WOR,"Worthington Enterprises, Inc.",PASSA_FASE0,,0,55.55,241430.85010479364,0.9451271619718717,1.1020904534752205,49.517351955555306,1.2475963948200608,2.2419660362227827,27.099158626292997
SHIM,Shimmick Corporation Common Stock,PASSA_FASE0,,0,3.84,163711.13228120634,0.45745542726661154,0.4255533947598731,49.54546384896474,0.7081038552321006,2.852815312095544,62.26028600480201
ARQT,"Arcutis Biotherapeutics, Inc. Common Stock",PASSA_FASE0,,0,27.86,1792651.7121998414,0.5451433053695474,0.7408613065189182,56.05361212100086,1.154600246895643,2.453175593081875,39.222988688448915
VVV,Valvoline Inc.,PASSA_FASE0,,0,39.65,2219192.3069178094,0.6538091219346215,0.8756501149026694,56.290109935601535,1.5729070601495865,2.091393226128415,26.851296515668015
CODI,Compass Diversified,PASSA_FASE0,,0,10.0,876617.6744571585,0.5216591791811388,0.7898809364921033,46.31673935085385,-1.9415571680721722,3.1765232240790047,57.495171102249344
BEAM,Beam Therapeutics Inc. Common Stock,PASSA_FASE0,,0,26.02,2273561.217404524,0.6939750494715932,1.0814429145668043,36.374556107113364,-13.868154057498462,2.6584557560946096,63.660508324391984
FBNC,First Bancorp/NC,PASSA_FASE0,,0,63.12,251620.35299346034,0.8379418486607076,1.103180269166916,50.16416261813977,-1.0363587902353255,4.186135574975396,25.96785652072593
TDAY,"USA TODAY Co., Inc.",PASSA_FASE0,,0,8.81,1622829.3369057938,1.418305070301803,0.8781355435410618,61.01744043518091,2.962659966107628,1.2132377185975063,28.12559329090054
FLY,Firefly Aerospace Inc. Common Stock,PASSA_FASE0,,0,17.84,6746744.027945064,0.6182155409269904,0.5414699708931059,29.54631592793841,-20.30199468382139,1.5415576370987942,66.91379765512183
QUCY,Quantum Cyber N.V. Ordinary Shares,PASSA_FASE0,,0,1.06,19283702.438028764,0.03834014145877774,0.04591146669694993,32.42818307900835,-15.132105684547625,2.3726097698277235,53.122166496572795
FBYD,"Falcon's Beyond Global, Inc. Class A Common Stock",PASSA_FASE0,,0,10.27,130613.91096301588,0.863516403661907,1.1240360578290278,33.86406041707511,-23.66156876591159,2.842007166906903,119.66107906673517
WCC,Wesco International Inc.,PASSA_FASE0,,0,309.36,668483.5024036667,1.9605319256504232,1.1797117553057272,38.40936561451127,-5.034235379167762,1.0,50.27322413843992
CAI,"Caris Life Sciences, Inc. Common Stock",PASSA_FASE0,,0,15.59,3146986.8384622694,1.7874132823947748,1.0838120289149384,38.8123582780197,-6.534772182254178,1.1472944732607189,44.46594842655988
PACK,Ranpak Holdings Corp.,PASSA_FASE0,,0,5.84,635088.5916374127,0.7146955360255307,0.7252334370888218,37.32952106423253,-11.968646367199288,2.5844255662571505,70.41453953534246
NMG,Nouveau Monde Graphite Inc.,PASSA_FASE0,,0,1.31,888968.8681986826,0.6541506733518498,0.6534352973767735,36.063979121998706,-9.841706813489337,2.3842290671146165,50.464523251680426
ORGO,Organogenesis Holdings Inc. Class A Common Stock,PASSA_FASE0,,0,2.52,1040039.5080598412,0.40376215379967895,0.6806819125814566,51.99466382543893,1.4084507042253502,3.19222467077767,60.7783260551907
XIFR,"XPLR Infrastructure, LP",PASSA_FASE0,,0,11.08,1096010.9338971744,2.47054718035964,1.0146309671529063,35.564784816223835,-9.69109136848968,1.2601763879610572,43.27951900910614
CRGO,Freightos Limited Ordinary shares,PASSA_FASE0,,0,1.23,81065.8787701746,0.2642831278340789,0.6820047813827075,40.46333074657078,-3.737037761690487,7.5980581580842745,81.05842984682246
NTRA,"Natera, Inc. Common Stock",PASSA_FASE0,,0,253.82,1514303.6165392858,0.6110216820161676,0.7651961095038357,46.01916898178316,-5.918895727579199,2.1164660386808825,30.391968642120336
LAUR,"Laureate Education, Inc. Common Stock",PASSA_FASE0,,0,38.41,1281810.2403618095,0.8157419162073919,0.8405574681366084,58.36941222493982,0.9275560343694922,1.7829106815406253,33.637147822588354
EOSE,"Eos Energy Enterprises, Inc. Class A Common Stock",PASSA_FASE0,,0,3.14,26639131.295445845,1.3618285729179156,1.0179037596686942,25.393981254493625,-25.904076455666335,1.5376886123338689,67.37388025285908
PXED,"Phoenix Education Partners, Inc.",PASSA_FASE0,,0,30.04,109806.8962165873,0.9539160512960307,1.2198862736934855,44.77504582072667,-5.420084064039788,3.6973202550848607,58.46390092479763
SFHG,Samfine Creation Holdings Group Limited Class A Ordinary Share,PASSA_FASE0,,1,2.44,13208.602604238096,0.5422223845012953,0.30301921984281477,48.97958892241954,-0.3471513171329432,2.797123708461324,54.9803894579694
INV,"Innventure, Inc. Common Stock",PASSA_FASE0,,0,2.82,2244028.808431826,0.6526495060549014,0.8199697842901826,29.909765285688025,-28.553331644286807,2.8537816132390863,107.64456559657478
PGEN,"Precigen, Inc. Common Stock",PASSA_FASE0,,0,5.45,4538782.808499494,0.7847056206045814,0.8854057001413683,56.05144526445955,1.9263138208341024,2.1365282168895363,57.8894508857947
UDR,"UDR, Inc.",PASSA_FASE0,,0,39.72,4332393.217279555,0.9801174875563016,0.6867483667386524,52.635347637937606,-0.5769639929412818,1.646965516221363,21.55147164603338
SLSN,"Solesence, Inc. Common Stock",PASSA_FASE0,,0,0.9256,103742.36399593652,0.1542378579364814,1.358739399214685,51.99572808582247,18.056707013762228,92.22489013099181,126.13142604218908
LOAR,Loar Holdings Inc.,PASSA_FASE0,,0,66.51,791486.2581700159,0.7684611382631855,0.8544341002411725,35.59534600709151,-8.479823867350067,2.145532660293881,39.71721908921625
AD,"Array Digital Infrastructure, Inc.",PASSA_FASE0,,0,35.13,346627.92522084125,0.35899847876283575,0.7238340133441286,39.481668213133624,0.8526397381793283,8.144037317105312,21.961412692484377
HCHL,Happy City Holdings Limited Class A Ordinary shares,QUARENTENA,INTERRUPCAO,32,3.96,,,,,,,
AHMA,Ambitions Enterprise Management Co. L.L.C Class A Ordinary Shares,PASSA_FASE0,,0,1.39,4440718.409242046,0.009979551638709746,0.17980631069572475,37.26979208306273,-23.752057048820628,279.07809868024526,131.1872402165986
ADAM,"Adamas Trust, Inc. Common Stock",PASSA_FASE0,,0,8.65,861076.3907067141,0.8077622841025093,0.8820864958833292,38.697941570884474,-3.6211699164345523,1.5137652403417894,19.17468615346186
ALCO,Alico Inc,PASSA_FASE0,,0,37.82,20331.241970730167,1.2245187842356833,0.8889277503518362,24.371139443852158,-6.347309837618331,1.4608454184768094,13.539917413758504
HTCR,"Heartcore Enterprises, Inc. Common Stock",PASSA_FASE0,,0,2.1,76569.73647714284,0.42606742038009615,0.3796076969446897,31.06572725574648,-21.941790878340704,1.9413392649574093,68.83180826466132
SXC,SUNCOKE ENERGY INC,PASSA_FASE0,,0,9.36,1529560.1579541431,2.2853498089892055,0.7804635794405215,70.39680472511125,10.527248036842396,1.0,25.767288345318374
WHG,"WESTWOOD HOLDINGS GROUP, INC.",PASSA_FASE0,,0,19.52,23173.923338809527,0.4653618484160395,0.9963720400865947,55.41116211518585,-0.27587616225606126,9.934412763312695,28.48815122105581
ARBE,Arbe Robotics Ltd. Ordinary Shares,PASSA_FASE0,,0,0.5979,2650652.506232429,0.648536740477313,0.6885918837585464,36.13728499599197,-18.589372638458666,6.037935470893131,114.22601292355021
SPH,Suburban Propane Partners L P,PASSA_FASE0,,0,18.22,205375.3607125238,0.966920896586844,0.6399527185345819,50.15723511294881,0.5019581885376878,1.1401931034693988,24.525704306761316
VEEE,Twin Vee PowerCats Co. Common Stock,PASSA_FASE0,,0,12.94,2297511.8448667782,0.07827863851184123,2.9558507993035326,47.15925648881614,-25.191501662089898,420.2871626201302,662.8845132152597
CBZ,"CBIZ, Inc.",PASSA_FASE0,,0,54.9,809487.5479041428,20.95035754978685,0.8537041822961231,84.70240495664211,35.1534323802021,1.0,68.43079829618553
ONEW,OneWater Marine Inc. Class A Common Stock,PASSA_FASE0,,0,12.7,111750.32676122223,0.9963784808156583,0.8601478441448693,56.53467945936415,4.593464967366012,1.77610176640207,52.02597443669641
MMI,MARCUS & MILLICHAP,PASSA_FASE0,,0,31.61,217755.8907447936,0.48854207037126296,0.589861757537648,58.40672386563323,1.903641257918398,1.5635340520852832,26.42198622752765
SYPR,Sypris Solutions Inc,PASSA_FASE0,,0,1.85,90031.2664053492,0.2593710327239446,0.5418480885986019,35.0576207774354,-9.180166912125664,6.137304954309525,61.610493975611824
SDST,Stardust Power Inc. Common Stock,PASSA_FASE0,,0,0.972,204760.90477568257,2.0223265054656947,1.47176141265195,23.861774426534666,-40.4448256847007,4.29007524295831,127.47617572894718
NATL,NCR Atleos Corporation,PASSA_FASE0,,0,47.51,719592.50291773,1.6336139768015305,0.7836262121235843,66.47036864227104,2.7509840391020335,1.0524329777339896,13.253587577833947
FSV,FirstService Corporation Common Shares,PASSA_FASE0,,0,142.41,229049.00044377777,1.407148591006897,0.7505311815706724,50.80765765840423,-0.6382358943587851,2.2563391102474077,39.42835697681713
WEST,Westrock Coffee Company Common Stock,PASSA_FASE0,,0,8.18,795138.3111572855,0.4362287378596547,0.6661394212221224,56.056353087900575,9.175842509175848,2.757044140221964,58.67135601615294
SNX,TD SYNNEX Corporation,PASSA_FASE0,,0,248.68,834483.7851114443,1.5952132422192273,1.00722115901665,47.38971344484779,0.6722141369405854,1.2007464060388424,38.34054811920542
FRMM,"Forum Markets, Incorporated Common Stock",PASSA_FASE0,,0,5.29,362324.1097909524,0.5136515276402048,1.0055391723766478,44.51195743737618,-10.44902450378774,5.615051135118172,109.66381003340852
MVIS,Microvision Inc,PASSA_FASE0,,0,0.242,9572135.81628719,0.3907389496260553,0.9282601527504396,32.32473530954414,-25.98596180019268,7.873534396713021,130.9826847905938
ABBV,ABBVIE INC.,PASSA_FASE0,,0,263.3,6901093.476691098,0.8062108091475486,0.8796861394292249,67.46262557355624,3.651011414208427,1.5421688821053245,26.006282675363863
HBNC,"Horizon Bancorp, Inc. Common Stock",PASSA_FASE0,,0,20.67,575701.1004250001,1.6940320539495863,1.184680965580942,62.335784105235085,3.0999825423348337,1.5508610279967838,24.833873928356294
APAM,ARTISAN PARTNERS ASSET MANAGEMENT INC.,PASSA_FASE0,,0,40.34,832113.7378895237,1.8051220513972852,1.118216719788475,65.72090488691998,6.370636008859831,1.0,29.06365940654507
DXPE,DXP Enterprises Inc,PASSA_FASE0,,0,148.18,168139.7365765397,0.7263028250101308,0.7736646525670269,35.36766516703085,-9.761890262468775,1.9006573039456467,48.169366271232725
INUV,"Inuvo, Inc.",PASSA_FASE0,,0,0.9314,235729.80789674603,1.1257293749979893,1.513137200240232,33.79080743599637,-15.10113301794781,6.854828954855111,95.2872811181119
KEEL,Keel Infrastructure Corp. Common Stock,PASSA_FASE0,,0,3.18,44409442.14002777,0.970325240024059,0.6822041832593488,30.798517085254915,-27.809307604994327,1.1579355650490668,116.7876118161582
SKYH,Sky Harbour Group Corporation,PASSA_FASE0,,0,10.54,167346.03320817463,0.8853104837011632,0.9709860541355966,60.24549434680013,3.6993309720582346,1.9476184398551377,35.32134795950193
EQR,Equity Residential,PASSA_FASE0,,0,68.85,3125431.4047468724,0.9037687286570825,0.9555065356847801,54.637511781177984,0.1432696013905277,1.8710687687574574,19.394844857699802
SDGR,"Schrodinger, Inc. Common Stock",PASSA_FASE0,,0,15.12,1318013.6039133333,0.5023006524806194,0.8097202001238039,45.62343507771383,-4.53942799419157,3.101170451567787,31.958593231878808
CPB,The Campbell's Company Common Stock,PASSA_FASE0,,0,22.96,8676436.887225572,0.7493635481641883,0.7226639069521059,57.69809792820704,2.8558629185799322,1.3852677171983303,37.2437037614194
OGE,OGE Energy Corp.,PASSA_FASE0,,0,47.79,1440794.4352847622,1.4998675193702384,0.9506994599141594,43.44069441340585,-2.254947077772662,1.0,22.419890563022683
ETOR,eToro Group Ltd. Class A Common Shares,PASSA_FASE0,,0,36.03,925234.9769304604,1.0201390757711704,0.7149907827893002,39.990882046630595,-6.100349875882016,1.1373766889682602,35.11773088317695
NCT,Intercont (Cayman) Limited Class A Ordinary shares,PASSA_FASE0,,0,3.47,1001464.8494320954,0.8957018891743163,0.6220472840555148,64.14853880745586,14.33278418451398,1.5048929882505402,66.93809073277835
AES,AES Corporation,PASSA_FASE0,,0,14.82,9574335.072220951,0.4958610526685606,0.8665183902228946,60.34819092800061,0.43031884254396413,5.570813382112704,3.7025357764740674
HPE,Hewlett Packard Enterprise Company,PASSA_FASE0,,0,44.44,25835916.018295188,0.47626786883339417,0.6816053925208382,45.93576697072275,-3.6238641538895444,2.2222227376784556,63.73219488619889
BRBS,"Blue Ridge Bankshares, Inc.",PASSA_FASE0,,0,3.48,297767.7579984762,0.7231577955800773,0.8791841605545477,51.466276672895965,-0.043084877208110495,2.3577934056725605,26.133175750952418
AFG,"American Financial Group, Inc.",PASSA_FASE0,,0,143.51,489213.696577746,1.043510096677907,0.90017272362583,58.76694684301516,1.1107314340870866,1.8436426576133877,17.64061628389529
VEL,"Velocity Financial, Inc.",PASSA_FASE0,,0,17.72,91055.61720392064,0.8342023569934067,1.1283038092714868,52.39355405959707,0.5818078615013489,1.8559226313900106,23.17511011585603
BXMT,"Blackstone Mortgage Trust, Inc. (NEW)",PASSA_FASE0,,0,16.4,1544435.9410898886,1.0484392290342053,0.9421908121687242,35.807676740948835,-3.050366516907077,1.3817246632951272,19.58938894176969
KODK,EASTMAN KODAK COMPANY,PASSA_FASE0,,0,8.26,1063708.2731755557,0.7244117088979578,0.6968937927278452,44.870373740455825,1.2689266229387597,2.2119842451771414,47.66454008805901
MAMA,"Mama's Creations, Inc. Common Stock",PASSA_FASE0,,0,18.19,596342.210861635,1.1349771285786796,1.2606027815195584,56.23395856779068,1.1173494913558457,2.006315306684309,36.300553249630205
IRDM,Iridium Communications Inc.,PASSA_FASE0,,0,44.36,2526180.141810238,0.4798622276538581,0.865146563481941,39.51384572596571,-8.855557838504213,2.7637587701861763,29.00343122433903
MGIH,Millennium Group International Holdings Limited Ordinary Shares,PASSA_FASE0,,0,1.58,66534.7378435238,0.4880608393824276,2.137606640475304,50.56827054794674,0.39682161454612785,29.96908200659009,91.02388636340523
AIRI,Air Industries Group,PASSA_FASE0,,0,2.71,41306.24623088889,0.4466231764774671,1.0815065233135,39.4279690340742,-2.7017323400053916,12.833178223657779,31.14641687930733
JBS,JBS N.V.,PASSA_FASE0,,0,14.23,7143654.14030268,1.4529582903161402,0.6852689157505856,74.33502223205082,15.629951651566243,1.1756876706111956,40.369287745803234
VEEV,Veeva Systems Inc.,PASSA_FASE0,,0,207.91,3047866.42121946,0.6810128206325827,0.5643115658010021,67.28170704365485,8.112745926467134,1.517993847698729,41.19742568319605
SIBN,"SI-BONE, Inc. Common Stock",PASSA_FASE0,,0,18.44,662647.4166701747,0.9004071468477136,0.9093960005916567,65.14130281384095,6.821144098479381,2.1658128422253986,40.70930856362756
PHIO,Phio Pharmaceuticals Corp. Common Stock,PASSA_FASE0,,0,0.9842,608149.2987076825,0.15632757960097113,2.5665977035633505,44.43296099677272,-4.0469528424213586,275.67830204886246,83.89319292805169
DNLI,Denali Therapeutics Inc. Common Stock,PASSA_FASE0,,0,23.85,1929693.7501562382,0.7130681508952348,0.9073278587376319,50.6489270843944,-2.649087717866039,4.086903981631465,65.15989762389292
AGEN,Agenus Inc.,PASSA_FASE0,,0,6.63,3946071.8097964763,0.47065196961400174,2.7125426691470964,74.1181041255603,36.027903159622475,93.83773576268702,230.52742913134387
MATV,"Mativ Holdings, Inc.",PASSA_FASE0,,0,8.69,480294.26030126977,0.8130203557045665,0.9576783209173279,62.47738118921463,9.888720283257468,2.080580753977058,45.50295606811978
CRNX,"Crinetics Pharmaceuticals, Inc.",PASSA_FASE0,,0,83.88,3677025.82494246,0.44099638446715966,2.3762174067334096,92.16119914019768,8.465283479992515,49.9060883800084,237.58667055515858
MKTW,"MarketWise, Inc. Class A Common Stock",PASSA_FASE0,,0,20.48,19807.835726412697,0.13181771779934234,0.6276774691099314,63.261598325282726,2.785445420326238,14.953976271452458,35.82919756041941
OSS,"One Stop Systems, Inc. Common Stock",PASSA_FASE0,,0,10.87,1664908.7120832063,0.7477030225749618,0.6844539324419423,33.2033624676134,-19.668920666592793,1.7042325834527055,93.94017314628806
NVGS,NAVIGATOR HOLDINGS LTD.,PASSA_FASE0,,0,21.91,472029.7069370319,0.9645991103092564,1.0221057864020413,58.11730650672005,5.237877950959446,1.639536777810775,30.040318340333172
HOVR,New Horizon Aircraft Ltd. Class A Ordinary Share,PASSA_FASE0,,0,1.59,2337847.838937539,0.4514926274494807,0.5578422468779385,39.49387059492473,-10.182177658522807,4.177734126926313,103.8843753866877
ARDT,"Ardent Health, Inc.",PASSA_FASE0,,0,10.93,552147.970733127,1.3850733784578892,0.9814070784613298,60.77056562958327,4.824014577539093,1.2515738278484807,46.37080546575428
HBANL,"Huntington Bancshares Incorporated Depositary Shares, Each Representing a 1/40th Interest in a Share of 6.875% Series J Non-Cumulative Perpetual Preferred Stock",PASSA_FASE0,,0,25.0,20064.074785507935,0.8314399830710999,1.4664153697159956,46.484732931274415,0.06400093499800974,6.664943100000635,4.5597609910942705
SABR,Sabre Corporation,PASSA_FASE0,,0,1.81,5574367.753094365,0.4742367793150242,0.5961716428750018,50.022055403371795,-1.5769439912996175,2.2550964754558307,54.7597515174834
SPRB,"Spruce Biosciences, Inc. Common Stock",PASSA_FASE0,,0,41.45,64464.76819122222,0.6935565294266874,1.049950699612013,31.85226081959371,-11.353489988504828,2.3871166183051025,34.708269263534916
HVMC,Highview Merger Corp. Class A Ordinary Share,QUARENTENA,INTERRUPCAO,32,10.19,,,,,,,
KFY,Korn Ferry,PASSA_FASE0,,0,84.69,534526.0873587778,0.9275624576265278,0.9392238540892345,75.20761129277389,11.509038960354957,1.8497074957489297,29.236419477936142
AEE,Ameren Corporation,PASSA_FASE0,,0,109.97,1763232.2783234923,0.6355409069322899,0.8358158641275283,44.497866351988094,-2.2032504057448943,2.6846532354757544,21.090495306491814
MRDN,Meridian Holdings Inc. Common Stock,PASSA_FASE0,,0,11.01,72239.99157033332,1.8400619838470265,0.9751050867387991,37.4985548486923,-19.014343508642884,1.0,105.81162398384087
RPGL,Republic Power Group Limited Class A Ordinary Shares,PASSA_FASE0,,0,1.94,794266.1913071111,0.07508351666820604,2.1108557875829095,43.76335774940292,3.660165642532731,376.2709242402415,142.42410004557257
TGT,Target Corporation,PASSA_FASE0,,0,145.9,4910570.969393317,0.6514644593138286,0.8193027251900216,66.88963635239145,7.337026492161236,2.11945134174375,27.952583789356243
BRAG,Bragg Gaming Group Inc. Common Shares,PASSA_FASE0,,0,1.6,44371.75605003175,0.9605068808172514,0.6557439729225948,43.69456218425306,-6.953482556685664,2.546231738136388,74.62087933696318
ICU,SeaStar Medical Holding Corporation Common Stock,PASSA_FASE0,,0,3.25,90144.09102392063,0.6831968906720408,1.1617028231391378,34.10573372935106,-24.69879518072289,8.068681400278248,116.9156858096833
DDD,3D Systems Corporation,PASSA_FASE0,,0,2.48,4460436.654497239,0.4278952220401231,0.5143981298726727,36.487715299133626,-11.270125223613602,2.620518367197741,49.561098149952564
SPNT,SiriusPoint Ltd.,PASSA_FASE0,,0,25.81,777764.0584942062,1.1951877306219398,0.9019986810468256,63.90095824634546,3.9970988798452733,1.258214883565055,25.14539835392559
CATO,CATO CORP,PASSA_FASE0,,0,3.29,84289.53543679362,6.278299054748363,1.142053188391162,50.882836211609714,-0.16689424973447275,1.0,55.30000702320573
GSL,"Global Ship Lease, Inc.",PASSA_FASE0,,0,43.34,324276.0765036191,0.6340545296954871,0.8613796517913419,66.55476961725802,5.697005170227287,2.14557411984673,23.45301217990264
SWBI,"Smith & Wesson Brands, Inc. Common Stock",PASSA_FASE0,,0,14.5,685891.0076070954,0.5711300856701123,0.7576395187089696,42.76942086103422,-3.6784854272191247,1.8556978757689526,27.344384119225428
BTAI,"BioXcel Therapeutics, Inc. Common Stock",PASSA_FASE0,,0,0.8024,922517.5784912538,0.40957926248186094,1.5512636186421112,35.75066699064273,-14.778369594655583,13.792372055775852,142.3002348922283
NSYS,Nortech Systems Inc,PASSA_FASE0,,0,14.33,26202.097678047616,0.6780674211013722,1.0045009994314764,47.27035461428306,0.48383703807588496,6.066052138808562,58.61359718345468
KGS,"Kodiak Gas Services, Inc.",PASSA_FASE0,,0,55.0,1994430.845202524,1.1203131980337526,0.8567952738508606,28.23315992861464,-15.760453361923709,1.3522869376849518,51.51891836102765
LCNB,LCNB Corporation,PASSA_FASE0,,0,20.3,33341.64371825397,1.9626498877190584,1.231706980393005,64.27113569781349,7.839621764479343,1.5920619551797766,46.018296054101555
OVBC,Ohio Valley Banc Corp,PASSA_FASE0,,0,41.66,37229.515994206355,3.1710979513774022,1.0321070598253188,38.055663280486556,-2.6783315617955106,1.2094988558543733,22.73583242130822
IPAR,"Interparfums, Inc. Common Stock",PASSA_FASE0,,0,127.03,286021.5400385714,0.8962643774990857,1.1294023388113965,69.2716141248281,4.750163891168002,2.6676912964249424,32.49344014288096
TFIN,"Triumph Financial, Inc.",PASSA_FASE0,,0,75.89,274081.54634673026,0.7063543315210488,1.2130249366502683,47.72077571537064,-2.802325879248957,3.9812160733739392,37.75443687232341
ALIT,"Alight, Inc.",PASSA_FASE0,,0,20.29,1262220.4086134445,0.4897282912617737,0.660456604366039,59.91880425680742,5.334198572355597,2.8383434737637474,116.10658036953608
XOM,ExxonMobil Holdings Corporation,PASSA_FASE0,,0,156.75,16852425.034574542,0.8652326227471108,0.9028745780740473,67.08308240218298,7.02215546376268,1.305192052627115,25.550281294924954
EVEX,"Eve Holding, Inc.",PASSA_FASE0,,0,2.23,1137595.3781369205,0.8820617003440635,0.8710171115561969,39.92681262091543,-7.927332782824104,1.5612929513722689,80.96606448012574
ELF,"e.l.f. Beauty, Inc.",PASSA_FASE0,,0,80.9,3578025.6476172227,0.5306850926902954,0.7853202939173013,61.31062876351384,4.962017761805004,2.436078031215427,57.608903425350796
MCHB,Mechanics Bancorp Class A Common Stock,PASSA_FASE0,,0,16.49,559767.5828689842,1.8453966165789493,1.23998166293243,60.52609426886487,2.5593183443729295,1.941094472537663,29.994024641678152
ALTO,"Alto Ingredients, Inc. Common Stock",PASSA_FASE0,,0,4.36,2528822.2391612222,0.5804160618529043,0.9761783796083849,35.770467823299995,-17.898502965822427,3.5315491873173563,81.30596751040898
TR,"Tootsie Roll Industries, Inc.",PASSA_FASE0,,0,39.57,227733.4995920794,0.7072793338683759,0.8469674303769338,55.676817916426344,2.0423951725204947,1.7312651032601616,31.33345972671533
BEP,Brookfield Renewable Partners L.P.,PASSA_FASE0,,0,31.65,969862.1678545079,0.7448746237046472,1.0164085116025263,35.728969825574055,-2.9289986198436035,5.638513152179001,22.693009712762866
EBC,"Eastern Bankshares, Inc. Common Stock",PASSA_FASE0,,0,23.04,3099617.3293844596,1.39457874035903,0.8786956249435388,58.180075479653766,1.5839423299493838,1.3505403096279676,28.091510376225575
SMBK,"SmartFinancial, Inc.",PASSA_FASE0,,0,52.96,100316.38751096826,1.5045199894832542,1.1943179740329108,78.21493428571222,9.581104708304444,2.6843580828987714,24.006361840401023
CTBI,Community Trust Bancorp Inc,PASSA_FASE0,,0,78.35,110916.45504968252,1.5094060199454526,1.189359628112976,70.36668561836817,5.46010081635675,1.1855869479948984,24.84106719220872
NWL,Newell Brands Inc.,PASSA_FASE0,,0,5.19,10541739.565923747,0.7004348542970266,0.8137633493620402,51.209473592147006,-1.7371136460453518,1.7210373042453653,54.82723709730023
AYI,Acuity Inc.,PASSA_FASE0,,0,333.75,378137.304406127,0.827105852227925,0.8779617232921458,51.58334262257865,-0.8813025756012172,1.738893186969187,31.87094953140544
OTF,Blue Owl Technology Finance Corp.,PASSA_FASE0,,0,9.95,2254846.1150614605,0.5769662055663338,0.96519680761921,38.96945711971164,-2.340874515384994,2.91936126884325,20.02463217836064
SNAP,Snap Inc.,PASSA_FASE0,,0,4.73,41749267.42610684,0.5934199936833785,0.8076402682454703,50.36754731821145,2.06063221490993,2.0359823045103367,40.11617564996007
GLBS,Globus Maritime Limited,PASSA_FASE0,,0,2.85,147579.8032236032,0.2896403631548111,0.8518805231456148,51.08493077872055,-1.6478302130963685,7.904584675310774,73.74005401724014
PLNT,"Planet Fitness, Inc.",PASSA_FASE0,,0,56.19,2526530.919343254,0.804316540175266,0.6823096302414752,61.87975432393448,5.761448549756243,1.612166414729061,28.56767070009011
VTEX,VTEX,PASSA_FASE0,,0,4.5,1442758.352114222,0.7341103697919529,0.5997572803895259,66.06385733036588,9.542356377799411,1.1880842951550217,48.32854015550624
BBNX,"Beta Bionics, Inc. Common Stock",PASSA_FASE0,,0,15.17,914317.6560219048,1.8303868355090647,1.0341489069356844,42.94872321068979,-8.716189788488759,1.043694338339558,47.82157623883103
HQY,"HealthEquity, Inc",PASSA_FASE0,,0,104.13,945115.3799624603,0.9372115338268886,0.8434590756131418,70.47926302225457,7.757940460452262,1.3475931140108082,30.532070538905238
INSE,"Inspired Entertainment, Inc.",PASSA_FASE0,,0,6.86,124478.069596127,0.939708563890193,1.0567056470479088,43.98840153495379,-2.4043249395362176,2.0351463812301,56.70170795240628
OOMA,"Ooma, Inc. Common Stock",PASSA_FASE0,,0,21.88,345375.9541465556,2.0481344792545526,0.9665795115429267,64.8421705211564,7.304872367033677,1.2151647416813824,39.95646406809909
IFS,Intercorp Financial Services Inc.,PASSA_FASE0,,0,56.59,286693.3541307778,0.6011429800161459,0.6228764520052028,44.69972704018747,-4.134303453299559,1.81053969411445,26.564149065053034
JYNT,The Joint Corp.,PASSA_FASE0,,0,8.34,110868.58243982542,0.24072182572087394,0.7977344025265529,40.563596588598514,-5.522514868309248,15.121356099115454,32.51286216548731
BBOT,"BridgeBio Oncology Therapeutics, Inc. Common Stock",PASSA_FASE0,,0,8.235,416948.42069704767,0.9276288629499986,0.879926215893202,46.91127641924639,-3.579896379123615,1.870998676115229,59.39976221193187
WALD,Waldencast plc Class A Ordinary Share,PASSA_FASE0,,0,1.625,1384961.3841375555,0.3261122209622138,0.28728686250008256,46.07448352826448,-5.067912954578646,2.144443997629923,50.09105931861636
HURN,Huron Consulting Group Inc.,PASSA_FASE0,,0,170.37,283079.9849855873,5.112055420427122,0.976105399472055,83.50759334087988,51.837138471067675,1.0,121.46495444705077
MMM,3M Company,PASSA_FASE0,,0,177.95,3935970.5084979357,1.2254913700038792,0.9459106578539682,67.89930419303737,8.405624055753202,2.2812320383564946,33.57610417425982
CHGG,"CHEGG, INC.",PASSA_FASE0,,0,1.04,1881802.0030705393,0.8723651723010011,0.6519272690023349,55.198354896627755,12.357729725641843,1.3615325497391142,84.5498851450051
NVEC,NVE Corp,PASSA_FASE0,,0,112.26,231379.6291401905,1.1163256558316195,1.3008609670539826,57.11525080678775,14.100440098793566,3.15656922375724,168.947240477673
AREC,AMERICAN RESOURCES CORP,PASSA_FASE0,,0,1.71,3131336.545799254,0.5133756502566167,0.8227377839559957,41.11996969818627,-3.986524424480642,4.001990768955317,68.37542410673998
SUPV,Grupo Supervielle S.A.,PASSA_FASE0,,0,9.4,735736.7600555397,0.6015170583111709,0.5361927917376591,45.978695943595525,-3.0227999587331134,1.5441703777618936,62.21255352551183
JOBY,"Joby Aviation, Inc.",PASSA_FASE0,,0,6.65,40926470.24730794,0.796495916422629,1.2727609249674179,32.92113909464875,-13.765155935939832,2.8133277454900645,69.92729266396097
INVE,"Identive, Inc.",PASSA_FASE0,,0,2.54,210429.12878893653,2.364433646917037,1.1383476975025335,32.60695130663896,-7.560731507597119,1.6388793938202972,48.09155215835484
LCII,LCI Industries,PASSA_FASE0,,0,106.55,463650.64738206344,0.8230193972630311,1.3768091311060364,55.96012929249466,2.0144380828370556,3.2689799472230128,34.28101141314801
JBI,"Janus International Group, Inc.",PASSA_FASE0,,0,5.15,1746986.5211112858,0.6999488854402591,0.60790872370334,42.696111016732814,-2.6924893717524934,1.25582736371788,26.22593765314297
AXTA,Axalta Coating Systems Ltd.,PASSA_FASE0,,0,34.83,2338267.1008348735,0.6774466839299145,0.666961058943746,60.473627844101614,4.931762721055644,2.264224208766624,36.63950412291615
CHPT,"ChargePoint Holdings, Inc.",PASSA_FASE0,,0,5.18,660264.0080392859,0.5129697978779536,0.8012022979165238,39.330112412553746,-9.61437794451231,2.4324507324761218,63.84344662773965
EQS,"Equus Total Return, Inc.",QUARENTENA,ILIQUIDEZ,4,1.21,,,,,,,
BTSG,"BrightSpring Health Services, Inc. Common Stock",PASSA_FASE0,,0,69.37,3864384.245372508,0.5103744387654394,1.1466686153023862,51.269903537017036,-1.526013201788634,16.610623617214927,34.90784751187716
PENN,"PENN Entertainment, Inc. Common Stock",PASSA_FASE0,,0,21.2,3520203.4181836504,0.6214101777515171,0.7883226061673787,54.55324148776318,1.4778914617363803,2.28392273432722,38.276231482053085
CB,Chubb Limited,PASSA_FASE0,,0,361.9,1807376.889516238,1.0281877921109184,1.1562479972365634,60.39596738189442,2.498307744159245,2.485864841009782,30.492364608715107
SLG,SL Green Realty Corp.,PASSA_FASE0,,0,53.82,1151085.1399222063,0.8914925288031713,0.9622352733148444,60.84188402721125,4.932735426008961,2.9921480498812416,38.136504108162896
DVA,DaVita Inc.,PASSA_FASE0,,0,240.96,868959.3952123494,0.7992944742754872,0.8092785077187642,69.61870842283284,2.8328539360367166,1.4101236871407854,20.86849069078648
ASTS,"AST SpaceMobile, Inc. Class A Common Stock",PASSA_FASE0,,0,53.03,22147437.163341064,0.5813470077297054,0.7346930733549351,34.446863935574484,-20.23824743741115,4.1202854862026035,90.51327597324249
MAA,"Mid-America Apartment Communities, Inc.",PASSA_FASE0,,0,137.38,1027155.9542590159,1.321134456148813,1.0126079206823821,56.255832451173156,1.256306407568064,1.0913198908945767,20.762265814306797
MNTK,"Montauk Renewables, Inc. Common Stock",PASSA_FASE0,,0,1.785,219812.36363576193,0.9539360233733706,0.8129200551939673,57.52044418806583,5.574449208930954,1.8447622649252076,52.97624961400115
VZ,Verizon Communications,PASSA_FASE0,,0,47.22,27146001.146102287,1.5249479801449433,1.2188009143570004,62.5592474241189,7.811911366827617,1.4267197893222348,26.44419701513995
CETY,"Clean Energy Technologies, Inc. Common Stock",PASSA_FASE0,,0,0.9171,66870.75815149206,0.21531761306460875,0.6405716339249284,53.32022151604965,1.7620558798073782,13.594806992289909,73.94999282816558
MLAB,Mesa Laboratories Inc,PASSA_FASE0,,0,99.66,196942.7039431746,0.48457890768340617,0.9462122216803163,51.52164255070351,1.5700243070949194,6.757496980682451,47.63433093192579
MRCY,Mercury Systems Inc.,PASSA_FASE0,,0,90.17,697817.3537050794,0.9785068767329363,0.9156828524743221,36.376720961897455,-14.598802848916492,2.13364637741965,70.02553758168327
XPEL,"XPEL, Inc. Common Stock",PASSA_FASE0,,0,44.36,263541.42938887305,0.7508012031081217,0.8458352461190359,47.91975769245333,-1.4457657337413887,2.5378455246942684,47.93506352685625
LGCL,Lucas GC Limited Ordinary Shares,PASSA_FASE0,,0,1.4,3737340.454376365,0.039974219181465855,2.513682053889433,50.276017972819695,5.336021909892574,430.42991445629315,267.62029971097576
NRC,NRC Health Common Stock,PASSA_FASE0,,0,18.3,123063.05186425397,1.8954017535360108,0.6464143918204482,34.24921430525667,-15.412882202038404,1.0,76.39490080398998
PL,Planet Labs PBC,PASSA_FASE0,,0,19.47,12344539.435696857,0.552145549814855,0.7183964618363812,27.15978100838373,-21.50143127847437,2.7709970001303446,58.13597733215954
GEO,"The GEO Group, Inc.",PASSA_FASE0,,0,29.95,1977464.8276736985,0.8224272485985066,0.8412978669012852,53.03495502175668,-1.026090117479883,2.157781889208663,26.112985817201302
TWI,"Titan International, Inc.(Delaware)",PASSA_FASE0,,0,7.65,545601.4579152223,1.0140893966562168,0.799900238235917,48.955063402069314,0.34102833158446977,1.1370339765502595,45.41265570987102
SPT,"Sprout Social, Inc Class A Common Stock",PASSA_FASE0,,0,8.82,1367793.6746485715,0.6836771255937147,0.7227047898227262,62.31017659435062,6.76673526207483,1.669362473528685,59.482851811544926
CCTG,CCSC Technology International Holdings Limited Class A Ordinary Shares,PASSA_FASE0,,0,0.6703,5580222.398970256,0.03525502572537318,0.42777149044349827,43.29802673151774,-19.97039035776328,131.594296869946,163.8850991723408
TYRA,"Tyra Biosciences, Inc. Common Stock",PASSA_FASE0,,0,31.11,834840.3866806827,0.5942218551733115,0.6918003435981995,49.30020571835935,-1.364129960922944,2.027082817052143,43.7396216577305
AMTB,Amerant Bancorp Inc.,PASSA_FASE0,,0,29.48,318932.58044292073,1.5893266158573522,1.3490006469778022,69.86772321412394,11.287278218195551,2.0694707829918513,46.69340886766157
CABO,"Cable One, Inc.",PASSA_FASE0,,0,41.85,247730.90587819048,0.820128076259889,0.9373651041274601,48.28432090477391,1.743125957260605,2.8101343816900193,107.02751607917746
CNET,ZW Data Action Technologies Inc. Common Stock,PASSA_FASE0,,1,1.54,421853.9236696826,0.5285598807434407,1.2395493937805466,69.79474111003033,50.10259366072884,25.536232574248444,186.9318379962494
SHW,The Sherwin-Williams Company,PASSA_FASE0,,0,343.88,2391180.036882,1.4098837062302583,0.8816398376907885,57.54334510016023,3.249128906783638,1.1113371175765112,41.229287344068894
METCB,"Ramaco Resources, Inc. Class B Common Stock",PASSA_FASE0,,0,6.47,53028.13991515873,0.9295587105613159,1.0256561961086694,28.164459267467848,-15.749723289276652,1.7846233546786898,68.14553077103233
UTZ,"Utz Brands, Inc.",PASSA_FASE0,,0,14.06,3405937.3639441906,1.305270178533103,1.9058036933738112,86.41922365029188,41.04428951196266,13.90736544221586,223.13054034571059
HTOO,Fusion Fuel Green PLC Class A Ordinary Shares,PASSA_FASE0,,0,2.5773,23660.803019095245,0.11442604030873367,0.1915929631949298,42.35918353005353,-1.831914816627589,4.2088280043820445,31.69801984615698
CTNT,Cheetah Net Supply Chain Service Inc. Class A Common Stock,PASSA_FASE0,,0,1.8,1683825.4101822379,0.17404558535512438,0.5187918130486322,45.285240854454756,7.81671159029651,10.252575472748966,110.60198534007195
HOFT,Hooker Furnishings Corporation Common Stock,PASSA_FASE0,,0,13.73,68363.25393701588,0.9359335273734769,0.9455963517258491,42.3306664636777,-6.788866259334691,1.4053111158503218,47.60736300353249
AGM,Federal Agricultural Mortgage Corporation,PASSA_FASE0,,0,213.67,131391.67652169842,0.9142716541801774,0.9416168436112344,70.87617531182038,4.565151963746983,2.596160101963887,24.35477945705173
ABR,"Arbor Realty Trust, Inc.",PASSA_FASE0,,0,5.08,4502912.377705048,0.7224540446480989,0.8412607607615947,45.786451464653766,0.39525691699604515,3.2661618402648793,29.880327815040285
GYRE,"Gyre Therapeutics, Inc. Common Stock",PASSA_FASE0,,0,5.64,93738.4187196508,0.7049626889017162,0.7147800177853224,37.25711475358873,-11.647215477402684,2.015949236676079,62.31486524795555
RXT,"Rackspace Technology, Inc. Common Stock",PASSA_FASE0,,0,3.78,25532208.49911016,0.21793966234796852,0.6267676789960698,38.204730393050305,-21.17199311818988,10.707831394943009,183.21622677112993
DGX,Quest Diagnostics Inc.,PASSA_FASE0,,0,235.22,938813.1945803174,1.0273214465878369,1.1950319554723918,75.41431189177798,9.415592722062893,3.897044151998288,35.71379125708467
PH,Parker-Hannifin Corporation,PASSA_FASE0,,0,951.07,737725.6549963014,0.7436921708934612,0.7402103493646804,47.658742153685,-1.28470933808017,1.3858215258492281,21.817831005886152
AHR,"American Healthcare REIT, Inc.",PASSA_FASE0,,0,57.52,3209753.868885587,0.8466964967209681,0.8985112561707459,66.6641738016009,3.2350697716157395,1.9258600707358353,26.18897773885157
RYM,"RYTHM, Inc. Common Stock",PASSA_FASE0,,0,18.17,11939.748638555551,1.8707688254735513,1.0832428645972474,25.358409687713703,-17.03196347031963,2.492336119651262,44.533206123833516
TLN,Talen Energy Corporation Common Stock,PASSA_FASE0,,0,316.19,807267.676134111,1.1656181025730525,0.8811699790706415,32.2069911942353,-14.247280478841828,1.2752149764542577,56.428829800625145
ANPA,Rich Sparkle Holdings Limited Ordinary Shares,PASSA_FASE0,,0,4.0,23999.857236158736,0.3175282340646002,1.0395319280467152,41.01866013709097,-3.9729972068145325,35.98989044804832,89.16371082842427
GIL,Gildan Activewear Inc.,PASSA_FASE0,,0,51.25,1528392.1617730157,1.1494563126351,0.7887335715391023,44.147738442469226,-1.3749771478605566,2.353167287896372,33.354087255899714
INTR,Inter & Co. Inc. Class A Common Shares,PASSA_FASE0,,0,5.41,6088837.3505967315,0.4485543598886466,0.7516267702482117,44.1316830556229,-2.8899658948124185,2.957371366411541,42.16900829242648
DMII,Drugs Made In America Acquisition II Corp. Ordinary Shares,QUARENTENA,ILIQUIDEZ,6,10.12,,,,,,,
AKBA,"Akebia Therapeutics, Inc.",PASSA_FASE0,,0,1.26,4938431.188948984,0.3972900939447043,0.725087356873576,51.34962004014879,-4.36432637571158,3.360761947377576,49.96510073206477
BH,Biglari Holdings Inc. Class B Common Stock,PASSA_FASE0,,0,382.51,82329.4652908254,4.551401771921349,1.4537081370712752,52.67552619421244,-2.379828244031301,1.0,40.178316132020264
PDSB,PDS Biotechnology Corporation Common Stock,PASSA_FASE0,,0,0.6696,731755.7209575555,0.16133991569551118,0.38934564141696076,31.170918460344566,-11.376991900047651,6.704677774192872,43.04103104733164
AMSC,American Superconductor Corp,PASSA_FASE0,,0,26.64,1136899.5891292535,1.0018935678650347,0.6617842512423163,26.327054490758783,-21.737980875159714,1.2131014969781153,65.2671461733921
MSB,Mesabi Trust,PASSA_FASE0,,0,22.53,52924.23038609525,0.5807242460170913,0.8093337879572374,36.51518279539828,-6.84308455654331,3.5389155683676305,35.38046666140657
HSCS,HeartSciences Inc. Common Stock,PASSA_FASE0,,0,2.16,2263997.3272323175,0.032360879070720744,0.02563415819350688,40.645220817879895,-16.955017301038065,1.902394379008373,91.04380960142801
ENB,"Enbridge, Inc",PASSA_FASE0,,0,55.14,4060478.64501673,0.7635373794958664,0.8528964162315724,47.15952395321915,-0.37310399031557084,2.30014621313356,20.16795661373414
RUSHB,Rush Enterprises Inc,PASSA_FASE0,,0,78.99,87384.2457879365,1.8680432796678683,1.2010007612766769,64.87647102003248,4.0122196910840735,1.5750078153984841,31.21039371654969
KR,The Kroger Co.,PASSA_FASE0,,0,59.87,7600719.7359867925,0.9136545975291658,1.0213273838123318,53.767922254038936,2.6612709626530506,1.593502712517036,30.11141722093965
CBK,"Commercial Bancgroup, Inc. Common Stock",PASSA_FASE0,,0,34.13,73624.50343923809,0.7495832217129466,1.0395626503276292,61.56584700364475,2.3234897316743996,2.041076459767115,24.033037804537994
FIZZ,National Beverage Corp.,PASSA_FASE0,,0,32.69,453020.8640691111,0.9681003515328016,1.4398328588127491,52.01743535708113,2.947660137305541,3.1309426002079217,50.865398919601766
BVFL,"BV Financial, Inc. Common Stock",PASSA_FASE0,,0,20.67,20264.37214669841,0.9016355092440814,0.7282934215953257,46.76217885868334,-2.4597416386480386,1.7789907300212588,34.656192440436996
RCMT,RCM Technologies Inc,PASSA_FASE0,,0,28.5,67891.40153715873,0.5127640569762923,0.5548987788237169,61.70340683696113,2.188079850124147,2.5745001894387496,20.070656938891783
UPLD,"Upland Software, Inc.",PASSA_FASE0,,0,4.52,32067.456232873017,0.41931080851420915,0.5559207091744687,42.74593611327917,-6.8665327357955945,3.4975252916597968,90.7810386976705
ANDG,Andersen Group Inc.,PASSA_FASE0,,0,46.12,328685.69880995236,1.0992874959884305,1.3191888728473664,63.25635171183135,9.236034627728218,2.60250765755609,63.56212857774523
CMBT,CMB.TECH NV,PASSA_FASE0,,0,15.59,1394900.764635032,0.3849192201285252,0.639031538434009,54.359942699907705,1.8887654401673393,2.5580122299836847,36.4669115250496
IPGP,IPG Photonics Corporation,PASSA_FASE0,,0,80.21,514800.7287930953,1.0065659603237727,0.6780578777802069,29.243488622136724,-20.047845697625167,1.0,66.25904621970125
CBNA,"Chain Bridge Bancorp, Inc.",PASSA_FASE0,,0,44.36,13068.708775714284,1.3555689245230533,1.7732740383820649,63.082947206604025,4.696719376917646,3.6656634680899147,36.55766601887496
ATO,Atmos Energy Corporation,PASSA_FASE0,,0,177.67,1400519.7634595393,0.6864501508926935,0.7443232062085182,52.86109078637927,0.34026571787595383,1.5427226372587257,20.38900769282628
ONTO,Onto Innovation Inc.,PASSA_FASE0,,0,218.31,1272891.7150015396,1.6278054456544986,0.9654921547415474,32.05659401811539,-25.000257660238912,1.0,91.24245489783453
SPOT,Spotify Technology S.A.,PASSA_FASE0,,0,524.01,2139146.469102683,1.1041865091705503,0.7248747669363858,65.84396544720056,7.727557272859054,1.2006121157442882,31.558760157244343
AER,Aercap Holdings N.V.,PASSA_FASE0,,0,148.63,1247024.6178286348,1.4051296834051679,0.7896032012532896,50.579297628422516,-0.4697602314314375,1.0,30.985170327385813
WYNN,Wynn Resorts Ltd,PASSA_FASE0,,0,99.01,1495606.3397120158,0.8892001978575964,0.9420809119460233,51.61898751015614,1.983061191381763,2.2834415037949882,21.378682240745174
NGEN,NervGen Pharma Corp. Common stock,PASSA_FASE0,,0,1.59,931612.3232776509,0.3790784108764398,0.8303353193672885,32.00922657715883,-11.654396443950542,4.172398256568215,55.10084543656022
MLI,"Mueller Industries, Inc.",PASSA_FASE0,,0,65.4,1429701.847142635,0.9813801532670334,1.2419448847871952,60.828409743299346,9.502800358311925,2.1734977548535883,41.58659625554208
TCBI,"Texas Capital Bancshares, Inc.",PASSA_FASE0,,0,98.42,514737.2403061747,1.0487419718959945,1.0557352574378738,39.84141980077628,-3.9153377167933434,2.440109822434808,26.781885472566696
AMT,American Tower Corporation,PASSA_FASE0,,0,179.26,3230764.2031223965,1.6615300625072063,0.9957753185203811,62.0342301362082,7.04102562571467,1.0,25.977717198371035
FTCI,"FTC Solar, Inc. Common Stock",PASSA_FASE0,,0,2.6,165854.25925592068,1.2122262741818781,1.0470778638122349,24.51267389914841,-38.021454112038136,2.0041813539006728,102.41888516137023
FCCO,First Community Corp,PASSA_FASE0,,0,34.75,88821.87615425399,1.0636492576325214,0.5578075735594231,67.64875420117664,5.332555337480982,1.2210351791876901,22.066170544280162
FSM,Fortuna Mining Corp.,PASSA_FASE0,,0,8.37,5248699.001568508,1.680953468083502,0.9343529862090605,45.465946720045714,-0.6940736785905233,1.0,40.455503157055865
FEAM,"5E Advanced Materials, Inc. Common Stock",PASSA_FASE0,,0,1.05,226437.95686420635,0.26211979009152697,1.0595218457172193,33.0166296107883,-14.355628058727564,11.108394229915143,62.45229779616888
DORM,"Dorman Products, Inc. New",PASSA_FASE0,,0,141.29,281794.9849793651,0.6537467825181134,0.8879082211989043,59.059146087961864,2.31010555775808,2.0102264291372465,33.48423746479381
RCON,"Recon Technology, Ltd. Class A Ordinary Shares",PASSA_FASE0,,0,0.3553,878743.5082689207,0.3005059762856168,2.999728993087606,35.596623194598706,-15.777746171715734,106.65946488373798,113.29633652675004
AZI,Autozi Internet Technology (Global) Ltd. Class A Ordinary Shares,PASSA_FASE0,,0,1.16,6070759.720222175,0.012406547756800952,0.0375920005896804,42.40808370404702,-19.528269164065215,7.36230688788576,104.39813822166033
TOYO,"TOYO Co., Ltd Ordinary Shares",PASSA_FASE0,,0,4.7,712289.6647769999,0.7168712628335867,1.0776847489287575,24.492791163291102,-16.399857701885434,2.1367259304203987,56.67986044462119
CAKE,Cheesecake Factory (The),PASSA_FASE0,,0,101.14,1359404.0825352855,3.9603540691884427,1.0820455034460068,83.43605732670162,21.254990348994717,1.0,53.37816451907346
FWONK,Liberty Media Corporation Series C Liberty Formula One Common Stock,PASSA_FASE0,,0,101.89,2010326.607999365,1.5618915942284497,0.9447336024595361,64.5837516475606,3.1962059771558415,1.0,27.263367505460707
PBYI,PUMA BIOTECHNOLOGY INC,PASSA_FASE0,,0,7.81,308273.3177400953,0.6496171378829437,1.147404481079403,46.14049710860563,-3.9773775127559086,3.0106219224125126,43.43110532536903
ARIS,Aris Mining Corporation,PASSA_FASE0,,0,13.9,1371351.2189359365,1.3465680815610708,1.0149666667127326,40.73578716935258,-4.716205100082249,1.1950537273876696,63.475603057887334
GFAI,"Guardforce AI Co., Limited Ordinary Shares",PASSA_FASE0,,0,0.3166,1105441.7100464127,0.11105723315691204,0.18075607558141676,28.517120930044186,-16.26664550852277,4.005652504313514,49.6392059491068
GS,Goldman Sachs Group Inc.,PASSA_FASE0,,0,980.75,2138738.9613620797,1.4967292754242132,0.9245021113056754,37.64618787024293,-7.543533255810986,1.1847654294662116,47.27351273554556
APLE,"Apple Hospitality REIT, Inc.",PASSA_FASE0,,0,16.81,3007265.5528503335,1.04334725868692,0.921261571142195,57.17999840648469,0.8610086100860892,1.4651212977904966,18.854262242804303
CMT,"Core Molding Technologies, Inc.",PASSA_FASE0,,0,23.53,28903.685783095243,0.8979639473931682,0.8296982260814586,45.132973829299274,-1.986920481526211,1.8487240503916047,43.70589768997588
ALSN,"ALLISON TRANSMISSION HOLDINGS, INC.",PASSA_FASE0,,0,114.66,1142279.4477574762,1.093107056265714,1.3641932837875932,45.13178157561511,-1.4677574590952758,9.818701467467747,32.483207753684326
UP,Wheels Up Experience Inc.,PASSA_FASE0,,0,5.6,174030.65818714286,0.468394381628686,0.5718606158529859,33.24973019957079,-19.93136974549614,2.734854028692134,62.79084007647723
OPK,Opko Health Inc.,PASSA_FASE0,,0,1.365,3418444.3552378095,2.6934533293412266,1.2705043002646044,51.927103698647734,3.194103194103226,3.756772078657912,129.84420222885424
KIDS,OrthoPediatrics Corp. Common Stock,PASSA_FASE0,,0,19.99,160474.55509414285,1.1534529765258466,0.9311199893484156,55.32322856394665,1.3088043381859205,1.2267513201474405,47.487899702660904
SMRT,"SmartRent, Inc.",PASSA_FASE0,,0,0.995,1954973.3701717937,0.49844243160732704,1.0130277301159445,42.122184944153254,-1.81954531101991,5.091066160883615,34.6785879196091
TE,T1 Energy Inc.,PASSA_FASE0,,0,3.72,37100038.47551928,1.2536197374462164,1.0125064624113755,24.270737926536682,-41.98378041172801,1.213879868263305,109.91996142331082
HAL,Halliburton Company,PASSA_FASE0,,0,31.19,11908151.447485236,1.0557047503456842,1.025114891064324,29.68720017816497,-7.493363783310869,2.7109987912450215,34.43677039687806
MITT,"TPG Mortgage Investment Trust, Inc.",PASSA_FASE0,,0,7.16,180250.30556307937,0.6263174662496885,0.7530598506941085,31.759302105318127,-5.240868184224457,1.7019730115830343,19.258983655236793
KYMR,"Kymera Therapeutics, Inc. Common Stock",PASSA_FASE0,,0,105.25,799891.4440407936,0.6321043776150382,0.8262276809995424,46.78783890932381,-6.765998157465802,1.7708157453555966,44.96905152491234
JCAP,"Jefferson Capital, Inc. Common Stock",PASSA_FASE0,,0,20.36,298603.76202652376,1.0964168529628868,1.0227735973481211,65.40205912727649,5.958886286755161,2.164916271902473,32.89642863176988
WHR,Whirlpool Corp.,PASSA_FASE0,,0,38.45,2844831.470678936,0.8102863768087701,0.8147989727556175,49.41860174083383,0.9318808242551713,1.777221058661335,50.50415875587076
DBD,"Diebold Nixdorf, Incorporated",PASSA_FASE0,,0,75.17,308797.7378088413,2.1043466902120382,0.8616944475502292,31.369218030737443,-11.976345911765574,1.0,69.36877265874057
HRZN,Horizon Technology Finance Corporation,PASSA_FASE0,,0,4.31,775856.6521565714,0.5928209435061739,0.7610996695149604,37.41994874117475,-5.720223121513746,2.7248134098188332,13.968983929340736
CZNC,Citizens & Northern Corporation,PASSA_FASE0,,0,25.05,60626.53648834921,1.0313722937482386,1.050335039513386,70.41733952331127,6.297207841805963,1.4669891137693465,27.711063854204117
ACR,ACRES Commercial Realty Corp.,PASSA_FASE0,,0,18.3,30759.418183365076,1.249999856232445,0.5693356204790263,56.679637619307826,3.383989605107063,1.0134148948916692,20.032341211911746
SIGA,SIGA Technologies Inc.,PASSA_FASE0,,0,3.34,617230.4793127779,1.6399949219261512,1.324818934709924,39.5040525501217,-4.174436953091398,3.9184533420157557,56.81456482191276
ITRI,Itron Inc,PASSA_FASE0,,0,102.33,823618.9483090636,3.283585335211549,1.106720040223872,72.63976773491785,18.187855513527573,2.4523745551683027,85.7107278119158
KREF,KKR Real Estate Finance Trust Inc.,PASSA_FASE0,,0,7.24,1195379.12332327,0.7150587588619306,1.0536476986071952,50.42049427538807,-0.7131102578168069,4.202720328281495,35.00744018158287
INTZ,Intrusion Inc New,PASSA_FASE0,,0,0.76,1987454.0996590478,0.08121925207112551,3.004403182351285,43.738738174156275,-10.870304565551391,25.505989273311965,87.15284691775386
MTB,M&T Bank Corp.,PASSA_FASE0,,0,250.33,1103610.4544429048,1.058026848559913,1.0659601274797104,60.85727332646807,2.0247634107971146,1.7972262694351842,22.419694574099918
APOG,Apogee Enterprises Inc,PASSA_FASE0,,0,39.9,254006.29464419046,0.8830884795166642,0.9116251953175606,48.58162261406709,-0.3421834802807444,1.622126955451477,45.18698253989093
OUT,OUTFRONT Media Inc.,PASSA_FASE0,,0,32.64,1772043.4871898098,0.9334573944842588,0.7752838351361201,52.68478715522183,-0.42405198450226056,1.3453319414939449,17.333238105902996
PRLB,"PROTO LABS, INC.",PASSA_FASE0,,0,71.35,218130.450309254,1.0809121455657549,0.9123454871041778,35.81527204535439,-6.819725225931162,1.6426383681025096,37.833733293592694
IEP,Icahn Enterprises L.P,PASSA_FASE0,,0,7.59,887950.9215820476,0.6768341523833503,0.6779469224618356,52.78146055758607,0.9677741195250888,1.8083614656883091,18.274842955324136
CWT,California Water Service,PASSA_FASE0,,0,51.73,522983.25948588894,0.9018982089018984,0.8073469128667061,63.76514645976839,2.513797647711624,2.026046132389125,21.66645940423505
BMR,Beamr Imaging Ltd. Ordinary Share,PASSA_FASE0,,0,1.19,81282.91849192063,0.6189842285867356,0.9246913520313733,36.82384607262661,-10.239487082783338,6.25367995621142,71.98469057269173
SUPN,"Supernus Pharmaceuticals, Inc.",PASSA_FASE0,,0,46.57,770419.1916017936,0.6777232778942425,0.9954493148438394,47.16059274665029,-2.284982899347454,2.740455562918197,32.66782105091398
CGNT,Cognyte Software Ltd. Ordinary Shares,PASSA_FASE0,,0,8.88,715628.8364559363,0.40349855999518497,0.7707068374175421,51.44014502335418,0.5548635488619835,3.0469099859756748,34.43004158068676
SEPN,"Septerna, Inc. Common Stock",PASSA_FASE0,,0,33.61,398811.27262226987,0.3967206163423904,1.1314472870943186,49.68686697437143,-1.6877760552256649,6.127781006937876,57.8793908986392
M,Macy's Inc.,PASSA_FASE0,,0,24.76,6052768.550121999,0.9989945086634979,0.7793653711150854,57.830208684900725,4.897475004236607,1.0,35.8769141499583
TELA,"TELA Bio, Inc. Common Stock",PASSA_FASE0,,0,0.6775,135081.1036505238,0.3215263956116751,0.3933810903598133,40.800236614342815,-9.870959159239067,4.570590783155981,88.89314885216393
AUB,Atlantic Union Bankshares Corporation,PASSA_FASE0,,0,42.62,1154665.5859193967,0.8420053350129623,1.0619198361576043,56.96749807346495,0.8697710194662811,2.72236778017576,23.22426926224988
AIXC,"AIxCrypto Holdings, Inc. Common Stock",PASSA_FASE0,,0,0.65,78642.17449276191,1.4000973473862175,0.5156656412073453,30.23673529178788,-28.739790604615443,1.1397676309795566,127.91077070847695
GILT,Gilat Satellite Networks Ltd,PASSA_FASE0,,0,10.46,866116.5839745713,1.0065329258290647,0.634891366358186,33.85801387870784,-10.514158610659575,1.1137161683038728,50.35629962848759
SRBK,"SR Bancorp, Inc. Common stock",PASSA_FASE0,,0,19.34,46963.16681069841,0.4963644137109104,0.6006193090523089,51.86715714310001,0.04914513333851289,3.5905188577129885,24.328171414159616
CRT,Cross Timbers Royalty Trust,PASSA_FASE0,,0,10.18,20661.893466095236,0.620090657278048,0.6136611450691117,63.02064890402624,7.205855251033366,3.730407131392275,30.46792923473514
ACCO,Acco Brands Corporation,PASSA_FASE0,,0,4.33,920421.9566862222,0.7269457925307832,0.7651086979870627,61.72536054561666,6.676521310667671,1.5367148941621953,46.100982362650115
FDS,Factset Research Systems,PASSA_FASE0,,0,282.04,957393.8647312698,1.3566565775450992,1.0535038737522184,66.04920365491006,10.41967227234557,1.5092626300822796,54.009318913437724
FRHC,Freedom Holding Corp.,PASSA_FASE0,,0,148.24,159130.36221911112,0.5253962772979793,1.136521042155837,47.171186997347974,-4.915998120641341,4.794725655810872,88.64009616281223
WGO,"Winnebago Industries, Inc.",PASSA_FASE0,,0,31.82,738087.7965395236,0.5912531039261418,0.9008363071373389,58.4075455228124,4.327868852458994,2.9174396646941774,40.17086562561291
VITL,"Vital Farms, Inc. Common Stock",PASSA_FASE0,,0,13.68,2967966.2534318254,0.38699567259091927,0.5283758988026586,61.93933877119621,4.403571701137143,1.9475437981252315,50.67839449655372
UPXI,"Upexi, Inc. Common Stock",PASSA_FASE0,,0,0.7935,2363387.4867488407,0.4474955113212854,0.5773793045888985,43.15920689320099,-5.15577282805525,3.288623061694362,96.98561465140814
CPAY,"Corpay, Inc.",PASSA_FASE0,,0,392.85,609398.0629446983,1.4739624745976796,0.8032830442986212,68.78858052343367,8.172927993479618,1.0,27.517625039893982
GRPN,"Groupon, Inc.Common Stock",PASSA_FASE0,,0,27.22,1828246.89109954,0.658141906417982,0.851255363484721,57.6488868353927,2.639517345399689,2.234062948920569,88.02348692133822
IMXI,"International Money Express, Inc.",PASSA_FASE0,,0,12.92,534519.4078324127,0.7134486828821843,0.5386386919832273,35.724965870845,-5.930321453274601,1.1832004682608297,28.20179578850025
IVZ,Invesco LTD,PASSA_FASE0,,0,28.07,5235992.274577714,1.2247538375364002,0.9422913745797717,45.075335378571594,-2.9810766439125502,1.3314808801440552,39.62483344975746
EPAM,"EPAM SYSTEMS, INC.",PASSA_FASE0,,0,106.89,1964188.2880001904,1.0163715915323728,0.7813013429675847,71.99998524531969,19.90846168515756,1.451455712709223,52.32007607148233
CBRL,"Cracker Barrel Old Country Store, Inc,.",PASSA_FASE0,,0,56.55,1252243.403984159,0.9127340024171999,0.7948998053075725,66.2034232469598,7.9249964215849955,1.41125977376407,47.39926729975834
ESE,"ESCO Technologies, Inc.",PASSA_FASE0,,0,300.07,269300.2642493016,0.7399273200695227,0.7632853282277576,35.42955231026845,-8.160766862340596,1.6144770412040892,32.69465989506782
HCTI,"Healthcare Triangle, Inc. Common Stock",PASSA_FASE0,,0,1.56,206814.25310009523,3.121969193063815,0.6233079393254383,35.03182980097809,-12.359550561797771,1.8886845628494182,83.19258160891484
NPK,"National Presto Industries, Inc.",PASSA_FASE0,,0,121.46,115248.97251453971,0.7906091134435473,0.7312333969751278,40.76031118895341,-1.3558895309409902,1.7175106959948265,15.203738145383364
ADC,Agree Realty Corporation,PASSA_FASE0,,0,80.39,1131934.2013553176,1.7161667253202961,0.9605483576872683,60.32416010946316,1.5698537540667523,1.0,18.427680910362643
AKAM,Akamai Technologies Inc,PASSA_FASE0,,0,107.41,5011183.217488303,0.6054143300644708,0.7260144553417426,33.14560260585209,-9.843289658124677,2.309908054499784,53.64882176871293
TRDA,"Entrada Therapeutics, Inc. Common Stock",PASSA_FASE0,,0,6.55,472250.0780236349,0.922018029987934,0.9038321803187462,47.251345003440626,-3.328167662903103,1.818716535339955,71.36827803318972
REG,Regency Centers Corporation,PASSA_FASE0,,0,81.11,1503066.81373554,1.1982286316135002,0.8546404606361485,51.991894846203955,0.1846579504820367,1.0,17.662551189707443
SMXT,Solarmax Technology Inc. Common Stock,PASSA_FASE0,,0,0.36,936401.5848527302,0.9464068899118503,0.19104830109128407,48.957802554498805,3.2835563971252535,1.0,92.7126144493911
HERZ,"Herzfeld Credit Income Fund, Inc. Common Stock",PASSA_FASE0,,1,15.55,18677.17223698413,0.4208532296679852,1.6249021566634383,34.043876596383114,-6.7972663728133265,22.345071406929648,28.60858118322761
NUCL,Eagle Nuclear Energy Corp. Common stock,PASSA_FASE0,,0,5.62,419850.8737404445,0.9416061883138991,0.8485664678409127,35.1016760658985,-13.681219521560484,1.7914492269050712,90.74305574738818
TASK,"TaskUs, Inc. Class A Common Stock",PASSA_FASE0,,0,6.49,696009.694382381,0.7837003813417114,1.131659160048028,67.82446735807932,15.531820204717416,3.747946620319651,54.43547819035395
ACIW,"ACI Worldwide, Inc.",PASSA_FASE0,,0,60.18,927894.4552544286,1.1710357631246486,1.109241181489685,71.49706707715924,6.5019643931617965,2.1053101213193313,35.716833167569995
MTCH,"Match Group, Inc",PASSA_FASE0,,0,39.4,3424029.5836147773,0.8134352024843234,0.8332477364474741,58.40773097874434,1.7338652413597444,1.7229332266361936,30.503593039723032
ABSI,Absci Corporation Common Stock,PASSA_FASE0,,0,6.9,5691624.508468286,0.6154881905223842,0.7133877898978715,33.32643640674358,-26.374476485181532,2.1214653672774135,72.00967758756234
MODD,"Modular Medical, Inc. Common Stock",PASSA_FASE0,,0,2.08,90473.05317457143,1.4029650183141535,1.6838349200264144,27.729837812008185,-40.341316506525175,4.30335041105668,132.97504959834947
OVLY,Oak Valley Bancorp,PASSA_FASE0,,0,33.78,48450.43170533334,0.7006464154222017,0.5721509571089853,52.012648458185204,0.8599068434252954,1.3177330994056837,26.8786937038849
CZWI,"Citizens Community Bancorp, Inc.",PASSA_FASE0,,0,22.0,72329.27584996827,0.9920949982804436,0.9359879343100004,44.870039242960765,-4.3291078689308815,2.8274471659781386,42.511553108803334
ALGT,Allegiant Travel Company,PASSA_FASE0,,0,95.69,620285.0918723334,0.8401525698771096,0.8050307656308714,42.44115155956416,-9.492889672882377,1.3582481256840302,49.206781123972576
RRGB,Red Robin Gourmet Burgers Inc,PASSA_FASE0,,0,7.5,378209.26141196827,0.5131171088552801,0.4628384926985572,65.39639403317588,5.738051600169203,1.8691870616549229,46.24978704759802
LCUT,"Lifetime Brands, Inc.",PASSA_FASE0,,0,8.38,206336.01241195237,1.0126113893431863,0.7144498799401565,48.37508169313796,-0.8782564982109275,1.4968214450010646,53.91723038040644
BOLD,"Boundless Bio, Inc. Common Stock",PASSA_FASE0,,0,2.48,1240502.2367489997,0.05781039340319257,0.18775662836674675,62.04894617967342,-0.10070493454179541,5.618702745326638,26.477220522685442
GOOS,Canada Goose Holdings Inc.,PASSA_FASE0,,0,9.25,616933.6498244605,0.8416662577162806,0.9389415616872598,42.84410863434499,-2.871843334908375,2.335436898837006,32.408421639356064
OSK,Oshkosh Corp.,PASSA_FASE0,,0,142.82,811060.0540057301,1.3826260617701158,1.0949915811413216,46.124151944655374,-2.327601240566668,1.917085083398076,39.31476973309101
AX,"Axos Financial, Inc. Common Stock",PASSA_FASE0,,0,98.18,413623.00635115866,1.0264515429940875,0.8852559587849296,56.221940473181405,0.38957453552694865,1.4449506253002045,27.281591873274685
ISPR,Ispire Technology Inc. Common Stock,PASSA_FASE0,,0,1.5,143759.91489638094,0.08793844245186218,0.7783339220846104,45.24341467651501,-3.0694668820678617,17.89403645724406,114.32520784691036
TULP,"Bloomia Holdings, Inc. Common Stock",QUARENTENA,INTERRUPCAO,5,3.37,,,,,,,
MCBS,METROCITY BANKSHARES INC,PASSA_FASE0,,0,35.62,86514.8917135873,1.2683072755065024,0.9300232100529057,50.701553470568896,-0.9668383482425602,1.308625790454548,32.362535891098936
CBAT,CBAK Energy Technology Limited Ordinary Shares,PASSA_FASE0,,0,0.4858,139349.19804517462,1.5140774005789552,1.0551479686365621,35.17214599503724,-6.982978153062591,2.4851429487135466,68.50797510353215
PLOW,"DOUGLAS DYNAMICS, INC.",PASSA_FASE0,,0,42.88,260042.3242203651,0.7419890844018587,1.0300826158185532,36.9984779801843,-5.438186389097133,3.6908255892904402,43.23873580135086
QXO,"QXO, Inc.",PASSA_FASE0,,0,13.4,21643554.56053321,1.191965473853313,1.4227600202261053,37.002470281973224,-8.263161497911952,2.4779335875549933,60.05885147011303
PRMB,Primo Brands Corporation,PASSA_FASE0,,0,23.02,3497188.8206857136,0.6588006975211741,0.736499789893836,42.97365965719393,-4.230977243416401,1.9216999638108303,34.97611919792003
SMSI,Smith Micro Software Inc,PASSA_FASE0,,0,2.44,157445.68662712703,0.20503352420477203,0.20409161534860112,34.769258259529494,-5.499612703330747,3.956443642058626,36.13875121444801
SSP,The E.W. Scripps Company,PASSA_FASE0,,0,2.95,724718.4716957143,0.6424868404230485,0.8570232473094461,45.3459556011762,-3.689193601044727,2.326366954451192,78.01587440919073
ENSC,"Ensysce Biosciences, Inc. Common Stock",PASSA_FASE0,,0,0.2528,2520984.1593426988,0.093210196330336,0.516335065183943,38.87381734376761,-8.685365457205286,83.871875483377,59.97055672546401
NMRA,"Neumora Therapeutics, Inc. Common Stock",PASSA_FASE0,,0,1.65,2145290.946243857,0.3108290053978544,0.4039953021695794,51.26860410663985,1.616628175519641,3.2358608315922095,64.98613297826353
CYAB,"Cyabra, Inc. Common Stock",PASSA_FASE0,,0,0.2616,604711.5922955871,0.23024068179586646,0.39928307975345884,27.071188719362212,-21.42138383671507,8.966734319448586,113.71041860933282
ESS,"Essex Property Trust, Inc",PASSA_FASE0,,0,296.8,492245.0025070317,1.0164990038671895,0.9554889416501111,58.80236210222012,0.7057546145494031,1.6732681284528854,16.543443941821657
ESOA,Energy Services of America Corporation Common Stock,PASSA_FASE0,,0,14.03,145951.04837355553,1.51557180763683,0.8179150175294617,29.184701119417554,-14.383352657594417,1.2338915448296268,44.36986068855763
WTW,Willis Towers Watson Public Limited Company Ordinary Shares,PASSA_FASE0,,0,315.93,743291.497707746,1.139880137838109,0.7381900228960225,73.1541386565695,7.859253455418824,1.0316757741340195,32.901394388635865
CVNA,Carvana Co.,PASSA_FASE0,,0,66.32,10927350.008561986,1.6567557431651665,0.8138158039099341,50.475580042921706,-0.057265137587025894,1.1167617531372926,54.94334791399762
MDU,"MDU Resources Group, Inc.",PASSA_FASE0,,0,20.01,1674108.7167149368,0.9219032393699679,0.7973178726740876,32.050155428469566,-4.249210450760832,1.2397022580372101,19.74828246195569
URGN,UroGen Pharma Ltd. Ordinary Shares,PASSA_FASE0,,0,40.45,779030.4215321905,0.40796461887062185,0.9984234633667128,58.90897083888261,1.1389065996574521,4.031215347990311,43.066241959886156
TNC,TENNANT COMPANY,PASSA_FASE0,,0,84.37,190991.98247533335,0.563816104688622,0.7838730859688601,43.491067920582914,-2.3777842059589105,4.142467932064168,25.691784821167424
QLYS,"Qualys, Inc. Common Stock",PASSA_FASE0,,0,135.13,798498.6807767939,0.9016923944677916,1.0182982788863124,46.86050781645356,-9.376540374149556,1.6157421777204783,61.684117757237736
UCAR,U Power Limited Class A Ordinary Shares,PASSA_FASE0,,0,1.01,842370.9417613016,0.08041944149255328,0.7105597691232557,38.4472318459768,-9.958099313541958,89.53513040413922,67.79112796185905
AIOT,"PowerFleet, Inc. Common Stock",PASSA_FASE0,,0,4.0,1548613.157311556,0.5200611673093075,0.7412255073045442,48.74910413420534,-4.0307101727447225,3.210060990038207,60.96127312897589
SRFM,Surf Air Mobility Inc.,PASSA_FASE0,,0,0.7026,6410975.032303936,0.2729369232020189,1.0645390314200258,33.37971218951404,-16.83681622072687,17.879421852441,77.22201547286527
PAG,"Penske Automotive Group, Inc.",PASSA_FASE0,,0,223.44,360791.06750209525,2.2730213571327886,1.3075869145610437,76.54085927256057,12.139401361090485,3.1246276629126246,41.854997208931024
NATR,Nature's Sunshine Products Inc.,PASSA_FASE0,,0,20.57,120914.14955077776,0.9235353360121427,0.8374403831788657,44.68796984760684,-2.2152500475375425,2.3187729973942837,32.482347254009
MAKO,Mako Mining Corp Common Stock,PASSA_FASE0,,0,7.13,157362.494816619,0.9667176437262108,0.7410806526796625,44.70470125950164,-2.642179285860591,1.7400158208671472,42.89002824168132
CUBE,CubeSmart,PASSA_FASE0,,0,42.43,2143714.0193186505,1.378250092320649,0.9872057410251635,61.25168758712103,3.2850135709156625,1.2455443883574786,23.27308282148154
TNDM,"Tandem Diabetes Care, Inc.",PASSA_FASE0,,0,18.59,2396067.37882546,0.7975355275517073,0.6540453080890415,64.0117350902348,13.19835591414218,1.0991640689075028,52.12461764548658
ARMK,ARAMARK,PASSA_FASE0,,0,57.17,2843721.5197150954,0.9440038726116019,0.9033314924685429,58.31409960938706,0.3352112181680855,1.375443299898079,14.435955710712372
FRME,First Merchants Corp,PASSA_FASE0,,0,43.26,409949.47035936516,1.1228950667663276,1.2064910262500865,51.79314107080604,-0.37767133382460294,2.617407965852365,27.696364443505182
GPOR,Gulfport Energy Corporation,PASSA_FASE0,,0,156.83,383013.6754213174,0.607596981692648,1.2716622648457048,46.68676221922352,-0.42666124874604083,2.9676466500902188,33.01156639882934
PKOH,Park-Ohio Holdings Corp,PASSA_FASE0,,0,38.2,83453.64562471428,1.1211809361542238,0.8570740848590086,56.26502123446576,1.9244238401761038,1.4543660941336942,36.47781242414273
FER,Ferrovial N.V. Ordinary Shares,PASSA_FASE0,,0,62.54,1561780.6700785873,3.1274444569378765,0.8891498017287371,35.801635881396635,-2.727336355930221,1.0,18.918837457375826
FTDR,"Frontdoor, Inc. Common Stock",PASSA_FASE0,,0,75.0,606961.5661670319,0.9217492072373468,0.9049354366039001,56.43000417264468,0.10377424596832441,1.8929582346722909,34.7462765351009
ECG,"Everus Construction Group, Inc.",PASSA_FASE0,,0,109.17,642108.5864160951,0.8304888672434566,0.8884815076082897,28.334836216846682,-18.542920352331528,1.852178392850498,68.14308038471233
VINP,Vinci Compass Investments Ltd. Class A Common Shares,PASSA_FASE0,,0,9.67,62312.79509584127,0.7844011574961771,0.5296001932354735,46.133559958771905,-1.147486518950136,1.1134399486604962,20.627410843711
XPON,Expion360 Inc. Common Stock,PASSA_FASE0,,0,3.44,14910.080838428572,0.8672407081572071,1.3875578862106592,31.659392398576472,-16.977197690807643,7.881393557707783,88.71590960056017
ASPN,"Aspen Aerogels, Inc.",PASSA_FASE0,,0,4.09,1521891.1982198409,0.7742509243100228,0.6645271362004483,29.32754336303904,-20.093777473869302,1.2842287451186056,63.53599857200387
AGRZ,Agroz Inc. Class A Ordinary Shares,PASSA_FASE0,,0,0.3398,517966.1866587937,235.52971589923732,0.25724900551495844,50.59605229074311,-3.79660825004956,1.0,208.25552088082725
LTRN,Lantern Pharma Inc. Common Stock,PASSA_FASE0,,0,2.51,224027.67772244438,0.1627745969191316,0.6264081047055404,31.86155870877508,-20.569620253164555,12.373392705685104,86.62528424338404
AUUD,Auddia Inc. Common Stock,PASSA_FASE0,,0,1.06,3632931.751241413,0.02991249763028613,0.0769238470321816,33.590220262922685,-14.790996784565912,5.725092706599937,76.0368666265751
BGI,Birks Group Inc,PASSA_FASE0,,0,0.4651,303929.082810873,0.175100386931764,0.6462586008054877,33.87973186667095,-14.260951430607916,54.54531447007691,73.11492932968771
NSC,Norfolk Southern Corp.,PASSA_FASE0,,0,335.74,1160457.020631476,1.6384360362888466,0.9413597298086952,56.194459917434315,1.24345441194873,1.4454784459506111,25.724200151013605
OTLK,"Outlook Therapeutics, Inc. Common Stock",PASSA_FASE0,,0,1.0,21253325.707679138,1.3431583882963174,0.640562884192128,38.37446154349522,-29.23860741579395,2.0277978079610115,148.3760751297743
HWBK,Hawthorn Bancshars Inc.,PASSA_FASE0,,0,38.7,12704.046326603177,1.4015393862910117,1.0956813375634027,52.689141470196866,0.5364542065543709,1.7514670662370109,27.909523512972378
GNL,"Global Net Lease, Inc.",PASSA_FASE0,,0,8.87,2484890.287841159,0.6029633252982376,0.9696429249369014,43.18364628406848,-1.537436865182884,2.400991066718543,30.971941907680485
VRA,"Vera Bradley, Inc.",PASSA_FASE0,,0,3.47,345597.72181565076,0.5336179275289669,0.34139482133243304,39.49911789767312,-8.612062154332357,1.473299076202873,47.920342735925196
CUZ,Cousins Properties Inc.,PASSA_FASE0,,0,32.3,1779445.2677599364,1.5757826572338767,0.7985293113556993,65.93307488583719,3.4079813033247364,1.0,21.698025363667426
STVN,Stevanato Group S.p.A.,PASSA_FASE0,,0,20.41,390359.7845500952,1.2137410148052723,0.7618738617376293,64.36042583888754,4.747241467795749,1.0208379249666215,37.65178308579834
PNFP,"Pinnacle Financial Partners, Inc.",PASSA_FASE0,,0,104.74,1273265.6457998415,1.2701402100691164,1.026735659958943,61.926567550520396,4.014498870379102,1.6723176119841283,28.343036831704254
CBLL,"CeriBell, Inc. Common Stock",PASSA_FASE0,,0,17.73,355321.8901278571,0.7687177479825799,1.0322826599182091,44.10467317063951,-5.116129722787111,2.6410211450247485,44.33765657189032
TDIC,Dreamland Limited Class A Ordinary Shares,PASSA_FASE0,,0,2.37,1596665.860343127,0.03168477685000924,0.8325822454059163,44.69122903093991,-30.72201110786321,187.31884215505522,121.98324103496465
GLIBA,Liberty Capital Corporation Series A GCI Group Common Stock,PASSA_FASE0,,0,23.96,101612.4992590794,0.4514218416677844,0.7530864259458949,59.341491007585866,6.095157969313902,2.37650261308931,32.819852132187506
ACHV,"Achieve Life Sciences, Inc.",PASSA_FASE0,,0,6.175,1799787.0569257617,0.710975586821759,0.8808926883739647,52.865303163341885,-1.4483501576028512,3.0013003933327056,45.71656898922186
VUZI,Vuzix Corporation,PASSA_FASE0,,0,2.14,1898804.229732603,0.5566990511095815,0.5345562047807523,33.3008001412455,-11.166459111664583,1.7019155978891711,62.432829397992364
STAG,"STAG INDUSTRIAL, INC.",PASSA_FASE0,,0,38.91,1469519.6037915398,2.3781241540094107,1.2184595058735266,43.04206732520126,-2.852506085762452,1.0,29.045985371167305
AVIR,"Atea Pharmaceuticals, Inc. Common Stock",PASSA_FASE0,,0,4.62,347445.88820928574,2.136508961869939,1.015715990175498,46.708026873090155,-3.739972913845213,1.8759199857445683,45.030314557242846
IDXX,Idexx Laboratories Inc,PASSA_FASE0,,0,569.77,648925.9091265873,0.7014828706973405,0.9426975595172551,55.354142017488236,2.161177694591343,2.1811832902321995,32.60289590114924
AGL,"agilon health, inc.",PASSA_FASE0,,0,92.66,406882.33942463493,0.8263010874947897,0.7956060669142435,37.55576961442516,-17.64287618878322,1.5543740938508501,84.9858476351702
SANA,"Sana Biotechnology, Inc. Common Stock",PASSA_FASE0,,0,3.17,3679281.2907695235,0.840230761949278,0.7746742773291111,42.70184838763002,-9.493219129193442,1.7193857784855713,68.485979341386
CHKP,Check Point Software Technologies Ltd,PASSA_FASE0,,0,139.67,1610187.4475743969,1.2022149229737793,0.7916719243093294,59.45919888037833,3.7174003445612502,1.0417547379923218,38.36674614568818
AVR,Anteris Technologies Global Corp. Common Stock,PASSA_FASE0,,0,7.9,1234861.584372841,0.7094673330606108,0.961865296082186,34.379822603674896,-11.756492599832413,2.7805032889321764,44.38557124423171
PGY,Pagaya Technologies Ltd. Class A Ordinary Shares,PASSA_FASE0,,0,16.19,3764258.196327952,0.9634667307106872,0.7942199102920898,46.13780222824766,-7.050177976805594,1.429299986560033,55.81679767653055
SGI,Somnigroup International Inc.,PASSA_FASE0,,0,68.4,2873667.783239825,1.698323282562861,0.6871359978604414,40.02055029983621,-6.295593563986824,1.0,39.079526408897394
SMP,Standard Motor Products,PASSA_FASE0,,0,40.51,129655.00215269839,1.1478554072655394,0.9058414563703411,61.96136401079491,5.771615817438902,1.3155577197687036,26.398890559854227
YTRA,"Yatra Online, Inc. Ordinary Shares",PASSA_FASE0,,0,0.8684,85459.26476314286,0.11892900552291415,0.31586478517764965,44.668354774048495,-2.2578394075141395,6.9250847511772236,33.720289790508026
PDM,"Piedmont Realty Trust, Inc.",PASSA_FASE0,,0,9.91,1097794.596991381,0.8662889549587267,0.6613690555759315,62.387766428666446,3.1056546844925315,1.2467857520327503,24.124263197928073
ANIX,"Anixa Biosciences, Inc.",PASSA_FASE0,,0,3.48,215725.82586406346,0.7866270871338852,1.4320783723408794,57.78572065232759,4.300914131575007,3.5087177098497664,78.13750388810344
SCL,Stepan Co.,PASSA_FASE0,,0,66.14,144605.6394059365,3.219221908249376,0.8447419145119816,79.47761405632752,14.3736598187729,1.0,49.21531759902455
TT,Trane Technologies plc,PASSA_FASE0,,0,446.8,1339183.860338937,1.7743664086039699,0.8027461942709043,35.64098884949762,-6.043951999983177,1.0,25.41702018452634
BALL,Ball Corporation,PASSA_FASE0,,0,65.84,2827531.6275718724,0.773827139543953,0.674165680298618,66.66965666113123,5.111073860325521,1.2104503506341397,28.666608178304553
FDX,FedEx Corporation,PASSA_FASE0,,0,308.61,1913942.5502418887,0.957945580533378,0.8765704608206851,41.00396239606524,-1.4346762396918455,1.323056179410622,20.349363455374732
VIAV,Viavi Solutions Inc. Common Stock,PASSA_FASE0,,0,32.23,7246197.809894872,1.3492589055401243,0.638686801373546,30.85561128781049,-20.175351694075694,1.0,82.52270341880681
SNYR,Synergy CHC Corp. Common Stock,PASSA_FASE0,,0,0.1708,2529054.224999175,0.0872190170972202,0.08634347607257065,33.4029582225909,-10.012907984510399,2.223320832877853,51.96580940945099
MWA,"Mueller Water Products, Inc.",PASSA_FASE0,,0,25.17,1212644.6157962221,1.091463297238122,0.9020515258596741,48.145332789453,0.35685093997328554,1.4828996066652995,27.087263599944883
SO,The Southern Company,PASSA_FASE0,,0,96.05,5846476.063595397,0.9044621548396623,0.7902653904763243,52.01374467529439,0.09326754237419799,1.3538100981661259,20.043783431978294
DKNG,DraftKings Inc. Class A Common Stock,PASSA_FASE0,,0,24.55,12281025.251649095,0.619069375379315,0.8804458686228139,47.47457334618657,-2.0946949681458937,2.491248799621597,36.67275487915427
NUS,"NuSkin Enterprises, Inc.",PASSA_FASE0,,0,5.29,710822.4044758253,0.637364589632048,0.8607055546845911,50.940938744474934,2.1334105608649567,2.0897203389509094,40.6343577548799
CASH,"Pathward Financial, Inc. Common Stock",PASSA_FASE0,,0,88.87,221343.5092479841,0.8595061917666451,1.0949181772849177,53.14160562247501,-0.237982981971685,3.330140666755692,35.40518242867552
TW,Tradeweb Markets Inc. Class A Common Stock,PASSA_FASE0,,0,108.18,1664912.5953822858,1.4478510329808079,0.8632059926231794,65.58733727890899,7.48884671561858,1.2163267528750838,27.88399523199972
APWC,Asia Pacific Wire & Cable Corp,PASSA_FASE0,,1,1.465,799630.7607110635,0.021325096954544997,0.03323541702293632,45.1934975860984,-3.44373043334979,4.5526206855905755,40.54777477036261
MB,MasterBeef Group Ordinary Shares,QUARENTENA,INTERRUPCAO,7,4.1299,,,,,,,
SRAD,Sportradar Group AG Class A Ordinary Shares,PASSA_FASE0,,0,14.95,2783640.665920842,0.46216434271031154,0.6683067810223613,50.68473920312273,-0.6677519019301692,2.278726013547175,41.75222775544518
EXFY,"Expensify, Inc. Class A Common Stock",PASSA_FASE0,,0,1.8,1336891.524314889,0.4071919209593102,0.7649622436047563,57.793642640272815,0.22271714922050823,4.068889546124175,67.99351360151368
LWAY,Lifeway Foods Inc,PASSA_FASE0,,0,31.4,175885.7265831905,0.36553464029721017,1.133196160110689,61.5823794287957,1.6962875996923144,12.872972606148899,35.67037912041318
JCI,Johnson Controls International plc,PASSA_FASE0,,0,139.42,4091717.875049111,1.744684387820682,0.9457056662439749,44.16025140452671,-1.7975375426140472,1.287416689199872,19.299810557127074
HBAN,Huntington Bancshares Inc,PASSA_FASE0,,0,16.84,22985699.550756242,1.3841643769672103,1.082825331412279,38.87700584419744,-5.454341296353493,2.155434964001748,28.514340171246545
BY,"Byline Bancorp, Inc. Common Stock",PASSA_FASE0,,0,39.15,320485.7159452063,0.8791702716983898,1.0360115347278593,68.07000541221554,3.4359766971822525,2.0862450470549043,21.522288235479515
IAG,IAMGold Corporation,PASSA_FASE0,,0,13.93,5657973.8712485405,1.0600920984764874,0.8420879348111886,36.86754770232913,-7.161184977839974,1.188620128843469,48.83018360641358
OPAD,Offerpad Solutions Inc.,PASSA_FASE0,,0,3.92,72051.13893806351,0.9038023188499261,0.7113874893575359,33.50304544055611,-19.91010317703543,1.4177256392969573,88.36004220291322
ASH,Ashland Inc.,PASSA_FASE0,,0,72.84,1044916.6890713015,2.709261604606093,0.6041457033957599,70.16161253861861,8.330792626248362,1.0,34.19180113666135
RIGL,Rigel Pharmaceuticals Inc. (New),PASSA_FASE0,,0,39.07,396116.80084680964,0.5639683998190083,0.927719972159847,54.39193834786547,-2.3524633696772823,3.332165972080868,39.49721600205275
RNGT,Range Capital Acquisition Corp II Class A Ordinary Shares,QUARENTENA,INTERRUPCAO,28,10.11,,,,,,,
CELZ,"Creative Medical Technology Holdings, Inc. Common Stock",PASSA_FASE0,,0,0.692,3270806.2157590166,0.023382398232434685,3.0796676010940267,26.089972070353824,-23.991124975286137,64.95403905765669,62.34232758674718
PXLW,Pixelworks Inc,PASSA_FASE0,,0,5.84,88434.48103209522,0.30147652680094367,0.3625938116599844,45.62236135651901,-2.0380776650172017,2.81028573917312,50.39704897256701
WMK,"Weis Markets, Inc.",PASSA_FASE0,,0,77.79,160897.7048728889,1.060172857473385,0.9743682993029829,51.32099633076063,-0.34907926341072315,1.4424421696707606,25.41259535552976
NEPH,Nephros Inc.,PASSA_FASE0,,0,3.2401,19131.22256742857,0.882181739327727,0.4639788252823139,40.90893210218108,-8.716849250811032,1.5979308719130396,58.84154970280772
PCTY,Paylocity Holding Corporation Common Stock,PASSA_FASE0,,0,144.79,777032.3361525714,1.4135978214390879,0.8734189169747002,76.51603423886517,17.507182392182962,1.6629135170286145,46.26626088643127
DTI,Drilling Tools International Corporation Common Stock,PASSA_FASE0,,0,2.29,291694.8828741746,1.5299085776300756,0.84258784083682,50.30157615169857,3.2927379341452623,1.596061641949895,36.09318412119373
CHCO,City Holding Co,PASSA_FASE0,,0,145.21,127522.86827344444,0.8971727745699154,1.1878614463214228,73.26640791916671,6.324868933602801,2.3258011620728705,21.83223063736947
COMP,"Compass, Inc.",PASSA_FASE0,,0,11.61,14084601.109483493,1.092602661818254,0.9262962506671505,54.04587255165817,-1.8472333770131688,1.2904062328608246,63.07927950520805
WILC,G Willi-Food International Ltd,PASSA_FASE0,,2,26.15,5373.4911093174605,0.8331878408129875,1.7320348982083238,25.49760848507252,-15.39270403623716,24.29370991516702,54.060991864110754
SWAG,"Stran & Company, Inc. Common Stock",PASSA_FASE0,,0,2.035,55816.520134873026,0.5428978898501325,0.4916549531839141,47.053138018413236,-0.9129640900790936,3.146015445305135,41.635249022937074
BLND,"Blend Labs, Inc.",PASSA_FASE0,,0,1.81,3292188.4555211742,0.5929055091076166,0.6390638200274554,55.25790399879551,2.202145680406553,2.5242924631783206,51.61952477945203
SNPS,Synopsys Inc,PASSA_FASE0,,0,373.69,1966748.2073259205,0.8546871887044969,0.9733160408716858,31.08797897889373,-9.065579415225155,2.997872678816075,41.61207823007669
GCTS,"GCT Semiconductor Holding, Inc.",PASSA_FASE0,,0,1.74,6186328.666200397,0.3938222102403053,0.3155194333742453,30.483609171848087,-22.66666666666668,1.203839501033449,52.536217843511835
BKKT,"Bakkt, Inc.",PASSA_FASE0,,0,6.85,1660310.2466376352,0.755019846887443,0.5821767940325857,36.00089223785773,-14.171156496679604,1.3993270562744948,70.9986551730972
ALK,"Alaska Air Group, Inc.",PASSA_FASE0,,0,45.84,3371630.6907689837,0.8761173182598121,0.9745186075236969,45.78974580472684,-3.7278168644334753,2.3372610326697623,45.913506062891344
SSB,SouthState Bank Corporation,PASSA_FASE0,,0,105.71,808020.9576534763,0.8689456864992731,1.081483708177418,63.087172172794695,3.638270963440826,2.5077928792502178,24.588634113159387
BDX,"Becton, Dickinson and Co.",PASSA_FASE0,,0,168.4,2714035.079066985,0.783557020955702,0.6398138407379783,68.83587249902851,8.014496007183848,1.2665082574387145,32.66564493479684
LION,Lionsgate Studios Corp.,PASSA_FASE0,,0,13.06,3455114.120224477,0.5953353344732246,0.702228169310256,39.219542997410684,-4.664574056500481,3.7777975201546976,31.0013077363052
CTEV,Claritev Corporation,PASSA_FASE0,,0,23.4,148979.0626956508,0.4913373590055278,0.7035147189025759,37.128958850398476,-18.085869812542676,3.3465825249901986,74.90094968310098
MYRG,"MYR Group, Inc.",PASSA_FASE0,,0,322.06,307508.09114869824,1.62428214764753,0.923278575618227,25.312235610156193,-20.30210269214875,1.0413417978981012,56.04078983074753
ALLR,"Allarity Therapeutics, Inc. Common Stock",PASSA_FASE0,,0,1.16,183587.09161273015,0.30954074712330976,0.5777044215661824,41.91178060980986,-3.232533889468203,7.567698803481974,58.606059186161644
FIP,FTAI Infrastructure Inc. Common Stock,PASSA_FASE0,,0,3.78,1082563.703015746,1.4018450618419878,0.8121211168623601,32.935058095817666,-12.48987151290658,1.0,43.005987335060645
CAMP,CAMP4 Therapeutics Corporation Common Stock,PASSA_FASE0,,0,3.27,189248.06700233335,0.49021282998814547,1.0134747866890244,37.00499800000053,-15.042868277474653,3.9207280176454384,72.00545116306728
GD,General Dynamics Corporation,PASSA_FASE0,,0,380.96,1301828.5555904445,1.4872550757152954,0.8771771562107312,59.06119738573415,1.582290294539579,1.0,21.629366120380862
KOD,Kodiak Sciences Inc Common Stock,PASSA_FASE0,,0,40.01,717160.0556258888,0.7216907514227098,0.9549607796906657,50.46911296163772,-1.6518361929108605,1.943726846424261,51.546929707777025
ATCX,Atlas Critical Minerals Corporation Common Stock,PASSA_FASE0,,0,2.98,19512.66712066667,0.28324089889005255,0.5473469398008723,35.72154449125735,-10.423085594048231,3.510478825134402,81.09532733866939
DG,Dollar General Corp.,PASSA_FASE0,,0,128.68,3410924.882537207,0.5299459401909835,0.7454784777637251,62.689750948332964,6.755602014319284,2.690715152067727,39.165505684750244
EIX,Edison International,PASSA_FASE0,,0,78.63,2537678.981842873,0.7875210860601835,0.8974481996444706,59.01606942031202,2.016191810680379,1.6504236075335934,21.003581642309616
SKIL,Skillsoft Corp.,PASSA_FASE0,,0,7.39,113558.58705538098,0.7910916411031829,0.9426459521537139,58.8144179612654,7.514366770931846,2.9283352775105205,105.84912705582316
CECO,Ceco Environmental Corp,PASSA_FASE0,,0,59.82,938081.5043959366,2.6240869108192415,0.8279767336490133,22.425394205220954,-24.24323973493999,1.0,61.99541435753248
SBAC,SBA Communications Corp,PASSA_FASE0,,0,186.29,938787.4218712065,1.7215039119822364,1.0245624516308305,52.81395407516843,2.502448525932377,1.0,34.51434412304313
ECL,"Ecolab, Inc.",PASSA_FASE0,,0,283.7,1623060.3206504919,0.946609834223067,0.7311207452712304,62.147510629223135,3.5405238705250808,1.2299112298370005,25.4206078731925
VRSK,"Verisk Analytics, Inc. Common Stock",PASSA_FASE0,,0,213.15,2358810.0050435243,1.4422856137661777,0.7721950138275723,70.4144438457931,9.0712314712591,1.0,35.19913848401169
NGS,"Natural Gas Services Group, Inc.",PASSA_FASE0,,0,35.53,126316.77770839685,1.020598505383107,0.9683647737537939,32.960794574249945,-8.822623691233822,1.3533371418777724,46.84207841120843
CNK,"Cinemark Holdings, Inc.",PASSA_FASE0,,0,34.89,2312712.811389905,1.5778615305918258,1.103737683056704,70.16022339312083,11.773185968284473,1.1936930982375278,34.77165105083916
CURB,Curbline Properties Corp.,PASSA_FASE0,,0,30.7,1172782.4576021747,0.9167508356743401,1.4640905727125502,49.22690877706971,-0.4313560146596118,2.165422275988181,22.70761387025646
SGRY,"Surgery Partners, Inc. Common Stock",PASSA_FASE0,,0,16.41,1503410.8854421428,1.9772457275781763,0.9301302799025561,55.79455493547903,1.647670961347858,1.3849479274616334,56.69308186963937
MANU,MANCHESTER UNITED PLC,PASSA_FASE0,,0,23.38,348555.38160720625,0.4796600590359195,0.6289465084660385,62.923149164375346,4.066053902477007,2.249673030781429,21.863232134317396
KEN,KENON HOLDINGS LTD.,PASSA_FASE0,,0,63.83,27727.333271492065,1.09187037446284,0.8166784819992704,37.441305609584326,-5.575526265181441,1.3874245236694376,40.32276298078093
KE,"Kimball Electronics, Inc.",PASSA_FASE0,,0,23.45,191566.4826327778,1.0438354568075436,1.0846198678562495,38.68831475718254,-5.219974536709593,1.5155109754114102,34.91677156783396
MNDO,Mind CTI Ltd,PASSA_FASE0,,0,1.07,51254.559622587316,0.6306224312140208,1.029654391560568,58.04948810984037,3.448609244631773,4.220767544116248,54.229223008716986
VNT,Vontier Corporation,PASSA_FASE0,,0,32.25,1901165.4508030796,0.8438458216060705,0.7624671618279609,66.17802037068122,7.65610134695307,1.2829539875912241,25.510676236884898
EDUC,Educational Development Corp,PASSA_FASE0,,0,1.39,151133.18025233332,0.1338386393128766,2.4002764446518645,30.86792830687594,-6.976744186046524,40.787847014023384,25.36257993090576
BLLN,"BillionToOne, Inc. Class A Common Stock",PASSA_FASE0,,0,132.52,739706.6854320001,0.8260111429129009,0.849486799406202,62.02942509030199,4.675318520390848,1.3954626390084914,47.635672296412196
GTLB,GitLab Inc. Class A Common Stock,PASSA_FASE0,,0,34.03,5778467.140032207,0.7889306294161241,0.7053939879591287,59.95260273264408,4.633643882790639,2.232181031533845,53.3585995093076
MLAA,Mountain Lake Acquisition Corp. II Class A Ordinary Shares,QUARENTENA,SERIE_CURTA,3,9.95,,,,,,,
BWFG,Bankwell Financial Group Inc,PASSA_FASE0,,0,68.06,67561.9074064127,1.1275142269409875,1.2994557694239546,78.63577349398894,12.927043753836976,2.8298800230964165,30.78534699922563
BXC,BlueLinx Holdings Inc.,PASSA_FASE0,,0,55.26,148259.12178093646,1.0562488921078705,1.0205253604652396,46.89048130098577,-2.4700182670161275,1.9561447309504856,68.35204738123599
FUNC,First United Corp,PASSA_FASE0,,0,44.73,22911.332447968256,3.470129058646277,1.1835528279131002,55.25817051641165,0.2162053166343325,1.0,27.4676336713727
ILMN,Illumina Inc,PASSA_FASE0,,0,194.82,1877602.228494524,0.902260888645372,0.9340395164791235,60.420427692559144,2.2132564539103727,1.7364710617399528,35.77144561259472
GDDY,GoDaddy Inc,PASSA_FASE0,,0,105.1,2500526.663621286,0.7915229729390963,0.6569205912605638,70.77351769222469,14.264591566599073,1.1580633690410977,47.64305172463338
MAX,"MediaAlpha, Inc.",PASSA_FASE0,,0,13.8,793533.5649389365,1.5988511128431364,1.3037672073235018,64.08335270031746,0.8035062089116085,1.4602540807207451,39.13365580548959
UVV,Universal Corporation,PASSA_FASE0,,0,54.8,246397.8989463809,0.8387263057952119,0.9078494773607142,61.227686034131274,4.4227214695401695,2.40885590860408,23.267541106444842
CVCO,Cavco Industries Inc.,PASSA_FASE0,,0,565.24,127156.30874971428,1.072923600767127,0.7393158871774124,46.98425321251789,-1.4553141412600445,1.0409105627616662,32.21622895810636
SDHY,PGIM Short Duration High Yield Opportunities Fund,PASSA_FASE0,,0,16.01,71305.89326850793,0.6780996350178922,0.81542939911994,47.41916830240288,-0.34235916588855053,2.0744509980892363,6.727713594531376
SOLV,Solventum Corporation,PASSA_FASE0,,0,88.55,1680287.472278175,1.0507174318203312,0.6145154752240557,71.94829090635079,12.110603979261757,1.3105959334487476,36.142620007965256
MMSI,Merit Medical Systems Inc,PASSA_FASE0,,0,80.84,838626.2365125078,1.5913531545600479,0.8212254767955597,72.5940848291957,9.883985673216134,1.0,30.29166385362497
PLAY,"Dave & Buster's Entertainment, Inc.",PASSA_FASE0,,0,10.25,1752651.8145082064,0.5699416952569634,0.7877641847298787,46.10723622477819,-0.9948807109050439,2.158953953712845,65.07451297747087
BZH,"Beazer Homes USA, Inc. New",PASSA_FASE0,,0,32.49,607580.6176407938,0.39408585589304973,0.6819946914019674,61.42856881844829,2.9255698287741883,7.487746696285554,48.32459365066182
DNUT,"Krispy Kreme, Inc. Common Stock",PASSA_FASE0,,0,3.26,2666470.751367872,0.6869722956650883,0.9569563005614654,44.66443676660514,-2.3513553991313496,2.2455746704343897,44.503627833292875
KFRC,Kforce Inc.,PASSA_FASE0,,0,59.06,253029.27096814287,1.2563268898127717,1.0907095755826481,66.63840193954672,6.223976834324052,1.5972092010528474,48.74744837680957
SMPL,The Simply Good Foods Company Common Stock,PASSA_FASE0,,0,10.25,2431519.2021210953,1.0356251161226036,1.1330357939562323,34.42715775520915,-13.578685552885617,2.761453075147419,55.79832188001017
PLUS,ePlus Inc,PASSA_FASE0,,0,93.11,245000.85272563488,1.3236970715003034,0.9271494613125999,66.07232112876342,6.2723635927843135,1.049607587137436,28.98456512110731
GL,Globe Life Inc.,PASSA_FASE0,,0,179.68,634673.675194127,1.4493623655993604,1.0367312083906624,56.212057139144314,0.15384272368510477,2.0489766065467485,30.38113496631578
RKDA,"Arcadia Biosciences, Inc.",PASSA_FASE0,,0,0.65,3044762.0392826507,0.0037035102101629956,0.025387721295343613,41.24307850229869,-2.8458687074016553,39.79767329247935,64.08547992153316
AXR,AMREP Corporation,PASSA_FASE0,,0,23.3,9587.618869015874,2.102068644502626,0.8269086219646298,36.01175235214384,-7.024999501207086,2.210384866590886,41.531890421218435
GNK,GENCO SHIPPING & TRADING LTD,PASSA_FASE0,,0,25.22,330836.39861601585,0.8516225940544395,0.7589693237660716,51.54508060303667,0.12306959387033967,1.2709800859806433,42.78973885621902
FTS,Fortis Inc. Common Shares,PASSA_FASE0,,0,57.56,724409.304053619,1.0806459821546643,1.0088587747232411,48.88558985542804,-0.5184929139301575,1.7514072923518724,17.34177492785496
PFS,"Provident Financial Services, Inc.",PASSA_FASE0,,0,24.07,1028433.5441308732,1.2193432476949826,0.9344027586796231,57.332433925458204,1.2301545578803585,1.2602299109701607,21.62329631060853
XELLL,"Xcel Energy Inc. 6.25% Junior Subordinated Notes, Series due 2085",PASSA_FASE0,,0,23.065,70919.46784834922,1.1534496121279638,1.2433283671304716,34.79830245699519,-1.3462504945518816,1.0136807653955309,6.965481667603568
ALT,"Altimmune, Inc. Common Stock",PASSA_FASE0,,0,2.92,3905036.370090937,2.1258087287037704,1.0358451135206466,50.149384558859246,-1.4013169002194847,2.0650368270141626,40.513128542767944
L,Loews Corporation,PASSA_FASE0,,0,118.94,890617.2756049365,1.3965283554220178,0.8643697200569809,67.94960766530224,2.7404064180361454,1.0,16.36852992369269
ALNT,Allient Inc. Common Stock,PASSA_FASE0,,0,78.97,279469.0532032064,1.1791963377797676,0.987979227696765,36.271520061057196,-9.859315697856918,1.3102152214431018,62.989256484555426
VIA,"Via Transportation, Inc.",PASSA_FASE0,,0,20.67,976392.5410164444,0.9305865215562898,0.8666457406902688,67.3954714209866,11.17087075781209,1.380573136614157,56.68768568500331
AVT,"Avnet, Inc.",PASSA_FASE0,,0,83.59,1352669.4012640475,0.7586582635224984,0.73342425347211,42.18815295618378,-2.824924436177645,1.7864564950296427,38.301201328329945
HOPE,"Hope Bancorp, Inc.",PASSA_FASE0,,0,14.12,1033177.2003716349,1.1899781424916873,1.0299710185140813,64.33027217979355,3.7129531014727046,1.450739926372602,24.844198728339993
AWRE,Aware Inc,PASSA_FASE0,,0,1.11,52709.81157669841,1.9649089280900693,0.725769812415941,37.66685514885781,-9.461663947797705,1.2136872478076313,58.28462943944619
RDCM,Radcom Ltd.,PASSA_FASE0,,0,12.72,210423.33534746032,0.5859167792223099,0.5621267972355976,37.608166897512376,-7.695656906498305,1.8266626314792078,28.444552645497406
SWX,"Southwest Gas Holdings, Inc.",PASSA_FASE0,,0,91.8,539067.8989337459,1.0334770182697748,0.8718448815141991,53.16027151209003,0.2566482826407368,1.0963823678007163,16.180615895489524
NMM,Navios Maritime Partners L.P.,PASSA_FASE0,,0,78.01,128137.87236268252,0.6220767887684573,0.8674152624604508,59.08922306993533,3.9488850246180762,2.965156417349116,33.86562398159592
NBHC,NATIONAL BANK HOLDINGS CORP.,PASSA_FASE0,,0,42.57,388336.2000463015,0.964920235142443,1.0862245156108448,40.478211083821016,-4.092460545436127,3.3272437677985125,26.52291898812403
PHR,"Phreesia, Inc.",PASSA_FASE0,,0,11.14,1257655.4174014286,0.46633661904928536,0.6003825693337265,61.37378038708177,4.121880549584089,1.7140878094886582,41.02006033730912
CR,Crane Company,PASSA_FASE0,,0,206.73,531982.1762843016,2.0948754220092964,0.8547817347181841,40.29045335184373,-5.433037368428273,1.0,37.15965409096479
IMMR,Immersion Corp,PASSA_FASE0,,0,7.33,619681.295006365,1.1416949273783277,1.1130660432991046,60.43260642455746,7.9926335174953955,4.14032090879388,69.76110850063391
AGO,"Assured Guaranty, LTD",PASSA_FASE0,,0,84.33,403482.1001408412,1.0382965415659458,0.7609084634404668,58.37666815485779,0.5496667421812651,1.0,18.396634108219416
P,"Everpure, Inc.",PASSA_FASE0,,0,69.25,3273179.0844594445,1.1452936612779605,0.7263884026405639,41.923995859864625,-7.032629197795648,1.0,59.86925130035428
PEGA,Pegasystems Inc,PASSA_FASE0,,0,30.95,2584163.8846744443,1.404717046361134,1.4371713835071183,51.14751363501772,1.4762416085377428,3.8649721413462883,78.35187254541943
DXCM,"DexCom, Inc.",PASSA_FASE0,,0,75.14,5688944.160080526,1.1021649421816873,0.7522399440672091,55.30120955806121,2.0106164894988954,1.0590007572248552,40.57064249410038
BURL,"BURLINGTON STORES, INC.",PASSA_FASE0,,0,371.13,792770.270430381,1.0296010199119592,0.7794242273095088,67.43748563859788,9.46108561518586,1.0859799487677695,31.04931553773828
BANX,ArrowMark Financial Corp. Common Stock,PASSA_FASE0,,0,20.15,34798.11263342857,2.0420304052851947,0.8133073342765806,60.95471383276164,1.1495406857085388,1.0,10.242386117718032
EWBC,East-West Bancorp Inc,PASSA_FASE0,,0,130.28,928917.3204333491,0.8340253182582232,0.9973731716833949,49.17475409326818,-0.927003247172975,1.9105607263440083,20.67989631856647
BWXT,"BWX Technologies, Inc.",PASSA_FASE0,,0,157.44,990578.2987477143,1.3308435329126393,0.8446640381988588,28.073549147002623,-11.892843252197238,1.0,42.20806262399429
SAFT,Safety Insurance Group Inc,PASSA_FASE0,,0,103.1,175101.50845947623,3.0012289948240003,1.7106347404395512,85.79358464025383,27.634551700659205,3.7412376604222,121.92654054811835
AYTU,"AYTU BioPharma, Inc. Common Stock",PASSA_FASE0,,0,2.08,35201.86571974603,1.2129955537001027,0.6646629053946862,41.089589448698305,-4.12537451025583,1.0257241805965946,32.785004116279005
STOK,"Stoke Therapeutics, Inc. Common Stock",PASSA_FASE0,,0,29.48,713258.0938378571,0.9817471553490472,1.1117336349276812,45.146157991129805,-2.8601555291946634,1.7003487799122847,39.32392178763805
CALC,"CalciMedica, Inc. Common Stock",PASSA_FASE0,,0,0.7428,1268111.8564014288,0.2287277024481838,0.28659133139380094,46.5179039903346,-8.865045917146707,3.2470966571390325,94.55824627911105
NOC,Northrop Grumman Corp.,PASSA_FASE0,,0,535.05,963320.7856510159,0.7899267850477711,1.0566299038303393,50.12410237614954,0.12397370821735088,3.2156420540866306,30.514682722030983
CHNR,"China Natural Resources, Inc.",PASSA_FASE0,,0,3.71,95494.72879317461,0.08892639423472509,0.40639216030920633,46.057753624162494,-2.2430091235466465,74.22361166087353,54.97811569281853
MBWM,Mercantile Bank Corp,PASSA_FASE0,,0,60.43,134997.0041603651,1.1251379587843826,1.0019643493700787,64.15503304721932,4.116952817429209,1.8360452873118869,27.644263701728043
ZEO,Zeo Energy Corporation Class A Common Stock,PASSA_FASE0,,0,0.513,75671.3766478254,0.12977415326673863,0.7428152001456331,33.06801390346433,-11.277142190053679,20.86112266032046,61.51298463425271
ONCY,"Oncolytics Biotech, Inc. Common Shares",PASSA_FASE0,,0,0.7516,1420350.934699302,0.6390654212722193,1.1133794695481303,34.777434241304604,-12.366716608466021,8.972004972632307,73.01432258466805
FLWS,1-800-FLOWERS.COM Inc,PASSA_FASE0,,0,3.93,531167.5550974604,0.26463871055755317,0.6222583741541865,49.336219652642384,0.42161747796090054,4.484467791323739,47.4475819149164
DDOG,"Datadog, Inc. Class A Common Stock",PASSA_FASE0,,0,264.2,5602337.035530951,1.1818724055602063,0.7076600839152509,59.70505517219646,2.3428057888376097,1.0,39.37742765279636
WHWK,"Whitehawk Therapeutics, Inc. Common Stock",PASSA_FASE0,,0,3.66,488026.9920216985,1.472331370880512,1.03849630388193,38.321145806271296,-6.153846153846143,1.4494230708456597,43.04621418071249
MPLX,MPLX LP,PASSA_FASE0,,0,57.79,1794380.7090363654,1.21375777615087,0.7831951476854452,54.24927594603895,0.9220774684782107,1.0,18.012776826218005
WEN,The Wendy's Company,PASSA_FASE0,,0,7.65,17828800.997895233,0.3765932195738592,0.7017158697476991,52.416439391793396,-0.286757038581853,4.5417233244862905,58.4860284323133
TTE,TotalEnergies SE,PASSA_FASE0,,0,86.75,1580590.2159360475,0.7896136557766075,1.137252325553292,61.75508272199923,7.006950826142999,2.8476116008438566,32.534867971395634
SGLY,Singularity Future Technology Ltd. Common Stock,PASSA_FASE0,,0,4.51,64001.94083352381,1.125464711521219,2.8819314311627355,57.35140638374192,13.87681104529317,31.350304163324566,95.61860942004144
MFC,Manulife Financial Corp.,PASSA_FASE0,,0,43.92,2076293.2231475555,1.2323339724651994,0.7129913710867968,66.54954764181215,3.455586177655312,1.0,17.56149844270449
BIIB,Biogen Inc. Common Stock,PASSA_FASE0,,0,209.23,1253615.3006203647,1.9146018644078837,1.1308299144755358,55.8035945128551,2.810420101174138,1.592365369978868,51.54767837538034
CEPO,"Cantor Equity Partners I, Inc. Class A Ordinary Shares",PASSA_FASE0,,0,10.66,93933.17802768254,0.27573856803148783,0.9768909764493136,53.24036884709402,0.34546703943219015,12.740407165746497,59.99245179586835
LZB,La-Z-Boy Incorporated,PASSA_FASE0,,0,40.93,541816.1185441429,0.6598823895101062,0.7325149210311185,58.90176240025894,3.3116260285728893,1.9552539292675934,24.587268465837088
CUPR,Cuprina Holdings (Cayman) Limited Class A Ordinary Shares,PASSA_FASE0,,0,3.21,3110998.0397710945,0.0042335837675323935,0.4401483470028167,40.94551972295185,-26.066678182760395,31.037307401831452,93.31715498307301
PSQH,"PSQ Holdings, Inc.",PASSA_FASE0,,0,3.7,56410.173254333335,2.7322270865948872,2.26592145507869,36.416734162952864,-18.91344009730389,10.223580988971273,177.789959977664
FN,Fabrinet,PASSA_FASE0,,0,414.5,985128.2256543492,0.8253883789330143,0.7933207336031217,31.829002496070387,-14.507349892850584,1.6117443470237665,68.28011389576278
STEX,Streamex Corp. Common Stock,PASSA_FASE0,,0,0.6885,1693344.7431793492,0.7507877322564473,1.0907254695835609,35.88373865601295,-18.93037549895794,10.393316027750483,119.47888775978248
WLKP,WESTLAKE CHEMICAL PARTNERS LP,PASSA_FASE0,,0,21.9,28863.9590798254,0.5194401976366263,1.0493725974521861,40.12655732582374,-0.7207942336461604,7.18287271022207,9.537815418008345
PXS,Pyxis Tankers Inc. Common Stock,PASSA_FASE0,,0,4.59,50401.02388566666,0.4436890776411299,0.5639106490152618,63.33315048894471,5.974025974025965,2.790249391927528,15.680803194764458
FNGR,"FingerMotion, Inc. Common Stock",PASSA_FASE0,,0,0.2412,740206.5469124286,0.252281538148963,0.47285516893416324,24.64541050440762,-27.552338329378546,11.941338103588487,100.6788295384697
SUIG,Sui Group Holdings Limited Common Stock,PASSA_FASE0,,0,0.87,370257.36351947614,0.6143123570533272,0.8370981162943072,26.47628768680923,-22.84566472450581,3.111702151913847,71.00332238876356
QUAD,"QUAD/GRAPHICS, INC.",PASSA_FASE0,,0,9.29,195628.8773116032,4.815542111226564,0.6913651461875868,72.15686534482448,9.720089760245653,1.0,42.67310470072704
BKV,BKV Corporation,PASSA_FASE0,,0,23.31,821285.1269819841,1.9801084779545428,0.8944376787675763,31.127621410836028,-9.792767167817962,1.0,31.18748322429572
UPB,"Upstream Bio, Inc. Common Stock",PASSA_FASE0,,0,6.41,573272.1444258412,1.2259065386891685,0.8389617580996322,35.295771133917796,-9.635581870726728,1.15179019801011,45.099570924238996
LIVE,Live Ventures Inc,PASSA_FASE0,,3,9.73,9831.83435393651,0.2554335222291945,1.2434026181447342,43.07317785030955,-6.3411290947480214,18.477057490428553,51.46915129968575
RMBS,Rambus Inc,PASSA_FASE0,,0,82.81,3116518.4558907775,1.2831011589199919,0.9783322183829243,28.10811412826193,-20.477843558090736,1.403099571009833,69.37577780088466
AMBP,Ardagh Metal Packaging S.A.,PASSA_FASE0,,0,4.96,2150424.121200191,1.4100569183876448,1.4996072483656318,60.26275724953983,5.4982452408805615,3.6809775086576058,50.67454206829709
ONEG,OneConstruction Group Limited Ordinary Shares,PASSA_FASE0,,0,1.05,1080430.297554413,0.018580445536782977,0.06243881906704167,42.207410183995194,-5.660377358490576,11.423011564509617,46.5944717295869
TDC,TERADATA CORPORATION,PASSA_FASE0,,0,30.63,2976213.3458216987,0.8940913827840276,0.9742963220516782,47.0392519133855,-3.9254740209839545,2.0244844193648044,50.60311520171066
RDI,"Reading International, Inc Class A Common Stock",PASSA_FASE0,,0,1.43,30305.658541396828,0.63121030925198,1.1267793778216337,59.65854536192224,6.677011104107056,10.149390142394596,57.37725168926957
JBL,Jabil Inc.,PASSA_FASE0,,0,287.14,1343502.8145273488,1.1661325718712199,0.8416302568675286,31.1053434023039,-10.538810964401224,1.0801274752941505,48.81908224270985
AUGO,Aura Minerals Inc. Common Shares,PASSA_FASE0,,0,54.5,987547.0155869683,0.5746113342975588,0.9098818827885659,42.78241686847179,-4.641926058124679,3.143760347883789,86.90556450766638
MORN,"Morningstar, Inc.",PASSA_FASE0,,0,198.66,495002.26839020627,2.091398852178437,0.7909402216527223,71.77928505486811,15.488249742032068,1.0,42.58896723794152
HALO,"Halozyme Therapeutics, Inc.",PASSA_FASE0,,0,83.28,1825441.3981315712,0.8952688429427239,0.9760768257835228,68.08655036686098,5.363372690669066,1.605379287907415,29.069925730418827
NEU,NewMarket Corporation,PASSA_FASE0,,0,787.62,105959.23386579366,0.9888922998793631,1.08550352626352,55.7256344575483,1.7190154582889638,1.5311802246297406,22.733638321279162
RUSHA,Rush Enterprises Inc,PASSA_FASE0,,0,81.62,498392.50111914286,2.3241433359108568,0.8619374117796094,70.13822643475493,7.7406410053329155,1.0,31.990126004737824
KNSA,"Kiniksa Pharmaceuticals International, plc Class A Ordinary Shares",PASSA_FASE0,,0,80.92,804485.0543120796,1.7160493904520147,0.9436756077419283,79.14415454672255,24.580472334267323,2.082450222114624,88.25649192936234
CSWC,Capital Southwest Corp,PASSA_FASE0,,0,23.61,671748.9020644287,0.8120912615152709,0.9701346131787137,48.87059034697321,-0.7002712762601893,2.395646717680176,15.1414488943756
SKYW,Skywest Inc,PASSA_FASE0,,0,109.66,435637.570224143,1.339965832845078,1.0586184791873392,65.5021996201589,9.427466633404013,1.3407902603705308,46.8217566052535
CPNG,"Coupang, Inc.",PASSA_FASE0,,0,15.16,23575265.49833754,1.1330399058327734,0.7667219690274514,34.02059152204079,-11.70132215038735,1.3768116786749485,39.97605591861289
HOWL,"Werewolf Therapeutics, Inc. Common Stock",PASSA_FASE0,,0,0.46,744522.0929754444,1.2991805221781405,1.0966630854326833,63.59760298214269,22.571877747874968,3.089588964137135,102.83968989204513
GIII,G-Iii Apparel Group Ltd,PASSA_FASE0,,0,36.54,566497.9686474445,0.5706736461595224,0.8567621106431648,62.1330792064246,4.670648390839172,2.8235886035335427,24.492093444906267
NCMI,"National CineMedia, Inc.",PASSA_FASE0,,0,4.03,380425.9226022381,0.49821573606110764,0.8446325968190205,59.97061814648308,3.7924151696607122,3.518024282702711,43.405619885203954
STE,STERIS plc,PASSA_FASE0,,0,234.83,817102.7218548254,1.1296011756230442,0.8659067109786933,68.21356359279034,8.668792255329771,1.4090435457321684,36.88591532100658
SBH,"Sally Beauty Holdings, Inc.",PASSA_FASE0,,0,15.4,1565078.73932773,0.7935050447701115,0.8271690323349361,62.39418283517612,4.584040747028872,1.7063916084572892,32.033933285799584
ACIC,American Coastal Insurance Corporation Common Stock,PASSA_FASE0,,0,11.05,296921.65408773016,1.2327877145593678,0.8531737204528738,57.45892720788337,2.55696320014851,1.0995643790160763,39.67414005611224
GTM,ZoomInfo Technologies Inc Common Stock,PASSA_FASE0,,0,3.5,11811135.633957636,0.6395591341696292,0.7024485738620515,64.01045955706533,15.435356200527695,1.9965275391108819,52.601834320398645
LPLA,LPL Financial Holdings Inc.,PASSA_FASE0,,0,337.78,985222.5286157618,0.7952610407466328,0.7447867846783937,66.14908690330378,5.47730682817078,1.4126235720131157,27.522838153652007
NLOP,Net Lease Office Properties,PASSA_FASE0,,0,11.81,155636.9416751746,0.7035082288144503,1.0185908005383075,55.11717374984768,3.234265734265729,3.2327647521756475,30.084258956295564
TRV,"The Travelers Companies, Inc.",PASSA_FASE0,,0,389.01,1809306.170292746,1.9438475181206873,1.0884299473503243,74.61847477263316,8.98287135869289,1.2252458342851038,37.15528882668446
CFBK,CF Bankshares Inc. Common Stock,PASSA_FASE0,,0,36.31,65000.75732984127,1.1720122612021577,1.2085723864679445,80.6291026953126,10.515062280761867,2.99905565818873,27.958929573047346
ZVIA,Zevia PBC,PASSA_FASE0,,0,1.64,1081346.1264319997,0.46237908455987975,0.5519949943058643,53.11926948945766,-1.9138755980861233,2.962551248465591,57.11964798924816
CDNA,"CareDx, Inc.",PASSA_FASE0,,0,35.41,908317.9942114442,0.8196233321143426,1.1598340389169475,61.87236659438835,6.424224209181761,6.0237621364578695,112.09440751350361
IPW,"iPower, Inc. Common Stock",PASSA_FASE0,,0,0.57,1022732.8154973969,0.24958186920878134,2.368278397563616,16.877006167933942,-52.28967699274302,64.02072208531918,125.26947149019053
AROC,Archrock Inc,PASSA_FASE0,,0,35.13,1928093.2596663493,0.7993182693049262,0.8477953219054704,38.43431578812497,-6.211204997797437,1.7250528335119535,42.51155183992242
NXTT,Next Technology Holding Inc. Ordinary Shares,PASSA_FASE0,,0,0.5421,144669.93866033334,1.2025574828469974,1.2820844751035758,22.760104354988272,-41.61770961783886,2.4961248788608996,127.68196483508298
RCUS,"Arcus Biosciences, Inc.",PASSA_FASE0,,0,26.45,1238003.9222360156,0.6915666632700534,0.8763160073245114,42.24282061694947,-7.865403371882396,1.9445281478889358,47.81207376269532
EAF,GrafTech International Ltd.,PASSA_FASE0,,0,7.06,340492.72660039685,0.9620134756136028,1.1115291684026796,50.25726178809485,8.157793948678659,2.0994751426085396,96.5267587583019
ANGX,"Angel Studios, Inc.",PASSA_FASE0,,0,3.92,1302356.0025196034,1.0149044767535476,1.034355549911648,52.36325481046531,-2.122347066167307,1.48575926613002,57.513959878036644
FLYE,"Fly-E Group, Inc. Common Stock",PASSA_FASE0,,0,1.655,96300.70179092065,0.06358221680765867,0.13493747468126077,38.60065421605537,-14.719455478312693,14.709260839121972,84.40902692423936
DKS,"Dick's Sporting Goods, Inc.",PASSA_FASE0,,0,205.99,1175498.2023844125,0.8976380302893366,0.9094302320616001,40.47469978025046,-4.311309930273932,1.4517472099684232,33.56903386096025
DCO,Ducommun Incorporated,PASSA_FASE0,,0,169.57,272854.89609250793,0.8503374582669648,1.1971349305799357,48.052842135977286,-3.116697614626507,3.7423723521071692,44.52735192149457
MYFW,"First Western Financial, Inc.",PASSA_FASE0,,0,31.37,60572.15000123809,0.870275833314857,1.2734490582235127,45.59541067401778,-3.9806553312621396,5.412783496912079,29.592270287285256
PNBK,Patriot National Bancorp Inc,PASSA_FASE0,,0,1.05,511981.29138760315,0.30420071283833466,0.9858294728937456,42.01308922709354,-9.871244635193133,22.067437133295705,109.46592471056793
BRFH,Barfresh Food Group Inc. Common Stock,QUARENTENA,SERIE_CURTA,2,1.64,,,,,,,
TPVG,TRIPLEPOINT VENTURE GROWTH BDC CORP.,PASSA_FASE0,,0,4.53,287384.6211846031,0.657055784146172,0.8525865677838753,40.65737688363604,-3.029005672696128,3.0776663839920935,33.229839964504855
NREF,"NexPoint Real Estate Finance, Inc.",PASSA_FASE0,,0,16.87,62873.920104730154,0.5937237773598213,0.8580901940857525,60.502061746352155,2.4659863945578175,2.917143990212436,23.124796970463144
MSEX,Middlesex Water Co,PASSA_FASE0,,0,57.25,159495.84778834917,0.5567358760513541,1.2855040742397756,59.51916623438015,1.8610775033805593,10.958583683734258,23.769151151643626
ALOY,REalloys Inc. Common Stock,PASSA_FASE0,,0,7.49,2460267.000675858,2.916783915732588,0.8972143187126278,33.52478848079765,-27.05492793143748,1.0,99.25609549020284
SW,Smurfit Westrock plc,PASSA_FASE0,,0,48.26,5696169.941655016,1.0648874469211491,0.9674006424235188,59.331872171862344,6.9106456508013725,1.5684226319232484,55.73510973993924
MDWD,MediWound Ltd.,PASSA_FASE0,,0,14.35,87948.43611031746,0.8680198256537758,0.8256745906210735,46.31171099856446,-1.1639920104690504,1.7069100411863047,26.63725455659026
O,Realty Income Corporation,PASSA_FASE0,,0,65.54,5926932.90401743,0.7409602669168474,0.8765837100478456,60.722441884802684,1.808127252392211,1.7493481285107448,20.659503081111357
DOCS,"Doximity, Inc.",PASSA_FASE0,,0,21.63,4005864.453297731,0.7830244691491736,0.7330797692222588,52.71068222413972,-0.06006561012799061,1.4580274770856343,38.687194963051454
MRTN,Marten Transport Ltd,PASSA_FASE0,,0,15.01,853448.3885857459,1.0061469689291316,0.7407330301038294,26.9616400862336,-11.6851023770299,1.163122178843399,30.0260342852172
GHM,Graham Corporation,PASSA_FASE0,,0,88.29,262328.6043079841,1.723658872099744,0.9276954852534287,30.0822523543075,-17.333782758911276,2.2358871685575012,60.91272016968876
RMD,ResMed Inc.,PASSA_FASE0,,0,214.29,1549158.292276222,0.8555274016463674,0.9197104193163402,61.83278689162264,5.569897134749535,2.808341052860173,44.54773080210321
HHS,"Harte-Hanks, Inc. Common Stock",QUARENTENA,ILIQUIDEZ,6,2.205,,,,,,,
SDOT,Sadot Group Inc. Common Stock,PASSA_FASE0,,0,14.27,3762658.2016608412,0.09869395963127478,0.8457014949001678,44.46247189931841,-45.32776521972337,64.61632174266121,459.9176939583513
NNI,"Nelnet, Inc. Class A",PASSA_FASE0,,0,138.04,130529.3354249365,0.7918000297292197,0.7182255858792181,64.69183663518393,3.2638374589495367,1.2835102432653747,16.6558063909519
SKWD,"Skyward Specialty Insurance Group, Inc. Common Stock",PASSA_FASE0,,0,62.52,522131.1857587778,0.8723894556787491,1.1465248781765303,64.4118592841063,4.146191134580457,2.377162073263648,35.92292419383536
BBT,Beacon Financial Corporation,PASSA_FASE0,,0,29.84,826515.480082159,1.467834806928727,0.8566189157182768,46.14738481625908,-1.2868437593039905,1.0,19.59315002182809
PYPL,"PayPal Holdings, Inc. Common Stock",PASSA_FASE0,,0,58.35,17430972.356218714,1.0762158458799531,1.1263579762820144,78.84753052860466,12.933662360284504,4.850619460535679,58.31531474624253
MDA,MDA Space Ltd.,PASSA_FASE0,,0,28.76,1462261.114409508,0.9765732300716063,1.3786301842944584,34.22421710213038,-14.459497642877327,5.947382100179381,66.01085408254403
WINA,Winmark Corp,PASSA_FASE0,,0,334.24,46148.433673603184,0.7151367342479781,1.0131593175901044,30.973975347501025,-11.395525770954896,2.9536566473527053,36.591989943093964
ACRV,"Acrivon Therapeutics, Inc. Common Stock",PASSA_FASE0,,0,1.43,440344.26168236503,1.7578258121945212,1.0009681081455593,32.868429165721935,-19.753086419753096,1.6647411164453365,76.81921422473062
ANNA,"AleAnna, Inc. Class A Common Stock",PASSA_FASE0,,0,2.84,424347.1680709048,0.561549385481426,0.793564957821711,40.32560143500048,-10.098132320354559,5.506140676841871,75.10545987716858
GWRE,"GUIDEWIRE SOFTWARE, INC.",PASSA_FASE0,,0,167.26,1638716.7017435394,1.0112430736568792,0.7906509049405666,70.45218243694669,17.978994293614335,1.2224115986227702,57.06588975273588
FUN,Six Flags Entertainment Corporation,PASSA_FASE0,,0,18.35,2230465.4436935876,0.582810978975463,0.9863585722251083,44.12390517379942,-1.3440860215053752,2.8780177241243994,53.420147820763084
SEDG,"SolarEdge Technologies, Inc.",PASSA_FASE0,,0,39.04,3415384.3425185396,0.7836458265479886,0.6855569493476237,32.03332984924235,-22.33318744280429,1.7982881820682803,77.39777262122541
MUSA,MURPHY USA INC.,PASSA_FASE0,,0,616.23,317168.506229365,0.8778894355911959,0.8506974449825412,58.89546822882385,2.7912589981759828,1.5936953083750616,35.48132038855159
VVX,"V2X, Inc.",PASSA_FASE0,,0,86.31,665237.7546288414,1.407725286616496,1.0625373030925158,62.47501619210324,10.035250546606589,4.139640720776214,38.58635606408669
AMTX,"Aemetis, Inc. (DE) Common Stock",PASSA_FASE0,,0,1.41,1383452.2433661907,1.0533116332547572,0.7536014528468175,37.261500201770076,-13.15060055435785,1.1192743226574515,84.8132142812731
LFWD,Lifeward Ltd. Ordinary Shares,PASSA_FASE0,,0,7.1,11618.671204634924,0.382181139460132,1.5974472495310788,42.797389866465124,-8.163311501639814,28.53715184271278,52.70746619835902
IBCP,Independent Bank Corp.,PASSA_FASE0,,0,38.65,180473.0596047143,1.398812147568897,1.1363769916396027,67.5092653595728,5.647277498359937,1.8661701942930806,27.8976501635541
CDXS,"Codexis, Inc.",PASSA_FASE0,,0,1.47,1135679.9334240952,0.8889211199763384,1.2621700805907607,25.286231358645338,-31.881371640407774,10.278897960325915,119.36258414383565
CMCT,Creative Media & Community Trust Corporation Common stock,PASSA_FASE0,,0,2.84,36275.338438317456,0.3361579967264835,0.5896647197660753,41.91245581169048,-4.633982538616532,4.34594717962492,82.03166428339014
BOF,BranchOut Food Inc. Common Stock,PASSA_FASE0,,0,3.84,88347.1484264127,0.10857827626423032,0.44352275305000527,41.20107924909371,-9.096289282121084,23.673156506271784,55.21474855859023
SSD,"Simpson Manufacturing Co., Inc.",PASSA_FASE0,,0,189.48,330577.7981864602,0.9508542123954239,0.9809370655130757,46.931346395224,-0.9974449942264485,1.8233853252180725,31.606475353359453
OVID,Ovid Therapeutics Inc. Common Stock,PASSA_FASE0,,0,2.29,2392193.0705179684,0.27102277543200926,0.7397957806021314,40.334436076749036,-7.819261346482831,7.293148942894196,44.14491783138388
NAUT,"Nautilus Biotechnolgy, Inc. Common Stock",PASSA_FASE0,,0,1.04,710654.4010636191,2.4969171534099153,1.2934520809279584,20.618290323024482,-38.187221396731054,1.3236505115965187,130.8283676945584
MBIO,"Mustang Bio, Inc.",PASSA_FASE0,,0,0.58,131036.44446485712,0.5439936980212975,0.2603835331776773,40.65771681674757,-10.357565126001711,1.2935907411304237,76.0957206038735
BOSC,B.O.S. Better On-Line Solutions Ltd.,PASSA_FASE0,,0,4.5,47867.03287949207,0.6266316960884977,0.4967140501973035,59.516093161109865,4.178724389396904,2.3083847307884646,31.90853107764486
GAIA,"Gaia, Inc. Class A Common Stock",PASSA_FASE0,,0,1.84,155017.62929712704,0.2516997679419622,0.6651288350650895,32.3482992162278,-8.639523336643506,8.136975226807586,38.529800315885446
AMRC,"Ameresco, Inc.",PASSA_FASE0,,0,18.51,591442.447045508,1.1837548051114595,0.8163227158619897,25.439197817144176,-21.910266416352,1.0347804954862005,60.60567932195162
CLDX,"Celldex Therapeutics, Inc",PASSA_FASE0,,0,37.51,966528.3532146984,1.6271563567920002,1.03848367888711,59.75014485961947,1.223806889479584,1.2264446627333052,44.56838967850534
LAND,Gladstone Land Corporation,PASSA_FASE0,,0,8.45,633176.4067513176,0.6222382498653961,0.8955065807474831,38.57224303903297,-1.94371917609516,2.0428053819359633,18.43921420993455
SGHT,"Sight Sciences, Inc. Common Stock",PASSA_FASE0,,0,5.34,188416.68091561907,0.7232671790935006,0.8733344915304646,55.595540386474944,2.8208337344757695,2.9599159691985157,47.165300103075914
LAZ,"Lazard, Inc.",PASSA_FASE0,,0,40.67,2110280.238914873,1.178182218018341,0.8728461182094226,41.58543045976161,-4.41608498437096,1.1793022495275298,45.00487023544042
UNM,Unum Group,PASSA_FASE0,,0,83.63,1408170.139611936,1.9604660137622194,1.0141477936504564,35.52201368614752,-5.358456402421785,1.0,26.638007498600896
PEBO,Peoples Bancorp Inc/OH,PASSA_FASE0,,0,42.0,256240.78765015872,1.5225182042979033,1.1682464648830648,74.17612580484374,6.607102063608905,1.5239621319642598,22.243826658778197
VOXR,Vox Royalty Corp. Common Stock,PASSA_FASE0,,0,4.23,475642.19234434917,0.6446907538555816,0.8806658080301116,36.684010097210425,-4.130545639979621,2.147682756243733,36.429604788838226
CCS,"CENTURY COMMUNITIES, INC.",PASSA_FASE0,,0,69.57,350111.949082873,0.7055033559066927,0.8645677801529438,59.369035569736766,4.053245587795384,2.7566291642338827,42.17492791420874
WHF,"WhiteHorse Finance, Inc.",PASSA_FASE0,,0,6.42,80976.89815338094,0.25193047828726,0.7473193376631376,42.3268405089334,-0.9488544318444703,7.290617726386501,16.17210873722209
RGEN,Repligen Corp,PASSA_FASE0,,0,141.23,1227822.1488147618,1.233102224846261,0.9815287148242892,52.60864696840775,-0.32816966018561766,1.8448372200103786,52.41795544692127
H,Hyatt Hotels Corporation,PASSA_FASE0,,0,186.02,860947.2401680795,1.2111862283145531,0.7963460719399028,45.02199882641965,-1.7163447694677036,1.095827266052526,25.996516755260952
TVTX,"Travere Therapeutics, Inc. Common Stock",PASSA_FASE0,,0,55.56,2080814.6483663649,0.556631181441044,0.6473768679884233,50.521129365900684,-2.0615376479609204,1.611529466603611,23.787778050481904
FCPT,"Four Corners Property Trust, Inc.",PASSA_FASE0,,0,26.33,815101.6149452223,1.3447552246705616,0.8890656312786241,60.259145589759534,2.841519382872759,1.0559099615269483,21.99086263819302
DNTH,"Dianthus Therapeutics, Inc. Common Stock",PASSA_FASE0,,0,104.09,984065.7403816985,0.9016733348991833,1.0062070229121403,57.926355068906524,4.170211062518159,2.699859925668588,61.95833513924903
RJET,Republic Airways Holdings Inc. Common Stock,PASSA_FASE0,,0,18.05,171402.81451296824,0.5748614747545179,0.5883582226041572,47.653298088120046,-3.2703206012781205,2.062851968290743,49.605047700229775
BHVN,Biohaven Ltd.,PASSA_FASE0,,0,13.43,2887147.278373968,0.5129896866553817,0.8349339062129969,42.92452157551478,-11.259415884762769,3.2027408217595656,66.36481993471536
KNX,Knight-Swift Transportation Holdings Inc. Class A Common Stock,PASSA_FASE0,,0,71.04,4468940.154509286,1.2227251297479074,0.8923702429347474,40.56320606078154,-4.803382267217859,1.5881224705420016,33.540977587316455
BKYI,"BIO-key International, Inc. Common Stock",QUARENTENA,INTERRUPCAO,37,4.39,,,,,,,
INR,"Infinity Natural Resources, Inc.",PASSA_FASE0,,0,12.36,410497.14665868256,0.8544783111797081,0.7304016091880386,40.76979050613649,-4.174904058611462,1.5134796806522384,44.869303475568216
PBA,PEMBINA PIPELINE CORPORATION,PASSA_FASE0,,0,50.41,1191347.0146633652,0.6010452273516065,0.7788138822138871,58.39577938831838,2.1024062221502104,1.9209873345672672,22.70206301099605
BRTX,"BioRestorative Therapies, Inc. Common Stock (NV)",PASSA_FASE0,,0,0.2471,10152400.52546919,0.07602194830451996,0.03168869792054742,27.79668366191231,-25.529670594617414,1.0,55.725317132449405
HAYW,"Hayward Holdings, Inc.",PASSA_FASE0,,0,15.25,2885106.9194107936,2.402052775250806,1.0527466070583913,52.530800235762364,-0.5510450291825619,1.0585863171749104,38.52650230027906
UNFI,United Natural Foods Inc,PASSA_FASE0,,0,50.16,646782.9071806509,0.6669872333044017,0.8025430977116407,53.55361088141909,3.1695427713445357,1.6928231128848434,29.385666773877023
AEC,Anfield Energy Inc. Common Shares,PASSA_FASE0,,0,4.23,52022.27420893649,0.2322849756907434,0.8678510527178078,46.325036983181576,-3.00945829750644,13.28476600503077,77.64021723576839
AMG,Affiliated Managers Group,PASSA_FASE0,,0,360.07,321058.4662530635,0.8006565753988965,0.8635893687572376,53.296415480371664,0.14573934906800812,3.5406507223320363,39.632557897024725
LNG,Cheniere Energy Inc,PASSA_FASE0,,0,258.61,2232859.438160984,0.6495915423384686,0.859483318693139,52.94307180071017,-0.16830987546614384,1.78861781105368,32.71661527673197
SN,"SharkNinja, Inc.",PASSA_FASE0,,0,159.22,2046330.2632999204,0.7323138336093523,0.7716024561509799,66.90664570367217,5.303188129747394,2.430538853627053,31.189137897014408
WFF,WF Holding Limited Ordinary Shares,PASSA_FASE0,,0,2.1,99748.33798704763,0.05285301095126589,2.4782014365843223,44.87153668751891,-9.34403937058862,754.3085258165781,182.28203876065945
BHC,Bausch Health Companies Inc,PASSA_FASE0,,0,4.68,2269915.431687063,1.6089314673016832,0.8658959922300183,46.61515887971457,-0.9628610729023324,1.0,33.886678622285984
KO,Coca-Cola Company,PASSA_FASE0,,0,89.08,17767494.272078298,1.2219926162758423,0.9842487700030219,68.37117322929254,6.724174079731626,1.61124348696833,30.8582312478951
LILAK,Liberty Latin America Ltd. Class C Common Stock,PASSA_FASE0,,0,8.38,1433165.8508083965,1.0706908798597574,1.0355270752080674,68.57427997173238,11.617994738769944,2.0109138716269572,38.45503699255698
CNOBP,"ConnectOne Bancorp, Inc. Depositary Shares, each representing a 1/40th interest in a share of 5.25% Fixed-Rate Reset Non-Cumulative Perpetual Preferred Stock, Series A",PASSA_FASE0,,2,25.16,5113.990371428573,1.6118004535267487,0.9541777536896082,63.724463545694725,0.32583966567092393,1.0350611908770053,1.9501601848482184
SNDX,"Syndax Pharmaceuticals, Inc.",PASSA_FASE0,,0,19.22,1906549.2402643654,0.9164366030791451,0.9133028658149708,35.71925591254555,-13.707179095766165,2.299485127340318,54.09420420295221
SUNC,SunocoCorp LLC,PASSA_FASE0,,0,76.04,495533.23163941264,3.2581312532876523,0.7645231107624834,68.40861352467068,4.695029602092804,1.0,21.832972743428623
DFTX,"Definium Therapeutics, Inc. Common Shares",PASSA_FASE0,,0,42.16,2752914.5512926513,0.6432293407499803,0.7554599125625616,53.62576353023497,-4.759753315110582,1.954024851723325,58.522885789196046
WGS,GeneDx Holdings Corp. Class A Common Stock,PASSA_FASE0,,0,63.685,1320808.3481659046,0.7771036484432297,0.49450817159399024,52.21025226358878,-0.899043380496467,1.0,65.77917119371493
NRDS,"NerdWallet, Inc. Class A Common Stock",PASSA_FASE0,,0,9.61,882377.0512466984,0.7751658066544252,0.6598206965355714,60.47008447967892,2.8192371475953326,1.1821419944902556,29.214634116457887
BLSH,Bullish,PASSA_FASE0,,0,21.84,1583566.0083035717,0.8824877521487577,0.8800362956956358,38.11154015520609,-9.55210900130452,1.7696126720238947,72.13737865141854
ABUS,Arbutus Biopharma Corporation Common Stock,PASSA_FASE0,,0,4.29,1921429.2272786347,1.081279018972536,1.15240218845638,40.73796389682421,-8.004074411622785,2.4499524226261817,46.847244551061245
KKR,KKR & Co. Inc.,PASSA_FASE0,,0,99.28,4479003.612598698,0.9664506681155559,0.8120720735031556,53.7315720193863,1.7583239805462059,1.4688284759078263,33.38477168779363
JHX,James Hardie Industries plc,PASSA_FASE0,,0,26.19,7544890.879230077,1.411240183713372,0.8830217697153505,55.614291935834885,2.3646667969513313,1.214115784572104,41.113670436535905
MGA,Magna International,PASSA_FASE0,,0,69.1,1339075.1668813014,1.1255112452089828,0.926926407998592,61.46693475756404,5.143031040779067,1.3336031482739759,33.96153041126108
BATRK,"Atlanta Braves Holdings, Inc. Series C Common Stock",PASSA_FASE0,,0,51.21,479448.1515410318,0.8624550621812376,0.8803125826398754,51.049346436420606,-0.4587334292267431,1.322962131550342,22.0474832387713
ABAT,American Battery Technology Company Common Stock,PASSA_FASE0,,0,2.05,6091057.28621024,0.7124597763696378,0.5173969861299171,31.600986653597445,-17.338709677419363,1.153172792152914,61.953100391978154
SNTG,Sentage Holdings Inc. Class A Ordinary Shares,PASSA_FASE0,,0,1.71,174221.91190904763,0.3545880040178334,2.628190406486242,34.066525013111615,-17.003181957248938,72.09300007043075,70.25860411392155
HBIO,Harvard Bioscience Inc,PASSA_FASE0,,0,6.12,22421.647841380956,0.2276568379412035,0.5809637833981659,50.97366203743826,-0.1549881719552948,5.847671279263604,40.873304800435065
ETS,Elite Express Holding Inc. Class A Common Stock,PASSA_FASE0,,0,1.09,112029.95759353967,0.4280346661736596,0.720417687487406,65.59283109469925,19.084686692559405,6.888536877861877,115.40658624926263
SPRC,SciSparc Ltd. Ordinary Shares,PASSA_FASE0,,0,9.09,765209.6364856189,10.344923168465314,0.049930100714979754,69.70918541656827,74.5894554883319,1.0,224.43762179386178
JCSE,JE Cleantech Holdings Limited Ordinary Shares,PASSA_FASE0,,0,1.38,24811.884546507932,0.5465525996052807,0.6237395026601533,51.54662769021228,2.0898834843721126,3.895231500258093,63.3263801212981
HKIT,Hitek Global Inc. Class A Ordinary Share,PASSA_FASE0,,0,3.12,711271.2156113491,0.03245982902760337,0.23391039917635228,39.820042198806746,-17.53939674254189,20.70719945228653,165.86805940737705
RXRX,"Recursion Pharmaceuticals, Inc. Class A Common Stock",PASSA_FASE0,,0,2.97,20467897.78427859,0.8771846324465026,1.1843282641953667,40.177249295936264,-10.238005289006413,2.2376238237773793,59.172957869047735
NATH,Nathan's Famous Inc,PASSA_FASE0,,0,98.5,25327.40559080952,0.7156518003793165,1.060881886285661,42.506411241204596,-1.0587218996725434,3.225290719466315,17.208283525543727
GSBD,"Goldman Sachs BDC, Inc.",PASSA_FASE0,,0,8.86,1092005.1186927937,1.0213240635841354,0.8296791622406605,47.42983915512047,-0.5388414907947725,2.903590121950091,31.201111222231138
NL,"NLI Holdings, Inc.",PASSA_FASE0,,0,5.91,63282.17909290476,0.5094817871658104,0.5459153780376599,48.79637117861148,-0.4212299915754114,2.8709892957588132,39.55391056755193
AVAH,Aveanna Healthcare Holdings Inc. Common Stock,PASSA_FASE0,,0,9.75,2017300.6130367774,0.8171554063345476,1.0566716813992207,61.722990243539996,2.0408163265306367,1.9300017870706068,39.847999644423425
STC,Stewart Information Services Corporation,PASSA_FASE0,,0,70.24,221419.58079469838,1.278165167634426,1.0947064425331696,55.16732876842895,2.237165771509231,2.9656227727524103,45.2207901363506
CGC,Canopy Growth Corporation Common Shares,PASSA_FASE0,,0,0.8895,5789863.040480428,0.5447819800164515,0.5589844229178084,37.98857955691965,-5.315428954637625,5.182716463819283,34.791032908973854
HOUR,"Hour Loop, Inc. Common Stock",PASSA_FASE0,,0,1.77,105636.21243790475,0.20926479639729936,0.6351902109098458,39.503040568764995,-8.267578808255916,20.805868724276642,51.614631558500946
MOV,"Movado Group, Inc.",PASSA_FASE0,,0,37.77,243210.3707914762,0.5620087508200553,0.8460565338682574,51.65022902903025,-0.21795125817316574,2.1027348977220077,34.76722124037703
KSCP,"Knightscope, Inc. Class A Common Stock",PASSA_FASE0,,0,1.38,990922.816273524,1.1714431281806132,1.995322038621605,37.853118794380066,-17.34052111410602,16.178648830167784,170.82134851392766
WETH,Wetouch Technology Inc. Common Stock,PASSA_FASE0,,0,1.17,130368.0443855238,0.7375887277686086,0.960465659095243,41.65462759393217,-9.1967403958091,2.4629058571621707,92.50371249259842
EOLS,"Evolus, Inc. Common Stock",PASSA_FASE0,,0,6.03,826284.0287386983,0.9835488767446611,0.8870583729019283,44.0827492310055,-3.957951740065291,1.6200536518898512,44.9937283714369
NGL,NGL ENERGY PARTNERS LP,PASSA_FASE0,,0,15.52,266035.72717965086,0.6827005710640972,0.5084120839616152,49.48899706391427,0.6224066390041694,2.172186948275286,48.0818048211668
INKT,"MiNK Therapeutics, Inc. Common Stock",PASSA_FASE0,,0,10.38,28343.36628596826,0.2607138708029282,0.45830231194982574,42.11958851024177,-4.9929065031348525,4.862075428907105,62.97381483279053
GHRS,GH Research PLC Ordinary Shares,PASSA_FASE0,,0,27.98,256692.90810220633,0.9180254812578303,1.0719420533739124,57.88832731537146,2.305343790562908,6.295274358343722,48.99622015666842
BCAL,California BanCorp Common Stock,PASSA_FASE0,,0,21.51,217120.79512049205,1.182903043637389,1.0468533138150702,62.75386975822392,2.4517450375680427,1.6828528774062759,21.782315989389524
MHO,"M/I Homes, Inc.",PASSA_FASE0,,0,154.48,238162.2196241428,1.7503384724238684,0.9218964589620948,59.719559081034895,3.0804698942704434,1.0,26.846395597721763
GAUZ,Gauzy Ltd. Ordinary Shares,PASSA_FASE0,,0,0.3052,271542.6986929206,0.19194403035281776,0.5053626384820844,29.812682546466206,-21.34324703941858,16.290282471134475,76.74176714977212
ELVA,Electrovaya Inc. Common Shares,PASSA_FASE0,,0,7.67,980013.5818043653,0.5387478471991195,2.199704916477871,40.04680698142028,-15.430839627322356,56.87860879566902,179.52000307303732
TKNO,"Alpha Teknova, Inc. Common Stock",PASSA_FASE0,,0,4.96,166962.91079531744,0.46041553641358723,0.7733126987288429,45.31955337096501,-6.731854080481381,4.754731120142771,45.021488022737735
ABNB,"Airbnb, Inc. Class A Common Stock",PASSA_FASE0,,0,153.01,3839659.6338398727,1.0033546437115433,0.8760359846793071,62.348953652732014,4.553592171975995,1.7770514346635455,33.899864462576716
BKSY,BlackSky Technology Inc.,PASSA_FASE0,,0,20.61,2030691.5671367461,0.5223077910199331,0.6165051841302818,33.788103404903524,-14.538066014264395,1.9034350380284975,71.50019642007163
SHMD,SCHMID Group N.V. Class A Ordinary Shares,PASSA_FASE0,,0,3.62,974988.1501904604,0.5956077443398264,0.6359851236375232,30.323502137025272,-20.895930073750336,2.283456644464886,89.55063978781662
TILE,Interface Inc,PASSA_FASE0,,0,33.52,553555.6322900793,0.5130111875118382,0.7573662599986043,53.040220882772594,0.21525950729490706,3.272059724087357,36.070793283118704
MPWR,"Monolithic Power Systems, Inc.",PASSA_FASE0,,0,1248.76,899413.937931762,1.3162543465073795,1.0432524938132428,39.35343544606624,-6.216263002414879,1.2803388199862802,55.83448943472044
NTCL,NETCLASS TECHNOLOGY INC Class A Ordinary Shares,PASSA_FASE0,,0,3.15,140229.85937273013,0.2505965104592677,0.5655608889747826,36.72076166971228,-20.348947468234392,8.90376315475596,156.42884663600114
IRWD,"Ironwood Pharmaceuticals, Inc. - Class A",PASSA_FASE0,,0,3.56,2428518.755114365,0.5158750389403527,0.9014990223865287,38.31442597899585,-12.680892813343148,3.980904124749571,56.873686361489476
GTN,"Gray Media, Inc.",PASSA_FASE0,,0,4.25,1345659.2414253338,0.8342450867077777,0.8844797189675754,59.46723954576871,6.851037083595224,2.0530359507471654,43.03519800962322
CLVT,Clarivate Plc,PASSA_FASE0,,0,2.15,6732938.057471506,1.6263451912714022,1.080488211749806,46.965440084622706,-5.223716111968269,2.2965061336737493,109.52946990356651
XYL,Xylem Inc,PASSA_FASE0,,0,122.13,2032208.0885160319,1.2572330348171645,0.9865713111610486,57.218137578360825,1.6014308888981255,1.599771014323765,28.338604782834604
SMC,Summit Midstream Corporation,PASSA_FASE0,,0,30.37,62050.480819476186,2.1488526032202566,0.6441071604703061,53.02147928028296,0.5262983681440403,1.0,34.3111580732979
ZURA,Zura Bio Limited Class A Ordinary Shares,PASSA_FASE0,,0,5.31,1058414.52395627,0.39979314276254485,0.8923298150793058,53.19536613121394,0.08010177637467475,3.979370203827464,89.54733277541102
COLB,Columbia Banking Systems Inc,PASSA_FASE0,,0,30.78,2929916.828051063,0.9136734442904618,1.014636716584874,41.539543089911746,-4.1143898507043914,2.185876590995561,26.120193740420184
IT,"Gartner, Inc.",PASSA_FASE0,,0,165.65,1589604.5203374445,0.9007912607948755,0.783614878197549,68.33056303425734,18.797466992735167,1.2158147661791343,59.92860598052029
CRI,Carter's Inc.,PASSA_FASE0,,0,38.7,976681.7498271748,0.9631718478823428,0.8488826804467353,47.83836306730858,-0.5550416281221326,1.2310202778627137,42.58302960961845
CCHH,CCH Holdings Ltd Class A Ordinary Shares,PASSA_FASE0,,0,1.35,678520.7968835874,0.5434075687723681,1.803986264041081,28.470552002385517,-37.8453038674033,41.18534374869081,160.25873774928812
SFM,"Sprouts Farmers Market, Inc.",PASSA_FASE0,,0,79.16,2259140.8105976195,1.1186214891029702,0.9204260081560768,51.24743792539483,0.7153512664166417,1.2392616224589599,40.5171042688627
LFCR,"Lifecore Biomedical, Inc. Common Stock",PASSA_FASE0,,0,4.32,199296.8084296508,1.0610911049016971,0.8088863396693808,34.44653051552149,-7.879304829939215,1.8081715598216197,44.037405032416984
PHAR,"Pharming Group N.V. ADS, each representing 10 ordinary shares",PASSA_FASE0,,0,12.01,9647.345533158732,0.3603105469844072,0.6239124501202798,33.568036340414054,-10.57464169358674,3.9604742263253354,37.698229068839794
KVHI,KVH Industries Inc,PASSA_FASE0,,0,8.76,289796.509823746,0.8195847411842713,0.7906464645242092,44.53659008304025,-3.1348482335379013,1.5558907336687826,57.37982205954369
AGX,"Argan, Inc",PASSA_FASE0,,0,492.35,337735.38318785717,0.8871195812117448,0.9526817555637394,30.703564297216573,-20.05825753467363,2.433934774482965,77.64680633589168
CLYM,"Climb Bio, Inc. Common Stock",PASSA_FASE0,,0,12.11,1262169.5322797939,0.7093005147089401,0.9778817679523457,44.96911303207993,-7.0463616825299225,2.561442010844737,59.08690202116795
VOYG,"Voyager Technologies, Inc.",PASSA_FASE0,,0,22.62,2351129.976949095,0.5536660431692435,0.6526386550524054,32.28522526069173,-21.06227425799584,3.066717288079789,83.9423209974338
CRWD,"CrowdStrike Holdings, Inc. Class A Common Stock",PASSA_FASE0,,0,179.38,12011495.887214255,0.595473592860534,0.7517023715519544,44.55425574371443,-6.9645619417219145,1.6781654313444814,54.55267156511041
ECPG,"Encore Capital Group, Inc.",PASSA_FASE0,,0,93.83,342866.41496673017,1.2871423822360175,1.0750543480164627,58.74383742291624,3.3310298688677076,2.6551738801970695,41.27929157819919
RBC,RBC Bearings Incorporated,PASSA_FASE0,,0,550.27,257664.56201388894,1.0772786777059304,0.8529220137820264,32.28615615075539,-6.623270620616639,1.7758421802007485,26.925990747324562
KMB,Kimberly-Clark Corp.,PASSA_FASE0,,0,113.21,4489490.675137603,0.699398833998193,0.817586862795566,62.12763143653634,2.533216197368038,2.274127133813588,28.257178219646967
HGBL,HERITAGE GLOBAL INC,PASSA_FASE0,,0,1.2,84433.42818787301,0.7200536044174514,1.0347535313898157,44.034875251624634,-1.5182601559293962,4.816667831013685,29.724757475191172
BDN,Brandywine Realty Trust,PASSA_FASE0,,0,2.93,1867187.3107826512,1.0580521563709182,1.0859874955633675,38.20880166756655,-6.104790898894407,2.3773014735089193,32.87507591195309
BATRA,"Atlanta Braves Holdings, Inc. Series A Common Stock",PASSA_FASE0,,0,54.78,54065.75880695237,1.6173125131419748,0.9917290366209588,43.53378745878581,-2.5717639526197766,1.2817855606656374,21.098604731778114
EVGO,EVgo Inc. Class A Common Stock,PASSA_FASE0,,0,1.55,3984615.03827719,0.9934975393373527,0.8222812412844615,38.982983254585044,-9.250585480093665,1.4290327849758837,62.79814921884399
RHLD,"Resolute Holdings Management, Inc.",PASSA_FASE0,,0,126.93,175134.12749558725,1.118964251584476,0.8375775422988077,44.63694262978456,-7.208129249214091,1.4455557714288907,65.36826907585753
AVBP,"ArriVent BioPharma, Inc. Common Stock",PASSA_FASE0,,0,30.04,558304.3531337618,0.6404136177715547,0.9758424905996024,42.7643125081876,-6.715317133762911,2.587175434631833,68.22345646140354
BRSP,"BrightSpire Capital, Inc.",PASSA_FASE0,,0,5.0,1406868.2557737296,2.1475374944375205,1.1625244865317685,30.387752171040574,-6.305631031574988,1.269950523764959,26.06214502383603
AIRS,"AirSculpt Technologies, Inc. Common Stock",PASSA_FASE0,,0,4.355,852824.0012247778,0.4997186218492394,0.47589931914870953,44.08422723025523,-2.2172326690990674,1.532694702318967,53.96836259675717
CAMT,Camtek Ltd,PASSA_FASE0,,0,126.97,512034.2173379048,1.292080232879046,1.0111760107506034,35.13129477405843,-12.790537941645141,1.2185651053291977,78.15547091292368
POET,POET Technologies Inc. Common Shares,PASSA_FASE0,,0,6.37,35581318.7954274,0.2729966762068782,0.35699194336906176,34.38713023990877,-20.14541807697129,1.9011042676321734,95.02099219355996
EPC,Edgewell Personal Care Company,PASSA_FASE0,,0,28.22,950410.8261247459,0.5442011385685891,0.764536292313475,60.47432138902976,2.5287022235140233,2.3482095618943655,36.05376882470268
PFE,Pfizer Inc.,PASSA_FASE0,,0,25.15,41423482.53048005,0.7337617674052128,1.002827862579374,54.22780774753019,2.3751857203915705,1.9271642006662573,20.771052402003754
ELDN,"Eledon Pharmaceuticals, Inc. Common Stock",PASSA_FASE0,,0,3.31,1349373.2284521111,0.7997753178970087,0.9088455214897376,35.550129485621625,-13.925367312443115,2.009465171360996,60.18534047284532
FELE,Franklin Electric Co Inc,PASSA_FASE0,,0,105.38,298502.26302666665,1.890918784490339,0.9768206383701736,51.74446534942059,0.5927891636995586,1.1689213301780095,28.821251409879096
STRR,"Star Equity Holdings, Inc. Common Stock",PASSA_FASE0,,1,10.87,6560.04374988889,0.26024520035082327,0.4210172356086465,47.8823145925983,-1.4460324094767718,3.6526401197643024,34.11983806533017
RAMP,"LiveRamp Holdings, Inc. Common Stock",PASSA_FASE0,,0,37.74,1628076.4530662063,0.6045769159668407,0.5455446511542794,56.70648191428479,-0.05561293397950973,1.5204747109278145,5.444055882411414
EXK,Endeavour Silver Corp.,PASSA_FASE0,,0,7.56,7015496.374525128,1.3331674309319395,0.8168175195687253,42.110980731921046,-5.066867583349022,1.0,60.00743907603364
WRB,W.R. Berkley Corporation,PASSA_FASE0,,0,75.65,2129357.470411318,0.8772620421728281,0.9514750978911453,65.94386050261684,4.247051041781491,2.036428946523932,24.013833645287267
FLG,"Flagstar Bank, National Association",PASSA_FASE0,,0,14.08,4684350.739584064,1.2536319046646431,0.9476313339183913,40.63836555414563,-4.093726585382473,1.9370937786833207,31.09059091953279
LFST,"LifeStance Health Group, Inc. Common Stock",PASSA_FASE0,,0,10.86,4845375.635433333,0.5840093285669337,0.6763812759765634,55.51517669138496,-1.5345558401523185,2.3927485251092135,42.46661424046268
DNOW,DNOW Inc.,PASSA_FASE0,,0,13.34,3086820.0885521434,0.6642215244276506,0.7337862049009365,45.18584492490662,-1.1339212925220443,1.8990958508490319,27.32180602009613
RELY,"Remitly Global, Inc. Common Stock",PASSA_FASE0,,0,23.29,4555202.771503158,0.544779487100222,0.6034258357711495,53.46547861520986,-1.4159029820736913,2.052324926960906,39.58640490435468
CEPU,Central Puerto S.A. American Depositary Shares (each represents ten Common Shares),PASSA_FASE0,,0,14.38,298577.4889317143,0.6867775118970776,0.6747080714054532,44.14595662426559,-2.6009211595773407,1.462906283593206,38.14774116095537
NX,Quanex Building Products Corporation,PASSA_FASE0,,0,17.96,381543.34514319047,1.164405728385246,0.860807401847333,50.25541478678257,1.1945007888212844,1.0,55.5779701731853
CTVA,"Corteva, Inc. Common Stock",PASSA_FASE0,,0,90.51,3874383.416169635,1.0125035080436768,0.8733051137962431,68.74070329566636,4.40048445700445,1.4524978603414138,22.551204589922882
INBS,Intelligent Bio Solutions Inc. Common Stock,PASSA_FASE0,,0,1.55,105868.81528263494,0.28486917493584885,0.7797679772099113,23.025367431122703,-23.786109403810705,10.090045041852422,54.556441539461616
AIOS,AIOS Tech Inc. Class A Common Shares,PASSA_FASE0,,0,12.9,220386.67001004764,0.025945039233721864,0.11826417810052543,49.29380560412451,-3.0293918664962782,13.261469385622181,109.25462008746278
CNXN,PC Connection Inc,PASSA_FASE0,,0,82.97,133155.4079703016,1.024051234212077,1.0303721181399585,73.27506187003151,6.204318830562072,1.5296771233064743,21.14731499326197
COOT,Australian Oilseeds Holdings Limited Ordinary Shares,PASSA_FASE0,,0,0.379,126914.4052621111,1.0643249625291047,1.9701854880649086,26.690128120800694,-14.910335924564311,8.525847268964279,70.35938852359574
ATXG,Addentax Group Corp. Common Stock,PASSA_FASE0,,3,3.53,35275.58231879365,0.2803620148243726,0.15426463653587383,42.71940262068345,-3.7861381173155073,2.8277248246643967,124.13058461583648
MGX,"Metagenomi Therapeutics, Inc. Common Stock",PASSA_FASE0,,0,1.21,177387.16804465078,0.1998593932401927,1.154364230628603,43.62054246542047,-3.2193561287742534,15.06825276334383,36.59120378889014
PINE,"Alpine Income Property Trust, Inc",PASSA_FASE0,,0,20.33,176976.48038128568,1.9220135825628566,0.8724145492418588,47.86686022674944,-1.6258588986741818,1.0,27.089615114881514
OEC,Orion S.A.,PASSA_FASE0,,0,7.15,602555.0331577618,0.6670255491115761,1.2262088689236805,55.7224695318121,11.422783232039912,6.16270995911131,76.23286946728591
IDN,"Intellicheck, Inc. Common Stock",PASSA_FASE0,,0,3.715,451983.895933254,0.36692194698124947,0.4775336008790532,34.8810061737304,-5.3864765057939685,2.005917399135307,30.761742091066985
ENGN,enGene Therapeutics Inc. Common Stock,PASSA_FASE0,,0,1.79,1919745.1046269685,0.2917195236853179,0.5318465419252602,42.038100366891506,-3.5430418968072086,5.119207509978586,47.72949931845271
PWR,"Quanta Services, Inc.",PASSA_FASE0,,0,561.14,1261214.7009613651,1.6235801953181697,0.7808184052326685,27.750371241687787,-12.757745482530636,1.0,35.99552887348193
TEL,TE Connectivity plc,PASSA_FASE0,,0,206.95,2712959.078278095,1.12221660750495,0.9937662077914463,52.22216885587169,2.4063893273689185,2.8878405666922595,30.148894883785804
FG,"F&G Annuities & Life, Inc.",PASSA_FASE0,,0,29.51,817296.0011314285,0.531657237169236,0.7998566329291581,50.88261909381098,-0.8483830323393504,3.942819818453174,38.12518570875345
SGP,"SpyGlass Pharma, Inc. Common Stock",PASSA_FASE0,,0,21.91,108414.95355323807,1.0802651376176513,1.0998845772944434,58.62659814399793,7.441461321564291,1.8927566072595405,84.13908110457677
TRTX,"TPG RE Finance Trust, Inc. Common Stock",PASSA_FASE0,,0,8.21,628679.7854330158,2.778445688314742,1.0012359640044717,37.46058820268569,-3.6215296120208795,1.0,22.037251474388935
CD,Chaince Digital Holdings Inc. Ordinary Shares,PASSA_FASE0,,0,2.85,250818.35461431748,0.5110736956476418,0.7542854392150236,29.86337955457313,-15.449084031743665,2.71142851004552,80.66610788115192
HNGE,"Hinge Health, Inc.",PASSA_FASE0,,0,74.06,1972763.2217617778,0.572044913612179,0.8265598780237983,40.22313000783144,-11.772414286054634,2.1959253631796707,41.1785778748749
BR,Broadridge Financial Solutions Inc,PASSA_FASE0,,0,159.2,1459914.711453143,0.7186754566173675,0.6747941158365872,65.69785104557225,7.199612142106826,1.369865079325388,33.05159946205182
TWIN,"Twin Disc, Incorporated",PASSA_FASE0,,0,22.25,122439.5851673492,0.9105585368050598,0.8925616250804876,50.1413638051945,-1.6444169392626828,1.649135912571833,44.493014598588985
XXII,22nd Century Group Inc.,PASSA_FASE0,,0,3.72,81003.37648131748,0.12767104589010828,0.13898885931374305,29.316464763127925,-12.17601626160214,2.6779034277340776,75.8650671778577
VLN,Valens Semiconductor Ltd.,PASSA_FASE0,,0,1.48,3360646.6313368413,0.18155893231514333,0.34016194014031387,29.940677742373666,-20.32301480484522,3.2114139200378746,60.27312765097251
QBTS,D-Wave Quantum Inc. Common Stock,PASSA_FASE0,,0,16.18,30716209.519377638,0.6603662710780007,0.6158366016525214,38.01049916487617,-14.746756240532166,2.3899803385971707,97.56480375704287
PDYN,Palladyne AI Corp. Common Stock,PASSA_FASE0,,0,4.83,1880284.790599619,0.5584676646430418,0.6865809982256268,38.00910542619961,-8.591975775927319,3.062164145045473,60.21365060207282
ARLP,Alliance Resource Partners LP,PASSA_FASE0,,0,25.95,311535.8409890793,1.0030419691452255,0.7929451392843416,67.87293153053017,5.3828504132063415,1.5891291402279881,18.322894552745318
BHE,Benchmark Electronics,PASSA_FASE0,,0,74.11,515673.7495785396,1.537065554779184,0.8848180603658143,35.751577890217874,-9.967806596610561,1.0694638857418508,55.15184816442182
GT,Goodyear Tire & Rubber,PASSA_FASE0,,0,7.28,9939602.093874779,0.8256243054216559,1.1208640630356057,58.80521399663359,4.488858588395717,6.62262687004252,50.683602387940375
ALZN,"Alzamend Neuro, Inc. Common Stock",PASSA_FASE0,,0,1.34,144871.86907666663,0.12924259636694138,2.107232704298138,59.9615922480914,8.89882161722879,124.74525191284492,52.26329090889897
JEM,707 Cayman Holdings Limited Ordinary Shares,PASSA_FASE0,,0,5.41,1101577.5027867618,0.18861638073432968,3.033914536819473,39.22963456570605,-46.85762558692363,131.17425162972154,331.11319765039593
PDS,Precision Drilling Corporation,PASSA_FASE0,,0,73.12,103601.20983936508,3.049965312238447,0.8623520228129946,31.665656417834782,-9.471898774924004,1.0,42.50377019719402
CGBD,"Carlyle Secured Lending, Inc. Common Stock",PASSA_FASE0,,0,10.19,581484.1151458411,0.5242194238591491,1.0817718350213803,42.07121236468209,-2.3104208608954013,6.77063636312086,27.043244685614333
MSAI,"MultiSensor AI Holdings, Inc. Common Stock",PASSA_FASE0,,0,4.52,278743.72712326975,0.1434772106649546,0.07856438859650243,35.2944980749525,-12.80443694236798,2.0510720187487324,64.88871462222482
MGRC,Mcgrath Rentcorp,PASSA_FASE0,,0,117.0,194672.86638203176,0.8749303010453898,0.7742948716427422,48.50005687181324,-0.4017978752383633,1.9150559800701705,23.118551023119018
YSS,York Space Systems Inc.,PASSA_FASE0,,0,15.02,1796639.3570280632,2.4077657599762974,0.5890932340257747,31.517708866677665,-23.575953392525506,1.0,94.95998319228104
AFCG,Advanced Flower Capital Inc. Common Stock,PASSA_FASE0,,0,2.67,197035.36637460315,0.39948462268114754,0.43426806451600064,33.89288899046471,-5.795183911087587,1.9219652574589448,30.12027452766229
TCX,"Tucows, Inc",PASSA_FASE0,,0,9.33,45021.294383238084,1.4099622847057385,1.7934037047035876,32.71413865499888,-11.383387947001001,2.3673293004761717,71.75716217360373
ORBS,Eightco Holdings Inc. Common Stock,PASSA_FASE0,,0,0.5811,18285305.23092023,1.092841883949855,0.6653284719571289,36.145616994310366,-10.246509329049802,1.134399494786695,76.93636512811901
CNTB,Connect Biopharma Holdings Limited Ordinary Shares,PASSA_FASE0,,0,2.05,368382.72532200004,0.41921490581571863,1.4508726226231674,40.343023927173576,-10.382513661202196,15.974939322924987,90.60056656327158
SNES,"SenesTech, Inc. Common Stock",PASSA_FASE0,,0,1.27,80211.80137614283,0.35798442728329616,0.7754246844236745,32.33009114987509,-9.350463954318332,3.4060879833140363,50.044484101379936
TITN,Titan Machinery Inc.,PASSA_FASE0,,0,18.025,192270.35766817463,1.503346316304505,0.8352365188252402,39.02746064383417,-4.437493372919099,1.0,55.57596540313921
SOC,Sable Offshore Corp.,PASSA_FASE0,,0,4.36,8670391.651533224,0.5472331782499086,2.220045039031503,35.435135082700924,1.976377031926102,19.2090118171005,148.44538246900999
OMF,"OneMain Holdings, Inc.",PASSA_FASE0,,0,62.94,1125647.8736279046,1.5129324684070387,0.9522546787304905,65.49632586542162,4.790842872008327,1.267567425907074,25.28152452906747
HIT,"Health In Tech, Inc. Class A Common Stock",PASSA_FASE0,,0,1.08,176040.31581339685,0.023681232794532093,0.33172152070921224,50.726874305426,0.8634094634160316,37.29370413919977,52.330774146033086
AKAN,Akanda Corp. Common Shares,PASSA_FASE0,,0,5.78,1177514.3375149367,0.12356149559933013,0.28077856033800186,26.176407057142228,-37.95953415982396,39.37180782660343,85.65610867548246
QRHC,Quest Resource Holding Corporation,PASSA_FASE0,,0,1.31,38568.56388311112,0.05208905382343587,0.4418564174452567,52.08134771021457,1.747572815533971,30.556993529118966,43.735659230616434
BNT,Brookfield Wealth Solutions Ltd.,PASSA_FASE0,,0,42.78,23337.65025742857,0.7555587024185214,0.978391685402516,45.10159497858336,-1.0214823641011894,3.5204946771689074,19.804777688882837
INSW,"International Seaways, Inc. Common Stock",PASSA_FASE0,,0,94.55,589123.6032317618,0.9217544012412833,0.8535423653116331,63.82924460022478,7.5342193106664235,1.405137710225967,45.58756748351996
OWLS,OBOOK Holdings Inc. Class A Common Shares,PASSA_FASE0,,0,5.33,28185.671715079363,1.4501694482637562,0.7091921348731183,33.883461563803905,-4.158237806248588,1.0,14.055426012779693
OGI,Organigram Global Inc. Common Shares,PASSA_FASE0,,0,0.93,588501.9013012699,0.3050696996798515,0.6203286441423299,42.878257522332085,-1.237714449559535,6.195337914428693,39.324626820136814
HRL,Hormel Foods Corporation,PASSA_FASE0,,0,25.8,5088166.840110731,0.8460978094671343,0.7316339329232637,59.44009533436407,2.9282693688661876,1.2413848353274917,22.955628913149766
DRTS,Alpha Tau Medical Ltd. Ordinary Shares,PASSA_FASE0,,0,11.18,930502.7801178413,0.7403462821903193,0.9032774241917434,42.78212814079643,-11.815743808171641,2.35733415805175,68.57266344259943
HAIN,Hain Celestial Group Inc,PASSA_FASE0,,0,0.4937,1159001.9783969999,0.49325613082532405,0.6842091411364866,35.590802748553344,-11.053859527434206,2.72797206397696,72.49387284952805
MKC,"McCormick & Company, Incorporated Non-VTG CS",PASSA_FASE0,,0,51.99,4225787.148978333,1.038300795880549,0.8610317787041494,54.226053538905376,0.08374000173254625,1.265065980484455,35.84867400626837
FTV,Fortive Corporation,PASSA_FASE0,,0,59.54,3076465.9317135867,2.2450396206126455,0.8394291433935578,43.26359385328052,-3.528172722485512,1.0,35.882795123552405
RYAN,"Ryan Specialty Holdings, Inc.",PASSA_FASE0,,0,46.48,2631152.600535159,1.177049891257197,0.7882015311724935,71.2401105405966,11.378694750967465,1.280886128627071,46.6928862842798
PNRG,PrimeEnergy Resources Corporation Common Stock,PASSA_FASE0,,0,184.36,59799.047601682534,1.2474390257830985,1.171253725352464,49.11011250360349,0.552230054950309,1.3593688744721435,30.19231850285506
NKLR,Terra Innovatum Global N.V. Ordinary shares,PASSA_FASE0,,0,4.89,340936.55252804764,1.2885069403253862,0.8540966242033982,46.6103658239577,-0.9620253164556836,1.5803025529799195,73.33788999239106
ATEN,A10 NETWORKS INC,PASSA_FASE0,,0,28.78,1167770.743935619,1.9293544045415933,0.9807071529255907,25.493860142110478,-19.233305737578398,1.0,45.47242674597113
ARR,"ARMOUR Residential REIT, Inc.",PASSA_FASE0,,0,16.36,3662469.341363571,0.85281321824557,1.2272353714385844,41.112714593071104,-2.3778977832145,2.6479890238439636,17.42134782758367
GPK,Graphic Packaging Holding Company,PASSA_FASE0,,0,11.33,6522982.959248998,0.7862056375101188,0.6911085537899785,59.08515615589053,5.253379162989447,1.591731796202309,36.0655330511278
FBP,First BanCorp.,PASSA_FASE0,,0,28.91,1461959.8329340161,1.2198434748093998,0.9896509811718275,70.92916126285361,5.245913575303063,1.5406734632222452,23.638622605015495
TGTX,"TG Therapeutics, Inc.",PASSA_FASE0,,0,53.48,2394941.680599445,1.217731786621642,0.846279381465628,49.88272697912188,-3.3007567059334053,1.1687533906895087,42.16906501952743
NTGR,"NETGEAR, Inc.",PASSA_FASE0,,0,22.79,401866.0603145556,0.9992190409876616,0.9022190813968013,43.632184548652305,-1.8063918480778263,2.1072507324678744,52.446546641566705
DOW,Dow Inc.,PASSA_FASE0,,0,30.45,11726469.035976857,1.1780462092702075,0.9328246842134321,51.18700151061486,3.6172457208969666,1.202720395217401,40.57849810004244
AGRO,ADECOAGRO S.A.,PASSA_FASE0,,0,9.71,923255.1615626666,0.8801132889695156,0.7273155644162858,41.02539685243727,-4.729199372056502,1.2657861322400823,47.29603611052322
DCTH,Delcath Systems Inc,PASSA_FASE0,,0,11.58,481329.12680068257,0.7071102201071231,0.7486348831542163,37.43307243822243,-9.233422166483773,1.7228422259513725,33.0217699070944
MBI,MBIA Inc.,PASSA_FASE0,,0,5.39,370265.4575829524,1.6095423732214733,0.9813799091962073,28.616677465339563,-13.524787421787266,1.2682855071723556,32.008382451434144
RYAM,Rayonier Advanced Materials Inc.,PASSA_FASE0,,0,8.33,971858.3202752857,1.245585556592352,0.9157729162518263,52.16212477922378,5.818089430894302,1.4165177892547773,59.33530380975917
SOWG,Sow Good Inc. Common Stock,PASSA_FASE0,,0,3.17,288844.8557746984,0.01941409967285008,0.10144613667832111,46.978302178016186,-12.005551700208194,10.24119476088614,73.80776069453736
SILC,Silicom Ltd,PASSA_FASE0,,0,34.92,177170.4218928095,2.3875492426491065,1.0083371787283102,36.915666920388944,-16.92982925654337,1.0,80.7259556318766
PPL,PPL Corporation,PASSA_FASE0,,0,35.7,9372904.472374093,1.0859909959401044,0.7991934023637863,46.43601261488608,-0.8319559993888892,1.318278489658029,22.581558319309742
HITI,High Tide Inc. Common Shares,PASSA_FASE0,,0,2.05,568266.5858092856,0.3469879976915898,0.5585366629311563,34.71959460907823,-6.221408966148245,3.199976473469097,29.939194846816914
PERI,Perion Network Ltd.,PASSA_FASE0,,0,9.65,462441.34805126983,0.5144128707898891,0.628853159170055,58.831659314490715,2.4524896485826453,1.921295788205567,24.878574632341795
MLR,"Miller Industries, Inc.",PASSA_FASE0,,0,50.6,81069.07986830156,0.8806721504176827,0.7748116418095713,54.52557626532055,1.6380600387670974,1.4717217395246636,23.100495575003947
RYN,Rayonier Inc.,PASSA_FASE0,,0,22.18,2552758.803852142,1.0594350470192897,0.8478922136482495,60.07499770353753,2.8828536308184827,1.2295074165697502,23.08954131619555
LXEO,"Lexeo Therapeutics, Inc. Common Stock",PASSA_FASE0,,0,4.31,870296.6446213175,0.9751738500419949,1.108442202759552,39.95324245769981,-7.861685639463422,5.48777527598933,63.04954900107238
MKTX,MarketAxess Holdings Inc.,PASSA_FASE0,,0,125.73,666201.9074923017,0.9696162332565288,0.7748896207515967,64.56802753505461,8.243295596401357,1.1663948882818485,25.00998758364495
SINT,"SiNtx Technologies, Inc. Common Stock",PASSA_FASE0,,0,1.51,50729.35586179365,0.35249587128047055,0.5484538505544955,36.16541292223348,-7.842538907537378,3.805526498100755,63.944262239573725
BNL,"Broadstone Net Lease, Inc.",PASSA_FASE0,,0,22.15,1873227.216628762,0.8787405535930892,0.9754738963891445,55.72547261650939,0.46718374382002104,2.173275918852734,21.226213573688923
MPB,"Mid Penn Bancorp, Inc.",PASSA_FASE0,,0,38.44,166152.26622041268,1.8203780741501627,1.0889429250774296,72.21788487069009,7.832136445242344,1.0,27.21930500028907
MIRA,"MIRA Pharmaceuticals, Inc. Common Stock",PASSA_FASE0,,0,0.8416,101024.1877465873,0.49079713231027633,0.5630768116561434,33.919589253202986,-8.185418325823935,3.6702609113110767,37.98214381746916
CPT,Camden Property Trust,PASSA_FASE0,,0,116.37,1151050.050071651,0.9308105552363309,0.801219719641593,60.14904942182895,1.9881421366064522,1.9747944409628093,19.92340984422462
DX,"Dynex Capital, Inc.",PASSA_FASE0,,0,12.83,5032143.452133287,0.9881329423766783,1.2212618947842295,45.16834591032982,-1.591562799616486,1.97424856229079,20.400993594597697
UK,Ucommune International Ltd Class A Ordinary Shares,PASSA_FASE0,,0,1.98,369375.2765992541,0.06444552223192317,0.11523970454330605,41.99344299560846,-3.600849091511038,11.647856051170583,52.84685893164577
C,Citigroup Inc.,PASSA_FASE0,,0,127.13,12626677.842458604,1.0250187316430246,1.061911523943691,35.682745813561255,-5.9341472438031895,2.482332537906766,32.690257822087545
CPK,Chesapeake Utilities,PASSA_FASE0,,0,136.78,179362.5435113492,1.3536495353816007,1.2470104429420485,65.10701383640075,4.428954259843176,2.482201630749218,24.97089605362118
FHTX,Foghorn Therapeutics Inc. Common Stock,PASSA_FASE0,,0,4.74,242215.7118028413,0.8321714747021441,1.5045574633425787,44.542832031184055,-11.044383972975503,7.510295917479864,90.95142624023134
VOYA,"VOYA FINANCIAL, INC.",PASSA_FASE0,,0,98.82,1206297.2650977303,0.6979662697583813,0.8231710070969954,61.757306913398196,1.109627515078948,2.104996513070901,18.99891053338155
WSC,WillScot Holdings Corporation Class A Common Stock,PASSA_FASE0,,0,24.12,2396918.977765317,1.0535656903690527,0.8372019798696246,35.0736987041376,-8.44475654542175,1.2832109635313,41.67822363748993
RGR,"Sturm, Ruger & Company, Inc.",PASSA_FASE0,,0,37.8,127350.46026390475,0.9948982778816945,0.7161164096444054,44.32711683555252,-1.141579380957991,1.0,18.997139091666234
TRGP,Targa Resources Corp.,PASSA_FASE0,,0,264.67,1230234.871821365,0.9762619227472156,1.0118933631053904,42.77003269459723,-3.5543538466023428,1.491877312890564,32.44873400859661
SSTK,"SHUTTERSTOCK, INC.",PASSA_FASE0,,0,5.7,839036.9025397939,1.4145962914458436,1.8189605750858098,23.337894341912687,-25.84883569663067,4.203814676006081,145.97212110078766
VTOL,Bristow Group Inc.,PASSA_FASE0,,0,44.92,233480.3345681905,0.856932144855075,0.7875095549546136,57.41609873115491,2.252421438408403,1.4225507452050186,20.016156766254944
CRDL,Cardiol Therapeutics Inc. Class A Common Shares,PASSA_FASE0,,0,1.15,536825.2204991747,1.7065311531342415,1.6182359242963988,50.023215373541284,1.715903060321966,3.607076788583983,64.9206099792977
CTAS,Cintas Corp,PASSA_FASE0,,0,216.53,2280942.02185465,1.2099173485177086,1.1078903572050467,78.05432305275859,11.628938048078851,1.634524981320182,33.92531924308067
VTIX,Virtuix Holdings Inc. Class A Common Stock,PASSA_FASE0,,0,1.51,627509.3948009207,1.2716712405256712,1.738091746247031,26.86129868847202,-44.44444444444444,16.690627273779107,146.60658851960298
LEA,Lear Corporation,PASSA_FASE0,,0,147.51,619626.236351746,1.6199912453241805,0.7665177424066989,63.312216628002126,6.171186733460021,1.037358023988357,26.197059124156297
TZOO,Travelzoo Common Stock,PASSA_FASE0,,0,7.46,123724.06504331745,1.6563207627251206,0.8469422299365337,22.18951272208851,-29.486270617704047,2.8760913411735474,108.10115341223833
RIOT,"Riot Platforms, Inc. Common Stock",PASSA_FASE0,,0,18.24,17347643.516646698,1.3391383985634573,0.9786839860720503,35.33050043914247,-13.93080017459214,1.210328533087212,100.35918317168849
UBS,UBS Group AG,PASSA_FASE0,,0,51.8,2121463.382933016,1.5587259029883571,0.828167125235069,52.31699172646228,-0.6339858624030081,1.0,27.552757051450566
IEX,IDEX Corporation,PASSA_FASE0,,0,229.52,709537.7501993808,2.24656779371933,0.9307246302601678,62.59839704104224,2.799991937958124,1.0,17.58273885804911
FULT,Fulton Financial Corp,PASSA_FASE0,,0,24.46,1910437.6379527776,1.1968993818245328,1.0018060024466275,55.59487265212278,0.28083553696984787,1.5578997136924753,20.525910235475635
OXSQH,Oxford Square Capital Corp. 7.75% Notes due 2030,QUARENTENA,ILIQUIDEZ,4,24.9201,,,,,,,
PR,Permian Resources Corporation,PASSA_FASE0,,0,20.75,11133361.936115298,0.8058456481974814,0.7619926943002865,58.31073193183728,4.845636905664175,1.457785614371803,38.57956109381133
QDEL,QuidelOrtho Corporation Common Stock,PASSA_FASE0,,0,16.5,1817111.61379746,0.6537989258723764,0.6413929090493711,51.304929687251644,-4.654589581346979,1.4784550261747005,46.55273050782532
SRE,Sempra,PASSA_FASE0,,0,88.82,3599137.966698333,0.7687636778931821,0.8039531012953459,36.509939349392845,-4.157112411988462,1.3086558828387176,19.49799310933282
EAT,"Brinker International, Inc.",PASSA_FASE0,,0,205.73,1111462.5965075078,1.2904389776631693,0.9530010953118879,71.780583435691,10.704840007210636,1.0875838825450788,37.335911153274864
UVSP,Univest Financial Corporation Common Stock,PASSA_FASE0,,0,44.61,226219.59523690477,1.1746440228828152,1.134263365165107,57.93455630018757,1.0367535063331879,2.4847255435353834,22.52213582912648
SLQT,"SelectQuote, Inc.",PASSA_FASE0,,0,0.6943,2116085.1211530794,0.2685357705508354,0.4880979675905402,42.28272862171015,-6.524314718078516,3.051075210056213,93.08413112764346
WSO,"Watsco, Inc.",PASSA_FASE0,,0,320.02,376361.9315349682,5.321394454839863,0.9693811916984554,24.07633729043684,-15.287527926897726,1.0,51.83615266486568
HCI,"HCI Group, Inc.",PASSA_FASE0,,0,183.4,177746.51876180957,0.943824116188795,0.9018581862788209,61.273253142288986,2.28239198025737,1.2929368469758318,25.166118167708944
BDC,Belden Inc.,PASSA_FASE0,,0,102.03,594028.0186263968,1.0157804527912324,0.9045780315833104,41.111538684219184,-3.3133857372318887,1.148188993026893,37.88724582349033
THRM,Gentherm Inc,PASSA_FASE0,,0,42.89,368815.03197504755,2.2375048300141716,1.213248492215804,66.68956278639357,14.558153821498676,2.105050575827513,88.96762987371172
UMBF,UMB Financial Corp,PASSA_FASE0,,0,148.27,732351.3737870795,1.472445168516218,0.8638003549826354,62.41084443062344,2.995854672133591,1.0,24.63713565329018
SITC,SITE Centers Corp. Common Shares,PASSA_FASE0,,0,4.49,801426.0768890635,0.5023729356996347,1.2303112692938196,50.84722575404207,3.1472547668274897,6.49686000664014,52.191710731035435
SMR,NuScale Power Corporation,PASSA_FASE0,,0,7.59,32537029.71519022,0.9676385488952717,0.8639968946288141,36.814995841620906,-12.040792675860468,1.2664787380161484,77.65327299031131
RAPP,"Rapport Therapeutics, Inc. Common Stock",PASSA_FASE0,,0,40.94,366300.75368560315,0.8844315353144551,1.0717759453061702,51.4785456303964,0.054377379010328575,3.0306380824665116,54.17140417150355
AMCI,AMC Robotics Corporation Common Stock,PASSA_FASE0,,0,4.33,113945.94783439684,0.5668195843951127,2.2234053424760916,39.300577468191655,-15.652089217882526,10.64707151026227,113.29181903543824
ONMD,OneMedNet Corp Class A Common Stock,PASSA_FASE0,,0,0.6425,657648.134829857,31.489912292160284,1.941956935019226,46.3055932194276,-6.520980038410052,1.1073197127476508,93.95007877344625
AMPX,"Amprius Technologies, Inc.",PASSA_FASE0,,0,8.44,8065278.275386175,0.8167007548169949,0.7752457001699261,29.7663682893877,-22.280031308992132,1.720853043837518,84.56275421428062
BETR,Better Home & Finance Holding Company Class A Common Stock,PASSA_FASE0,,0,20.74,389664.6432804921,0.5744304570991748,0.6423211523100237,35.71715996085008,-15.244886700312632,2.779133616388411,88.53910691644793
TBPH,"Theravance Biopharma, Inc.",PASSA_FASE0,,0,16.85,582021.1550934445,0.7631147675872557,1.3507166633708236,49.36742273470574,-0.37249453083428863,3.6464560557719303,3.9614097489352886
ATMU,Atmus Filtration Technologies Inc.,PASSA_FASE0,,0,50.45,934893.8358589365,0.6551185015251435,0.6271434680811898,45.34680263823767,-2.140494825763517,1.3544776947981632,40.51080474154053
BZAI,"Blaize Holdings, Inc. Common Stock",PASSA_FASE0,,0,0.7623,6577026.0574511895,0.6421146376966962,0.48252281253837076,23.963583083562014,-30.58388577256501,1.7423344160081033,73.47704544612277
CEVA,CEVA Inc.,PASSA_FASE0,,0,29.84,897811.5202448094,1.6117751365692237,0.7656905007872942,31.38933986151713,-25.85091909823387,1.064408054954807,89.57632746111534
FNF,"Fidelity National Financial, Inc.",PASSA_FASE0,,0,53.45,1604943.7050526033,0.93920088998735,0.9416644766108885,65.09947312241778,6.061057038822915,2.5219348565377047,32.79444122121651
BAER,"Bridger Aerospace Group Holdings, Inc. Common Stock",PASSA_FASE0,,0,1.89,633723.6963716507,0.5567626742445162,0.6000002841700739,49.068243368422465,-1.2152097216777569,3.292600020939716,52.2884595134524
TCBX,"Third Coast Bancshares, Inc. Common Stock",PASSA_FASE0,,0,44.37,112815.86329704763,1.8883043782511653,1.1711582480174814,68.26147541859677,8.24327291356639,1.0833745532989842,35.20236816204371
ALLY,Ally Financial Inc.,PASSA_FASE0,,0,42.95,3222734.567253206,1.0155176469585634,1.0280194789389085,40.318566990795084,-4.5247913216480695,2.0483873005806554,26.102437998750805
AWR,American States Water Company,PASSA_FASE0,,0,87.86,333412.21665517474,0.911405605494881,0.9611216268693868,64.57177779269512,2.4074969840724103,1.7514239964004896,21.14643636741324
MP,MP Materials Corp.,PASSA_FASE0,,0,38.1,5908332.238064396,1.4904025541371433,0.8439072972946289,26.482715476553906,-20.175989943431794,1.0569279799292117,59.366423584697614
LMB,"Limbach Holdings, Inc Common Stock",PASSA_FASE0,,0,67.66,284871.96041490475,0.7959368810421426,0.6168213363046607,34.383834485261076,-9.84496692139084,1.1673206011260606,45.44764869143789
BVS,Bioventus Inc. Class A Common Stock,PASSA_FASE0,,0,13.12,664770.5825408096,1.216258465283946,1.0715505441707334,67.95145036197968,10.693946424804878,1.9005267692085694,65.40125131650325
FTW,Presidio Production Company,PASSA_FASE0,,0,11.51,97169.43446825401,1.9566670402421282,0.7479102392588604,33.59235003978239,-3.911174187085187,1.1235229560005129,15.479081947551279
LTC,"LTC Properties, Inc.",PASSA_FASE0,,0,41.68,529124.397074873,0.7280021342854321,1.1023557757675335,63.31264267101029,2.5577933342355585,3.629742232713571,20.285106625643024
RM,REGIONAL MANAGEMENT CORP,PASSA_FASE0,,0,42.36,64720.621261809516,0.8429631193480704,1.1429977707128662,57.11351658903664,0.4434116614895789,2.4879835270362065,33.05187953496242
ECO,Okeanis Eco Tankers Corp.,PASSA_FASE0,,0,58.32,456895.5213673334,0.6141765580984815,0.9186302171157779,61.27233788396908,5.2755088226003055,2.546076890931353,46.306483050539846
RCAT,"Red Cat Holdings, Inc. Common Stock",PASSA_FASE0,,0,6.77,12581999.203783525,0.6101537736589959,0.700041338628775,32.791971570698934,-20.39976484420929,1.8223922708494988,78.61240562669954
SARO,"StandardAero, Inc.",PASSA_FASE0,,0,28.73,4022243.8516169996,0.9299045338810935,0.8639452521497301,54.373906314288725,1.2082995737485502,1.2417927095387056,39.257957297865346
LQDA,Liquidia Corporation Common Stock,PASSA_FASE0,,0,86.82,1945258.2322306824,0.5968088249927153,0.7479295633241488,61.98898552478715,7.415930517407765,2.9273060711435925,64.8297744314848
AUNA,Auna S.A.,PASSA_FASE0,,0,5.2,283273.5233942063,0.47448178259835566,0.5694699962712765,55.58487123016266,1.3250194855806807,2.3317623977229287,29.195739547145788
RNAC,"Cartesian Therapeutics, Inc. Common Stock",PASSA_FASE0,,0,7.42,276039.6330682857,0.6115733836171209,0.5817203671315807,34.502931213860364,-15.758401453224335,1.5399655003297512,42.689277529835714
WT,"WisdomTree, Inc.",PASSA_FASE0,,0,18.24,2944559.2905065557,1.090881451480438,0.8136790449222459,42.10258021066154,-5.604719764011811,1.2951656556549567,44.03062229855556
NVMI,Nova Ltd. Ordinary Shares,PASSA_FASE0,,0,366.91,485076.0251324602,2.1742935470764455,1.1464266286852542,29.381608442949457,-18.529349396092208,1.0,62.94823849228459
ELBM,Electra Battery Materials Corporation Common Stock,PASSA_FASE0,,0,0.4978,820197.9104152855,0.605284959590587,0.39214332786180656,38.52768526118137,-8.493488111322511,1.3811241679945072,49.6522552750663
EPSM,Epsium Enterprise Limited Class A Ordinary Shares,PASSA_FASE0,,0,1.34,1252255.6975533653,0.00572009190295159,0.047438312073975177,51.26421756062007,3.5112723003062785,79.727706018996,68.50403722330914
LDOS,"Leidos Holdings, Inc.",PASSA_FASE0,,0,114.37,1600929.3953315872,0.8878308994773668,0.926370381670378,56.12541130327831,5.144128449222918,1.6292537633761053,31.297750986795354
FET,"Forum Energy Technologies, Inc.",PASSA_FASE0,,0,51.11,167665.62868612696,1.2200457280778725,0.8423018041027708,44.672241894895244,-1.796522240368914,1.2859259984232172,50.06677761570392
LGND,Ligand Pharmaceuticals Inc.,PASSA_FASE0,,0,288.01,349679.33324858727,1.0201477825411096,1.0600784644436734,45.57713897303315,-5.873701927397801,1.843357939663487,29.714895297730866
ITT,ITT Inc.,PASSA_FASE0,,0,190.8,864405.0795935872,1.2518396223767725,1.056191707158581,45.57424392730697,-0.8694703426705419,1.3492507684117288,30.78447994282259
RNGR,"Ranger Energy Services, Inc.",PASSA_FASE0,,0,15.14,236178.23809180953,1.1817899241525396,0.9225649622466476,43.306584391254844,-3.7446754402695626,1.6273863024804682,38.46905854506602
ROC,Rank One Computing Corporation Common stock,PASSA_FASE0,,0,4.33,78048.06869631745,0.9391016654773199,0.6981556241746055,40.15083064299867,-11.704730831973897,2.392684028387049,71.11443036142097
DLTH,Duluth Holdings Inc. Class B Common Stock,PASSA_FASE0,,0,4.01,131315.19905966666,0.27723959411170707,0.6280362130592146,44.0300107501121,-5.835388047434565,5.982297144354994,49.76603315689871
NAT,Nordic American Tanker,PASSA_FASE0,,0,6.41,3837054.344719635,1.168509095555072,0.8519076728681816,59.58605579901753,4.1175992853082155,1.0,35.65695785609462
SON,Sonoco Products Company,PASSA_FASE0,,0,58.98,1289921.3128331907,0.9621624558881118,0.9509824836482352,62.57180728590009,5.022302548989921,1.6126459852976174,36.32484434584552
AMRZ,Amrize Ltd,PASSA_FASE0,,0,49.46,3060220.1580368257,0.8523966779447015,0.8481835201455186,44.483783668928325,-1.7451850968940308,1.8029587702740368,34.83843023124481
ECBK,"ECB Bancorp, Inc. Common Stock",PASSA_FASE0,,0,20.335,12039.606235174602,0.6335836779872374,0.6247579251740301,56.12609218676571,0.9018396536538908,1.6759922984733548,18.854221185150514
DUK,Duke Energy Corporation,PASSA_FASE0,,0,129.08,3520668.382311587,1.0430747136752032,1.0370750013571175,56.69022616179875,1.5410514391799968,1.5678501635661102,21.518205401561435
ADSK,Autodesk Inc,PASSA_FASE0,,0,245.25,2633908.003857587,0.9233762200088218,0.8483438094617731,70.46273272682156,14.90456244904843,1.597738115274371,44.75077068727598
IMRX,Immuneering Corporation Class A Common Stock,PASSA_FASE0,,0,4.055,1509917.4768873963,0.5307280449021268,0.5990074257569512,34.15368958516861,-15.534031140967542,1.9812919221796494,58.13474319020364
MKSI,MKS Inc. Common Stock,PASSA_FASE0,,0,257.61,1334330.538519889,1.8813813612574983,0.9830871393964554,29.02326342522575,-24.781009110021014,1.0,76.5798498954907
GIS,"General Mills, Inc.",PASSA_FASE0,,0,37.92,10525895.75766916,0.7061537326014647,1.0643496555332244,58.888374888516964,2.5821373983849982,3.6977994883321514,43.10775086062865
VRT,Vertiv Holdings Co Class A Common Stock,PASSA_FASE0,,0,223.04,5919010.32166546,3.592782585475939,0.8093747176438052,26.843501751526773,-25.23226638016429,1.0,81.8405511278939
AOS,A.O. Smith Corporation,PASSA_FASE0,,0,62.04,1799627.443118841,1.3893857332858444,0.9171684294803528,56.133460598681296,2.2589604331666013,1.0,28.799580955288317
VHC,VirnetX Holding Corp Common Stock,PASSA_FASE0,,0,12.85,21117.97995360317,0.1558503882582976,1.088342131117447,54.335149526252025,8.741643395108746,37.62185400716287,84.23616609493996
NXRT,NexPoint Residential Trust Inc,PASSA_FASE0,,0,27.02,228292.56164501584,0.792292121388743,0.8822116713113551,48.68184183115016,-0.47148961249445787,1.945874591013137,29.256018924917555
HXHX,Haoxin Holdings Limited Class A Ordinary Shares,PASSA_FASE0,,0,0.4422,1744298.379804635,0.020527451274712727,0.5165769392176016,40.678135465802285,-15.231331052132157,18.278156342121434,72.97100492679999
BOW,Bowhead Specialty Holdings Inc.,PASSA_FASE0,,0,31.96,204076.5862673651,0.6006660378540577,0.8119082124647757,62.027285762093115,2.892648455483471,2.5138293383424366,36.40747915024918
CLMB,"Climb Global Solutions, Inc. Common Stock",PASSA_FASE0,,0,28.41,179093.819913746,0.6887295102835244,0.8814505251092897,71.74504873210061,10.772110070280426,2.3715616782761417,43.84087977164327
SMA,"SmartStop Self Storage REIT, Inc.",PASSA_FASE0,,0,34.92,711308.3154849047,1.9729833217994805,1.0600914333202427,60.26802811051515,3.4053893988747586,1.6480649223546546,29.757402454456827
XEL,"Xcel Energy, Inc.",PASSA_FASE0,,0,78.75,5611538.255044603,1.1513251635880808,0.8624220358664443,44.604282960047534,-1.5538859650219505,1.103642067670249,20.03057332267749
FSBW,"FS Bancorp, Inc. Common Stock",PASSA_FASE0,,0,43.96,16766.59340053968,1.0770726257618155,1.1503599942477982,55.51464233560282,0.9414466130884147,2.1023453595005925,27.148178857609516
PBT,Permian Basin Royalty Trust,PASSA_FASE0,,0,29.14,152144.39081709526,1.36279467850551,0.5268447047766118,59.85052546700466,5.980978705606366,1.0,42.92528154980698
BHR,Braemar Hotels & Resorts Inc. Common Stock,PASSA_FASE0,,0,2.38,584642.2058786032,0.8408465631817148,1.14699960537273,64.87361703675248,10.723424052105134,2.5326868743075215,42.36140814164565
LEN,Lennar Corporation Class A,PASSA_FASE0,,0,84.56,2666657.020758952,1.6103048536601292,0.9000312063729213,46.79413136631423,-0.21889067856111222,1.0,32.29148654840042
FOSL,"Fossil Group, Inc.",PASSA_FASE0,,0,4.4,864729.0684282698,0.6779100967711098,0.8336919705952973,58.07592171761785,6.036871912278596,3.979953448075683,38.55740164300185
HAFN,Hafnia Limited,PASSA_FASE0,,0,7.58,1702772.51515573,0.5967111322407469,0.829273409747489,54.56384251950378,3.3612872434717334,2.8459637344685893,35.53323169490391
RCL,Royal Caribbean Group,PASSA_FASE0,,0,323.58,2829370.0694588735,0.9498127772935581,0.8780038720979016,66.50718044407589,10.44062937301613,1.9924258668851542,39.60295853506729
MET,"MetLife, Inc.",PASSA_FASE0,,0,97.02,3641198.810194222,1.311935059662176,0.9741086470120419,70.49410641243918,4.6342331460371256,1.0783043149937006,21.326673007935042
USAR,"USA Rare Earth, Inc. Class A Common Stock",PASSA_FASE0,,0,13.07,15042232.506408712,0.8964628103443307,0.680075785827502,29.89592147392085,-21.860520730577214,1.1119232434326185,73.71902049355018
WES,"Western Midstream Partners, LP",PASSA_FASE0,,0,46.99,1172410.8098068412,0.9240814450700044,0.6151159428033295,60.83287282579477,2.6453177220996382,1.0636944522556544,19.4783128959155
FCNCA,First Citizens BancShares Inc,PASSA_FASE0,,0,2171.89,78676.81138358732,0.7339645704178388,1.1174180814868384,56.62435351062795,2.7923838912579546,3.542591975276157,36.23075886502419
GTBP,GT Biopharma Inc. Common Stock,PASSA_FASE0,,0,0.3018,1498892.1060548096,0.44227157987631643,0.5914838129948635,33.9093044529736,-22.20546726984496,2.9465920807368176,72.42373375670444
VNCE,Vince Holding Corp. Common Stock,PASSA_FASE0,,0,6.22,220919.86874087297,0.22097124909692764,0.5590885923822223,50.266878085481835,-2.0819394702664584,5.635798557566538,52.5976459092163
GNRC,GENERAC HOLDINGS INC,PASSA_FASE0,,0,195.19,954556.8662957936,2.8589365999357286,1.0100567531598288,27.414759477971344,-12.763466042154558,1.0,47.053215395933954
SONO,"Sonos, Inc. Common Stock",PASSA_FASE0,,0,17.52,1962835.2777855871,1.9759876954283462,1.0326246018964758,71.31966286260116,19.017696409768668,1.0357362241038068,58.596403059178826
FHN,First Horizon Corporation,PASSA_FASE0,,0,25.77,4615637.988099382,1.0362117947808211,1.2579236174146278,55.04573279651201,0.5227024496801569,2.910211728718278,21.290289661438127
LBRX,LB Pharmaceuticals Inc Common Stock,PASSA_FASE0,,0,39.0,248577.3196844286,2.8534605157158768,1.1525757941978372,72.71724640969028,16.46832210956981,1.1268000057478336,63.96825405529365
NSP,"Insperity, Inc",PASSA_FASE0,,0,53.18,760207.7087899523,1.2186550613839877,0.818341752905114,70.62355221894677,10.841314338714202,1.3546320149731645,48.94885364124011
CCB,Coastal Financial Corporation,PASSA_FASE0,,0,70.66,137128.49476722223,1.2657112727564717,0.8085437863888977,36.6487217091393,-8.12399230249129,1.5576466986376893,40.75768349051076
SATL,Satellogic Inc. Class A Ordinary Shares,PASSA_FASE0,,0,3.31,8319978.790808906,0.48597217228253226,0.6030572302883579,29.243105490477333,-21.044785019977354,1.6189466515768904,72.58878453855208
FBK,FB Financial Corporation,PASSA_FASE0,,0,59.69,358328.50998977775,1.1492544968100584,1.1309180513218458,63.8182067989502,2.708376350746766,1.895570683190157,21.03954694524603
MX,Magnachip Semiconductor Corp.,PASSA_FASE0,,0,3.01,2572864.0248931744,0.5653564040168795,0.4396534257854985,31.673509498200886,-19.16207868940515,1.4745210087418759,88.46132666214275
BAM,Brookfield Asset Management Ltd.,PASSA_FASE0,,0,47.35,2872353.876815159,0.6849888928336298,0.7474627550158617,51.709345661926534,0.7832787024818044,1.6816250608017629,27.273281622729996
CRNT,Ceragon Networks Ltd,PASSA_FASE0,,0,2.07,732578.5992610633,0.9370324840821281,0.9940632580724441,34.543377615844065,-8.890845070422548,7.767751282364726,48.03481567430457
LAC,Lithium Americas Corp.,PASSA_FASE0,,0,2.71,11373199.888864966,0.4856980090498773,0.8675988984288576,25.328170736352376,-15.08694971016764,5.208161244534432,47.717282365350115
CHH,Choice Hotels Intnl.,PASSA_FASE0,,0,115.65,669762.0178173968,0.5826615185670261,0.9158292026673022,60.53264736992552,4.979371757689632,2.5792033150958535,32.90675748388118
ABT,Abbott Laboratories,PASSA_FASE0,,0,108.0,13287723.610134937,0.9150296997917862,0.9773156478617502,73.9281884486502,10.323411036427155,2.6940301360808814,42.55057271840647
EVC,Entravision Communication,PASSA_FASE0,,0,11.04,3019292.596743412,0.6751223103731634,0.533026018822719,51.98355913451643,-3.1621420113153054,1.1964946458857353,50.02872761458048
MEOH,Methanex Corp,PASSA_FASE0,,0,54.64,928837.1771742064,1.835172234865553,1.162387309683993,53.48037371416039,5.597804555161501,1.3578431454717539,50.209275229800774
CRAN,Crane Harbor Acquisition Corp. II Class A Ordinary Shares,QUARENTENA,INTERRUPCAO,17,10.14,,,,,,,
RCI,"Rogers Communications, Inc.",PASSA_FASE0,,0,34.82,1216607.3583617622,1.3916491247339258,1.265904752768677,54.66523799760479,4.59754577269107,1.4323539068768996,32.97435401688334
ACIU,AC Immune SA,PASSA_FASE0,,0,2.27,275004.94853933336,0.22303514682473896,0.9127757345220915,43.83948338839482,-3.8746559390218094,11.20601934007787,52.11444365844575
SIF,"SIFCO Industries, Inc.",PASSA_FASE0,,0,26.76,108439.94936242855,1.202581929037517,1.3839963441595702,65.53013493284757,10.970577868087684,3.1346908743124158,84.51913419316233
ALLT,Allot Ltd. Ordinary Shares,PASSA_FASE0,,0,7.4,416053.30504914286,0.37380561006871493,0.6793349510227195,39.40742175058252,-9.568617866308216,3.48212666247585,36.51346977133268
IMMX,"Immix Biopharma, Inc. Common Stock",PASSA_FASE0,,0,8.17,1707992.9283203972,0.8006931854658477,1.1339158192869268,37.35361737237865,-17.591285051442405,3.102466315824567,96.5765113676953
ALH,Alliance Laundry Holdings Inc.,PASSA_FASE0,,0,25.97,650544.2019839681,1.5216504574417755,0.7964232773656602,52.45833214616025,1.2238852510134013,1.0,30.519536599060576
DGICA,Donegal Group Inc,PASSA_FASE0,,0,19.31,136721.08952665082,0.6760792209820851,0.8350964226670677,62.003498068692586,2.494692144373678,2.166403993419494,26.23083524042493
SNDR,"Schneider National, Inc.",PASSA_FASE0,,0,35.26,1054431.7390146032,0.7493340575174562,0.9126747590316248,40.94290251865602,-4.382254040568389,4.097857850778339,30.53402961151218
MOS,The Mosaic Company,PASSA_FASE0,,0,22.62,8874975.411810903,0.7818428029183867,0.8857107099252359,53.35943562039423,2.731793718918185,1.5126337281146347,32.708686194168
CPA,"Copa Holdings, S.A.",PASSA_FASE0,,0,136.28,360493.3476220953,0.8534770699389798,0.8020042756655281,40.108989532362195,-5.535935230978783,1.5889803632013946,31.081513727181175
TORO,Toro Corp. Common Stock,PASSA_FASE0,,0,5.06,81918.61297561903,0.28793436164526026,0.38367570992387756,53.5535219648187,1.3165139910897405,4.075163751214486,22.603962090240845
OPCH,"Option Care Health, Inc. Common Stock",PASSA_FASE0,,0,23.93,3428408.6816685237,1.5403591423863956,0.6234221406135879,68.93536062344614,10.00022983750486,1.0,34.68031579790369
EXP,"Eagle Materials, Inc.",PASSA_FASE0,,0,209.91,446880.5878218095,2.5225954455388035,1.0389725575933613,48.07967767283326,-0.15957535357477015,1.0,40.230892814875524
STAA,Staar Surgical Co,PASSA_FASE0,,0,23.87,878129.8887054923,0.959919456940047,1.0432048113473131,38.001121229181756,-8.675274988043991,3.4363340474554245,60.531514938804435
OGN,Organon & Co.,PASSA_FASE0,,0,13.54,4290752.6566717625,0.6059531492194556,0.6151221867462929,61.840088857327764,0.17386157659153856,2.5244649792128775,3.0163392424092264
APC,ARKO Petroleum Corp. Class A Common Stock,PASSA_FASE0,,0,20.0,164627.75339049211,0.7924090467271975,0.569006106887747,50.18820131766271,0.18408826218174745,1.2961232889765317,37.944397649503294
COSO,"CoastalSouth Bancshares, Inc.",PASSA_FASE0,,0,27.34,122148.14115273014,0.6563089674836873,0.798511386853143,57.91105122061919,1.8818706912614225,3.0917048074607085,20.869524906842297
OKUR,"OnKure Therapeutics, Inc. Class A Common Stock",PASSA_FASE0,,0,3.95,299121.1266279047,0.27577149608229873,0.5718705954683045,39.361322989833106,-7.036949870557785,4.491705700293622,39.28264701054472
FPH,"Five Point Holdings, LLC Class A Common Shares",PASSA_FASE0,,0,5.35,163972.9397069524,0.9229221319716542,0.7941990086156175,56.80312183994902,3.0828516377649384,1.748593215773525,27.994309729948537
ACNB,ACNB Corp,PASSA_FASE0,,0,63.53,67499.05891931747,1.2433140917462824,1.1216530064566943,62.87171168021944,4.177427950641599,1.815412724715544,28.606825989830963
CCCC,"C4 Therapeutics, Inc.",PASSA_FASE0,,0,3.52,3231177.610258222,0.6877197740326059,1.0619129943315901,41.8902292049307,-8.961593172119485,3.0207745424833976,63.18423043504219
ICHR,Ichor Holdings,PASSA_FASE0,,0,62.25,1183743.1735639363,0.8363023661935651,0.9465679846921035,33.58207720472568,-30.265774217940443,2.5438021410053984,118.93675827797279
WKC,World Kinect Corporation,PASSA_FASE0,,0,40.25,1083555.4717752538,1.4013992426554414,1.2701693857523297,82.60293904798468,11.494300632955223,2.883807558386348,26.91108321048815
AIFU,AIFU Inc. Class A Ordinary Share,PASSA_FASE0,,0,32.5,8474.247944571429,0.42686659956855233,1.222211422364018,37.10947668164029,-9.463816866194485,9.977811961322201,65.44941211517356
SFBS,ServisFirst Bancshares Inc.,PASSA_FASE0,,0,89.63,292526.35671979364,0.9882026391109116,1.0657514060204165,62.46792219412771,3.156974000713575,1.9626375927174058,25.542629359239132
SLXN,Silexion Therapeutics Corp Ordinary Shares,PASSA_FASE0,,0,1.6,631003.545645127,1.3314643871201015,0.03508117612400764,26.147728415401232,-36.57086223984142,1.0,163.7448621615964
TGLS,Tecnoglass Inc.,PASSA_FASE0,,0,44.88,297196.0918290317,0.8106420740067944,0.7983533162969487,49.75789744476151,-0.3131871793162988,1.7300419058380143,41.160962012230115
LSTA,"Lisata Therapeutics, Inc. Common Stock",PASSA_FASE0,,0,1.09,111696.97249252383,2.8664023219736747,0.8597889653824586,14.934491067184553,-61.5689731159101,1.7619987781550424,192.69222610543457
EHTH,"eHealth, Inc.",PASSA_FASE0,,0,1.32,395444.1057949365,0.35423641031494085,0.7397972203652098,34.98138523175422,-12.5248508946322,4.365975171974375,68.8588708065697
DTSS,Datasea Intelligent Technology Ltd. Class A Ordinary Shares,PASSA_FASE0,,0,0.85,289214.12776058714,0.01830611266467148,0.06854653482301848,54.35829351643355,4.952524416896109,14.722697590969391,63.8812188300403
TTRX,Turn Therapeutics Inc. Common Stock,PASSA_FASE0,,0,7.43,75589.78966622222,0.9636534309017938,1.7670736092025117,43.28926827508799,-15.773961344442567,6.175875600668224,119.52492227096894
XFOR,"X4 Pharmaceuticals, Inc. Common Stock",PASSA_FASE0,,0,4.0,647361.0769088889,1.3525905708882093,1.0029434136706357,51.33774313912214,1.3813204916994115,1.2926931341161056,77.3999870810337
CMRE,Costamare Inc.,PASSA_FASE0,,0,15.34,467280.2202065556,1.153198780844608,0.800141309428797,51.044570369726664,1.9540077096902975,1.1636749113283265,27.289303426362356
LCID,"Lucid Group, Inc. Common Stock",PASSA_FASE0,,0,7.96,19289432.27329992,0.8658202186698086,1.3561535629624026,64.05386883620315,23.616880847924836,8.911644128585507,157.81038098093973
ADGM,"Adagio Medical Holdings, Inc Common Stock",PASSA_FASE0,,0,0.41,95197.76993542854,0.9256676018752509,0.7862100983186553,21.697806383119698,-23.54027189825262,2.4538787951335106,75.14506249328781
LXP,LXP Industrial Trust,PASSA_FASE0,,0,60.67,570985.4053620794,1.163942904750009,1.4045774831217122,71.82651901595138,4.930905065808822,4.802603538561285,22.13147241286648
UWMC,UWM Holdings Corporation,PASSA_FASE0,,0,1.98,21135466.57333152,0.7012316964139217,0.7993698994213986,43.83018408299708,-0.6024096385542022,1.744840674269119,53.74260157897651
GAME,"GameSquare Holdings, Inc. Common Stock",PASSA_FASE0,,0,0.3454,1454457.8980909528,0.2268073540884105,0.5521558397186275,43.87583866708619,-3.8485628784188153,4.810225143459355,101.33671202083102
GEOS,Geospace Technologies Corporation Common Stock,PASSA_FASE0,,0,6.49,174950.61787349213,0.9883692052864683,0.5485736735871313,36.82203666856626,-6.786355475763017,1.0580708693997924,48.082032685157316
TDTH,Trident Digital Tech Holdings Ltd Class B Ordinary Shares,PASSA_FASE0,,0,2.76,1337330.9326005082,0.02084472709891868,2.9628650022872765,53.962778391114504,8.51189306074307,1458.4363244253084,247.47741753455367
UVE,"UNIVERSAL INSURANCE HLDG, INC.",PASSA_FASE0,,0,45.02,214980.74611684127,1.180287540411148,1.1489657693571005,66.81269269937476,9.521724322483326,1.5887606993909473,57.429659502704865
CBUS,"Cibus, Inc. Class A Common Stock",PASSA_FASE0,,0,1.94,347627.50385173026,0.5817899742169477,1.343676586407347,58.975242024820965,7.064017660044164,10.07154512134316,119.45389855209821
NTNX,"Nutanix, Inc. Class A Common Stock",PASSA_FASE0,,0,59.57,3914418.3464975236,0.6942482002437446,0.8442622593122063,71.02815213451392,8.811602674167961,2.356465047658211,30.33597169653721
NEWT,"NewtekOne, Inc. Common Stock",PASSA_FASE0,,0,14.74,216821.4584455873,0.9231417056408678,0.9539629922229661,53.546310542796896,0.2380142808568353,1.4643399484297375,29.29908077843404
FIG,"Figma, Inc.",PASSA_FASE0,,0,24.76,20993434.518220283,0.9646012620654658,1.0365283594061376,61.22235003007561,10.503648494856431,1.832259804752113,84.75450604503078
MGM,MGM RESORTS INTERNATIONAL,PASSA_FASE0,,0,45.83,4399378.471400492,0.5442454650724307,0.5634971067443026,47.40936335172272,-1.249730661495374,1.484784375232315,13.895014960701937
EHC,Encompass Health Corporation Common Stock,PASSA_FASE0,,0,113.8,1008525.2922347301,0.7522322342476548,0.9205177800907117,62.80913154673453,2.8180085109458686,1.7779737248910241,25.123566190004425
CRIS,Curis Inc,PASSA_FASE0,,0,4.98,173615.10047714284,0.384398960998132,0.7265005573628415,42.201195579693724,-3.7392842300592477,3.8370846827444764,124.36277820081558
KLTR,"Kaltura, Inc. Common Stock",PASSA_FASE0,,0,1.39,399392.8552223652,0.4403781104698912,0.7325119503669258,52.43024114644749,3.63466915191053,4.956067478099783,46.78003973854557
CBC,"Central Bancompany, Inc. Class A Common Stock",PASSA_FASE0,,0,32.67,715005.0631826032,0.9945883714160286,0.894106293748277,69.88138295373211,3.436812360493291,2.042628339391621,20.420374470994197
CARG,"CarGurus, Inc. Class A Common Stock",PASSA_FASE0,,0,37.07,1431621.9147835402,0.8561360389187107,0.8183783795081092,65.57292158155934,6.220808619158125,1.9835744688390837,39.77972050790431
TDS,Telephone and Data Systems Inc.,PASSA_FASE0,,0,33.95,1102968.9494136986,0.8527624065554844,0.9527591759801162,36.31225849694536,-1.4385043039003453,2.1255439477751747,21.96841875553391
LAB,Standard BioTools Inc. Common Stock,PASSA_FASE0,,0,0.8739,3530996.9181406037,1.1131772415122463,0.755716525697501,51.25202182444361,1.0955195909443383,1.5634555822223688,80.5803834434384
MLM,Martin Marietta Materials,PASSA_FASE0,,0,569.66,583244.9265701746,1.3816934230803637,1.0073619458912837,48.55979857050817,-0.3492481936267833,1.0,29.88101091912339
XPOF,"Xponential Fitness, Inc.",PASSA_FASE0,,0,6.82,654716.1473842857,0.9033698382939804,1.0000463767456869,56.69349264575341,2.703109705594464,1.9641011662150654,37.370596704297114
PURR,Hyperliquid Strategies Inc Common Stock,PASSA_FASE0,,0,5.97,14056780.181175793,0.6524298299764604,0.6814119222747959,34.793591634336494,-17.0141784820684,1.6041800285075212,75.72759593254735
EFXT,Enerflex Ltd.,PASSA_FASE0,,0,21.13,519529.39267795236,1.0254061492382773,0.8253271620860818,32.01886320230737,-9.348320391265187,2.085337829800684,39.672199517126316
IQST,IQSTEL INC. Common Stock,PASSA_FASE0,,0,1.08,5039933.055031745,0.09074271528357024,1.6457458056188525,48.89846762266097,2.2664324639108724,304.17855130278906,141.1231953336106
HRB,"H&R Block, Inc.",PASSA_FASE0,,0,47.18,2376662.1665842696,0.9814735951902028,0.7701452114231524,76.0571883308196,15.133545639786705,1.11601001745383,38.013530822497046
USLM,United States Lime & Minerals,PASSA_FASE0,,0,113.0,214225.8521564286,1.1537427923195827,0.8046449144173811,59.67903556417811,6.696377988442803,1.3920354035198395,37.183635627056184
LUNG,Pulmonx Corporation Common Stock,PASSA_FASE0,,0,1.25,459749.750323381,0.5026722036639397,0.5194336042116935,42.48089849697918,-9.107435011816033,1.7925216699595563,75.5184118130704
WOLF,"Wolfspeed, Inc.",PASSA_FASE0,,0,20.06,7360987.902788397,0.6435793137807556,0.5408023650318564,27.89399106570538,-37.08936383736064,1.3115889691559577,92.46761339221017
CBU,"Community Financial System, Inc.",PASSA_FASE0,,0,64.43,302081.50035741256,1.0459274929784592,0.8850213866432807,40.82890056490062,-4.248837105619041,1.3804764005009622,25.068769835868288
IP,International Paper Co.,PASSA_FASE0,,0,42.64,6442574.216270414,0.8849495170993149,0.8577852312584042,66.37229252164059,10.612467249474689,2.1004309608022314,51.244683336795326
ECVT,Ecovyst Inc.,PASSA_FASE0,,0,12.03,1771468.8883243015,0.6574448102549966,0.8294901985833212,41.44428546119683,-1.9040241366657384,2.186970000180704,33.819917663495005
UHT,Universal Health Realty Income Trust,PASSA_FASE0,,0,44.69,154206.7524248413,0.6795917158691039,0.7876229563724632,60.192762647300164,1.8505857149368587,2.241925767473861,25.14648966632422
RLAY,"Relay Therapeutics, Inc. Common Stock",PASSA_FASE0,,0,18.37,4090945.141762921,0.4752311267415835,0.7408729998106622,49.98904500705431,-3.976582204043222,2.646464580506881,51.20444481573937
MPLT,"MapLight Therapeutics, Inc. Common Stock",PASSA_FASE0,,0,15.02,617452.0327672223,5.009502028199008,1.9130831230390866,29.91084839760532,-55.001984765984844,2.63426777225607,473.6339675249195
IAUX,i-80 Gold Corp.,PASSA_FASE0,,0,1.27,10350612.466763573,0.5241820265616105,0.9117941465407219,39.755745350693466,-6.8573524019068355,3.1927697417430583,55.561671361092294
UNP,Union Pacific Corp.,PASSA_FASE0,,0,292.19,2960517.4068365553,1.0320204347708057,1.0390650099708838,54.769200705180694,0.32068008899388545,2.4376239217393705,26.16025615074873
RGNX,REGENXBIO Inc.,PASSA_FASE0,,0,9.62,2199058.033224429,0.49549140667484937,1.089959638072035,41.136390015414236,-19.571942145305588,6.898722695462599,94.09765659754945
DOMO,"Domo, Inc. Class B Common Stock",PASSA_FASE0,,0,3.63,2149592.7792690317,0.5404399355886581,1.4150027092289879,54.22586946247043,3.507271171941828,26.544183507950507,102.36453679392929
SOPH,SOPHiA GENETICS SA Ordinary Shares,PASSA_FASE0,,0,5.55,235049.24781368254,0.6720368921376519,1.5131535241277476,46.27837195272262,-3.7627882781342326,3.977069556458366,51.62751105531813
ROP,"Roper Technologies, Inc. Common Stock",PASSA_FASE0,,0,408.07,1120874.9336637303,1.1367673829721492,0.7955693794966477,72.41140216841023,12.673139658973698,1.189097012082711,45.28246465881997
ADUS,Addus HomeCare Corp.,PASSA_FASE0,,0,119.13,259432.41344955552,0.8848298220593579,0.9560481647021618,76.77173763003522,7.521932199718395,1.8307056301749516,25.34286885025962
KBR,"KBR, Inc.",PASSA_FASE0,,0,35.93,1884449.153543746,1.4843224549460186,0.8700163326043756,52.098348142223884,-0.08898281519382767,1.0,33.983001759084765
XPO,"XPO, Inc.",PASSA_FASE0,,0,199.38,1459135.6252266667,1.024311517575224,0.6347852694664113,39.275176335204634,-4.613596078909765,1.0,33.44679198011627
LIVN,LivaNova PLC Ordinary Shares,PASSA_FASE0,,0,81.43,771383.1799283016,0.6507307615984786,0.7224070624279691,54.98863680238931,0.3125914291433718,1.635012732625787,27.36666402901787
TBLA,Taboola.com Ltd. Ordinary Shares,PASSA_FASE0,,0,5.17,3245438.4060144443,0.5196853611408497,0.8136540094747519,53.08527871729044,-1.650259190564518,3.1259703242335752,42.87581133827342
GBFH,GBank Financial Holdings Inc. Common Stock,PASSA_FASE0,,0,30.02,67855.20373876189,0.6684197526635793,0.8696680082818765,45.91175542115448,-2.822737278259735,1.847960683977978,34.94602082792694
ECOR,"electroCore, Inc. Common Stock",PASSA_FASE0,,0,6.07,110646.57847879366,0.5072379830051109,0.702368080328798,38.017425755185336,-8.687476494922885,5.770927206561328,81.12395348451666
BRC,Brady Corporation,PASSA_FASE0,,0,94.71,337452.0024667143,0.5692514312756166,0.5327840165978394,60.364949122466356,2.2184567398237265,1.3717864934386848,19.75388791213247
WSBCO,"WesBanco, Inc. Depositary Shares each representing 1/40th interest in a share of 7.375% Fixed-Rate Reset Non-Cumulative Perpetual Preferred Stock, Series B",PASSA_FASE0,,1,25.59,24702.9395784127,0.1876699728501659,1.2367576701963947,52.44425731265724,0.27233008757665544,69.07333908541845,7.262002756006572
NXDR,"Nextdoor Holdings, Inc.",PASSA_FASE0,,0,2.32,2911763.0541610317,0.7755599886844743,0.8475515470930959,52.65200699850812,-1.0660980810234477,2.296186840400517,42.38993972556992
OZK,Bank OZK,PASSA_FASE0,,0,51.55,1176785.2527877302,1.3465261473639718,1.24185322527037,55.00959123537968,1.3427172823244904,1.6697830734659453,29.719610068768837
AUR,"Aurora Innovation, Inc. Class A Common Stock",PASSA_FASE0,,0,5.98,29818072.34037819,1.1227570862164722,0.7754066664054262,44.59625418717797,-4.449948070623943,1.204268535000077,63.58274437229537
OTTR,Otter Tail Corp,PASSA_FASE0,,0,90.77,256139.04962385714,0.77719488479143,0.8982920110142756,50.232861784883724,-0.24288116407116256,2.9305279135679325,24.24276141250855
CLPR,Clipper Realty Inc. Common Stock,PASSA_FASE0,,0,2.87,103554.1937578254,0.4080605192371242,0.5551018517490616,44.62240959302403,0.0,4.739705138695556,23.227156932853628
EGO,Eldorado Gold Corporation,PASSA_FASE0,,0,31.97,2940388.432034826,0.7292028571773421,0.6725515434876148,54.19268797817787,3.754908642456112,1.9691285358408974,60.123940149698065
FTHM,Fathom Holdings Inc. Common Stock,PASSA_FASE0,,0,0.7945,1781221.6995891107,0.095151991613451,0.1253013151106541,41.84602714988008,-14.280473857972076,3.2853191316757266,71.36001362461482
REGN,Regeneron Pharmaceuticals Inc,PASSA_FASE0,,0,695.42,1003428.6424219683,1.018927625964702,0.7538278991792607,64.95388923457641,4.543937558065747,1.144985471953754,31.363181063430357
ITRN,Ituran Location and Control Ltd.,PASSA_FASE0,,0,54.37,150671.73658431743,1.2580826077419085,1.0983181483804205,36.45641375596533,-2.952306154505191,2.2566678160844424,34.18478089010195
KNTK,Kinetik Holdings Inc.,PASSA_FASE0,,0,50.6,1041671.3089745399,1.1892324003504622,0.7838337926787966,55.78610101969116,2.0120156445304627,1.0,32.370868140652526
GEF,"Greif, Inc.",PASSA_FASE0,,0,87.21,224444.7983422063,2.524327466962095,0.9367863332485246,82.1807501362735,14.948891832578749,1.0,31.838615483643913
CMTG,"Claros Mortgage Trust, Inc.",PASSA_FASE0,,0,2.07,595256.7140796033,1.083735444922224,0.8421903011990366,34.73983860500594,-8.183632734530931,1.5761095601469377,35.93390892054061
SION,"Sionna Therapeutics, Inc. Common Stock",PASSA_FASE0,,0,44.81,462079.637620873,0.7994546898928597,1.264383086815355,52.166662767114154,-0.19599982181834896,3.0841343982768032,65.46607032579992
NLY,Annaly Capital Management. Inc.,PASSA_FASE0,,0,23.05,7358538.333207508,1.0301628638270266,1.0063224948285296,56.32537650870691,1.3097749648382395,1.6470754014688576,20.308453801096533
ONL,Orion Properties Inc.,PASSA_FASE0,,0,2.65,423033.06381153973,0.6202862332905007,0.49495076887011025,43.72880984081113,-1.85185185185186,1.433468368324341,18.941565372442316
BWMX,"Betterware de Mexico, S.A.P.I. de C.V.",PASSA_FASE0,,0,16.98,76558.41523463491,1.2021619131081913,1.0613188161984224,39.48596001693521,-4.9085767087615135,4.534836022126069,25.867517348613383
SBSI,"Southside Bancshares, Inc.",PASSA_FASE0,,0,32.38,121578.95598457141,1.0782635806778607,1.2090928739576,36.14231611389981,-5.583904359236036,3.299995203337067,27.24039093556186
FOA,Finance of America Companies Inc.,PASSA_FASE0,,0,24.8,60329.71943358729,0.48878563130832353,1.0711987936267664,55.85329752105894,-0.803967841286346,6.064613503999891,42.53545927854008
PRAX,"Praxis Precision Medicines, Inc. Common Stock",PASSA_FASE0,,0,291.03,487440.4706474762,0.6969849337842606,0.7747232132711204,41.541491490827255,-8.115327056773214,1.8478002404520182,48.53639814633924
FUBO,FuboTV Inc.,PASSA_FASE0,,0,8.84,1455312.1023106514,0.7469927739300457,0.9214124682130637,44.12791937006732,-6.736297937437364,2.2632638870731348,67.07469708801102
UEIC,Universal Electronics Inc,PASSA_FASE0,,0,4.69,40176.21914071428,0.45736024660864383,0.7376901740043399,61.97883222357702,0.9796533534288221,3.448162234329071,20.00914327427864
LIND,Lindblad Expeditions Holdings Inc. Common Stock,PASSA_FASE0,,0,29.75,872184.7382608888,1.2607244243238422,0.877553743023999,68.25284989949913,9.830270699314259,1.0,43.246646761326225
RLI,RLI Corp.,PASSA_FASE0,,0,65.65,996079.8350056984,1.2549066208300954,0.9685016991610224,68.64343603475245,6.908765215975254,1.2033718159571793,34.68178386210925
SKYT,"SkyWater Technology, Inc. Common Stock",PASSA_FASE0,,0,30.58,929018.0245496348,2.19775235838378,0.7700859043421897,34.834003721005985,-4.755972217896431,1.0,21.85246439375106
TRS,Trimas Corporation,PASSA_FASE0,,0,39.33,485288.6007522062,0.9336625129329088,0.7559326613416898,38.87132867249258,-3.490583399791436,1.3234696564175599,23.815979926597375
ASTL,Algoma Steel Group Inc. Common Shares,PASSA_FASE0,,0,4.27,1074089.1578503335,0.9675338543486233,0.8248132778830236,54.467669264295836,9.43106099436186,2.1364924954251574,49.818620152253814
IFF,International Flavors & Fragrances Inc.,PASSA_FASE0,,0,79.63,2039124.4332423653,0.9447857782924308,0.9513019013940369,56.4814931840565,2.012580227776395,1.9413631832758498,35.95466118241884
TFSL,TFS Financial Corporation,PASSA_FASE0,,0,18.21,891024.849252381,1.306822607846465,0.8554450798578704,60.684203398166204,1.208837015423092,1.0,19.07003178032847
XPRO,Expro Ltd,PASSA_FASE0,,0,14.63,1161242.1846644129,0.7697842352121661,0.9911313294768144,41.086651911597045,-5.212348958502078,1.7977483987212006,40.59168273568463
ATPC,Agape ATP Corporation Common Stock,PASSA_FASE0,,0,2.29,3973388.1600063653,0.008549049854204424,0.5734634638520314,42.37371139006263,-16.36230825420014,1213.0134218398007,222.43707536295605
NJR,New Jersey Resources Corp,PASSA_FASE0,,0,59.45,660021.5180969683,0.8637367671325602,0.8807157109764846,58.933246985674565,1.6960749933713881,1.658782867097124,19.323948710752866
BG,Bunge Global SA,PASSA_FASE0,,0,107.78,1629650.0906037616,1.8349081586465918,0.8060539744375651,35.14583174400589,-6.738082670658563,1.0,41.75485589085875
VRNS,"Varonis Systems, Inc.",PASSA_FASE0,,0,40.65,2356918.563038825,1.9094807901943043,0.8472363986117097,42.90471056032331,-10.519712078187926,1.0,54.12418867468399
CAST,"FreeCast, Inc. Class A Common Stock",PASSA_FASE0,,0,1.2,9063234.2224946,0.0989763651358106,0.11313705540182632,33.04728170548313,-57.26115216810614,2.8252849356044774,174.3471795247536
NEWTH,"NewtekOne, Inc. 8.625% Fixed Rate Senior Notes due 2029",PASSA_FASE0,,0,25.2,7167.602873015872,1.0050780055241555,1.0125112019419675,47.416127064265964,-0.3139714320412268,2.1844042198778455,5.925234404347139
CRS,Carpenter Technology Corp,PASSA_FASE0,,0,530.62,738616.1770975556,1.2804112309972988,0.8657152034700081,39.00278398285561,-8.63571716364715,1.4320113046290759,44.568862397243144
CODX,"Co-Diagnostics, Inc. Common Stock",PASSA_FASE0,,0,1.51,5725952.96045411,0.14513419363754135,0.10965594388098222,28.097313219529354,-37.558151555877174,8.161789576864253,129.67196407537773
LEVI,Levi Strauss & Co. Class A Common Stock,PASSA_FASE0,,0,24.67,2843471.9637478096,1.2384741788905962,1.1580505182833585,52.99499989386883,0.7967313585291125,2.8708546238462254,33.69735660865265
AEHL,Antelope Enterprise Holdings Limited Class A Ordinary Shares,PASSA_FASE0,,0,0.5112,12386212.781615525,0.050576817119743676,0.8498511197025669,35.509346688212105,-36.65349012998923,154.28074678190188,200.63433203618177
ATLO,AMES National Corp,PASSA_FASE0,,0,30.58,73701.9336725397,0.3074268838137965,0.6363493949070477,60.33349672409111,3.0853116914856704,4.64090943610191,24.448597058205227
ARKO,ARKO Corp. Common Stock,PASSA_FASE0,,0,7.74,843452.6833221904,0.6281493354578804,0.7072132804879497,46.650269068366114,-2.653754244749096,1.5807927953276284,36.469962350365535
LHSW,Lianhe Sowell International Group Ltd Class A Ordinary Shares,PASSA_FASE0,,0,2.61,2130658.1095808097,0.027109883582103277,2.876384595803736,49.975137247971176,-8.613445378151274,1762.3060577879426,536.5012673267748
SYK,Stryker Corporation,PASSA_FASE0,,0,352.25,2772978.5567621747,0.6700238642062996,0.8808128681428635,65.25948321862646,8.119473168875091,2.1814244083373064,40.892713705261095
ACTU,"Actuate Therapeutics, Inc. Common stock",PASSA_FASE0,,0,1.08,247126.85014290476,0.23988936673905997,1.7754546070824726,31.98319889537892,-21.29713973401347,45.322866352476915,134.9813432840961
AAMI,Acadian Asset Management Inc.,PASSA_FASE0,,0,80.83,478577.0145961905,2.0476607564445293,0.8190300504879703,53.68387505772134,0.6474909724816458,1.0,40.751267124177566
VTGN,"Vistagen Therapeutics, Inc. Common Stock",PASSA_FASE0,,0,0.2433,2015543.4958792692,0.5371254755535415,2.133252223925486,34.75232824699911,1.5400025040690934,13.465904115091398,50.84259133094291
ISTR,Investar Holding Corporation,PASSA_FASE0,,0,29.8,190079.34501773017,0.8113144344306071,1.171263970466298,52.50790386888471,0.7165066919021301,2.296441486401074,22.668854642285723
DRS,"Leonardo DRS, Inc. Common Stock",PASSA_FASE0,,0,46.54,1011584.2546750158,1.2123528769484413,1.0836903350864058,53.38951988944318,2.7605584044954945,2.56765417350854,35.93418336215662
AXON,"Axon Enterprise, Inc. Common Stock",PASSA_FASE0,,0,531.2,1130087.1608075874,0.7974992073805613,0.8326999865292444,52.99342393882375,-3.572115786072394,1.9590972840829655,56.52426441027343
AMN,AMN Healthcare Services,PASSA_FASE0,,0,34.7,1074187.439653524,0.5797054965834028,0.7354488510296354,58.71970577354141,3.273809523809512,2.354443726853759,53.95027469698264
NCL,Northann Corp.,QUARENTENA,INTERRUPCAO,24,0.159,,,,,,,
IBM,International Business Machines Corporation,PASSA_FASE0,,0,226.44,11029933.251878746,0.7984363277217421,1.2665792548746901,42.03305704041627,-8.266878404190447,7.656825856388229,108.3598407883227
BIP,Brookfield Infrastructure Partners L.P. Limited Partnership Units,PASSA_FASE0,,0,42.62,903431.7953976508,1.9962052968073891,1.12595737575559,77.56818194973383,9.524972053400482,1.7698660832420405,20.52080056832092
TH,Target Hospitality Corp. Common Stock,PASSA_FASE0,,0,14.36,1349408.1505883494,0.8677961669509945,0.8015485972981999,25.813488800246446,-15.660881566969131,2.609746963582514,48.926127702496565
RANG,Range Capital Acquisition Corp. Ordinary Shares,QUARENTENA,INTERRUPCAO,35,10.7199,,,,,,,
ARHS,"Arhaus, Inc. Class A Common Stock",PASSA_FASE0,,0,7.59,1328889.3250250474,0.7023278417436369,0.8108414011298049,48.63211666053973,-3.336729495669888,1.9365370801188215,52.54073196866451
SRRK,Scholar Rock Holding Corporation Common Stock,PASSA_FASE0,,0,49.06,1388043.946284429,0.7835714534676048,0.7925638568300571,43.62966068111016,-6.710528817813599,1.5869859153099697,44.74501353684259
KURA,"Kura Oncology, Inc.",PASSA_FASE0,,0,8.93,1729385.2056255394,1.0336633791379075,0.8334993903286938,30.52318146858498,-17.7451296458343,2.132502583018347,56.486620043574995
HII,"Huntington Ingalls Industries, Inc.",PASSA_FASE0,,0,280.4,531227.7098686984,1.4504270512139577,0.8429140558002443,45.69321959057833,-0.8826534038890554,1.3276739331556269,38.47325948605608
NVRI,Enviri Corporation,PASSA_FASE0,,1,22.19,1299920.017573413,0.21470942424674028,0.35292584943734095,50.6439825704747,-1.8922981695994379,3.9683248845873904,36.80569199260969
SURG,"SurgePays, Inc. Common Stock",PASSA_FASE0,,0,0.235,4568481.823369858,0.4766557037744189,3.02909334462586,30.635471551075497,-30.04911445155529,81.74837323579911,173.88656650608357
WRBY,Warby Parker Inc.,PASSA_FASE0,,0,26.03,3280437.8209587773,0.6340497547193525,0.7631721709929828,48.04775157951442,-3.2989077940411504,1.9299671857510152,47.97551434161117
TRST,Trustco Bank Corp NY,PASSA_FASE0,,0,55.99,116772.34694825397,1.0191922981794581,0.9343046502657565,55.840696946474466,0.9870542135806737,1.369927890431054,20.703922788789892
JMSB,"John Marshall Bancorp, Inc. Common Stock",PASSA_FASE0,,0,23.22,42750.45998406349,0.7716320084578533,0.8345081438491924,62.37784128584275,4.322041513163799,1.9773217369073086,30.90211499154172
GALT,Galectin Therapeutics Inc.,PASSA_FASE0,,0,3.49,638884.9317700475,0.5175453177568615,0.9411011469572562,44.49829147935185,-15.542380059289707,6.264029906668546,106.1470862789159
CMC,Commercial Metals Company,PASSA_FASE0,,0,68.09,1213341.6475460953,0.9342616954429852,1.0343718845296377,51.106963231105446,4.191213600403998,1.6364940435692643,35.64933836448848
ALRM,"Alarm.com Holdings, Inc.",PASSA_FASE0,,0,55.69,532767.6636927937,0.8881662100082903,0.8233515597790462,72.18311185300988,7.2105805234433,1.355555949637319,28.788819345943452
CNOB,Center Bancorp Inc,PASSA_FASE0,,0,32.79,428422.6291512064,1.6413513463006577,1.1322687278181651,51.96817140373851,0.22618902066267044,1.0463539537714992,31.713880138828827
NAKA,Nakamoto Inc. Common Stock,PASSA_FASE0,,0,4.28,297569.06690690474,0.5769796063571153,0.8364747134411379,46.26570246958205,1.1342155009451904,2.7290390518477547,108.76062272815813
SSII,SS Innovations International Inc. Common Stock,PASSA_FASE0,,0,3.85,66644.2477588254,1.0720066307829113,1.3710575003496814,54.36523098588706,4.089219330855043,3.6139404860361317,65.3402021581679
CURV,Torrid Holdings Inc.,PASSA_FASE0,,0,2.75,470743.53598722216,0.8168094721059262,0.5701641631725676,80.91855414404122,25.94458438287157,1.4797045420141617,44.36442978686557
ASB,Associated Banc-Corp,PASSA_FASE0,,0,30.72,2060633.4952639209,0.8554429132824665,1.0705101789265148,52.917889659677066,-0.20465841535912688,2.4169138126440117,22.134191537555715
WAB,Wabtec Inc.,PASSA_FASE0,,0,291.76,945819.3194710158,1.072923313620364,1.0761404184406078,61.24269072971597,7.155383753707145,3.215122245035935,42.0818275463709
CLGN,CollPlant Biotechnologies Ltd Ordinary Shares,PASSA_FASE0,,0,0.312,57334.73611928571,0.2782033192725317,0.5039134478623976,41.08052919073557,-8.832867854995163,6.102623989400578,111.27462575793865
BNRG,Brenmiller Energy Ltd Ordinary Shares,PASSA_FASE0,,0,0.568,2469706.952418143,0.32418598701237483,1.8392228626730578,33.36234418782793,-28.741688621252038,60.96241095293466,167.12266253446057
NSSC,"Napco Security Technologies, Inc",PASSA_FASE0,,0,36.37,423412.5364745397,0.7758586331247034,0.6954473520761146,47.73581466436578,-0.7206420265327362,2.0502058949894324,31.15735809178651
FSBC,Five Star Bancorp Common Stock,PASSA_FASE0,,0,47.42,153668.19302319048,0.9336089891832668,1.366316957348906,50.27767742668335,-1.7680507939138335,10.661404443246417,23.937821091634028
ENOV,Enovis Corporation,PASSA_FASE0,,0,30.26,1157120.0826739524,0.9360440162563447,1.0110064537526364,67.35530734384301,15.983135300881578,1.9896351993739938,87.11207962615525
BRCC,BRC Inc.,PASSA_FASE0,,0,1.04,1222353.934241746,0.3743512797043136,0.5395469686651874,38.92868813941923,-9.60491262532539,3.0939979712564134,79.1384735820811
AOSL,Alpha and Omega Semiconductor Limited,PASSA_FASE0,,0,27.7,932408.435445873,0.9120841652395888,0.6988524163419335,34.12337946212702,-19.307853647168514,1.600454487725998,104.81493870435034
SMX,SMX (Security Matters) Public Limited Company Ordinary Shares,PASSA_FASE0,,0,15.04,103895.17838833333,0.33154514880613584,0.5001747431316349,37.21420944938732,-10.182143923559284,5.440813007260242,125.1570194828548
GGG,Graco Inc,PASSA_FASE0,,0,81.21,1453226.7589009048,1.1197445207275882,0.9965119619467795,66.23330727585954,7.198014704911748,1.6738241347466598,29.145695791011416
TANH,Tantech Holdings Ltd. Class A Common Shares,PASSA_FASE0,,0,0.4129,492895.57408731745,0.26003276705685047,1.8460210820208343,47.42198951552483,-2.2478959267983822,74.12739429971366,76.77601683806165
BUR,Burford Capital Limited,PASSA_FASE0,,0,4.17,2609614.0515353656,0.592386782034098,0.7540110984875781,48.205264053516885,-0.1675843907110286,1.913865605571,34.98675141183815
BZFD,"BuzzFeed, Inc. Class A Common Stock",PASSA_FASE0,,0,1.19,3694548.9971743966,0.1250790269005564,0.237758829016549,41.07039664238592,-11.982248520710058,7.8824302099419326,73.40590636878221
PAGS,PagSeguro Digital Ltd.,PASSA_FASE0,,0,9.54,3352815.214046762,1.226006688669443,0.8593274670203511,57.26834930078461,3.297060256618467,1.077488046935479,28.219304687636065
MTVA,MetaVia Inc. Common Stock,PASSA_FASE0,,0,1.44,3843593.4536919524,0.014259750975315476,0.15015590693130706,38.50569362294919,-11.439114391143912,161.19284886321532,71.42082949407981
CW,Curtiss-Wright Corp.,PASSA_FASE0,,0,679.41,274515.88224293647,1.5347223104168524,0.8042448748237436,33.368618712258126,-8.407782932067198,1.0,39.05166689893969
DIOD,Diodes Inc,PASSA_FASE0,,0,76.09,655390.6007699525,1.0512395632430422,0.6975484496910253,31.749403544657426,-17.004799301919714,1.260636482120522,67.6263878066553
RHI,Robert Half Inc.,PASSA_FASE0,,0,40.13,2334316.3124169046,0.9658740140343598,1.1325565910202282,61.202068542496015,8.494646912512183,2.133294059776179,83.54922252515578
COO,"The Cooper Companies, Inc. Common Stock",PASSA_FASE0,,0,73.06,2885094.075775619,0.6028085036209608,0.8223612911515237,60.63180470935684,2.449045412159001,2.8981953016545714,31.930556693327983
CURR,Currenc Group Inc. Ordinary Shares,PASSA_FASE0,,0,3.13,168985.21843919044,0.7922640248453282,0.5725789397388522,49.55169680928065,0.756478351842893,2.2083114156739603,68.72574163492688
CIA,"Citizens, Inc.",PASSA_FASE0,,0,4.9,110756.15680163492,0.7247588504878049,1.0065482124164349,35.20312138953021,-9.183578908349544,2.3658441406446107,33.73812781401859
CBAN,Colony Bankcorp Inc.,PASSA_FASE0,,0,22.06,292588.1699862857,1.2855939684630142,1.027482353598887,63.98417939175461,5.91257171663826,1.2178941535005627,28.76638375892292
ALM,Almonty Industries Inc. Common Shares,PASSA_FASE0,,0,10.95,5385418.673681142,2.005339679993173,1.0797467139345454,30.251244226394604,-24.053266749895975,1.0,99.19568928977665
BTTC,Black Titan Corporation Ordinary Shares,PASSA_FASE0,,0,0.6998,191884.45845453968,0.17149382636320265,0.2838858084814906,37.087558049605306,-15.284352766947052,15.786939161880449,107.31054873421024
ROOT,"Root, Inc. Class A Common Stock",PASSA_FASE0,,0,56.56,266875.41421112703,0.6730660586175149,0.8077841051529197,45.59443836190303,-6.821963394342756,2.3437089891176868,66.10662058531219
VRAX,Virax Biolabs Group Limited Ordinary Shares,PASSA_FASE0,,0,2.93,2188233.220351174,0.015579294442175116,2.0764195054977805,41.862588045548,-17.812061711079952,2112.1419176068657,309.534798315193
SVC,Service Properties Trust Common Stock,PASSA_FASE0,,0,8.12,1862748.3507246352,0.9432524635329759,1.0704371039176999,39.83086059402489,-5.526468877254231,1.6954304064822008,28.643319295169878
RCKY,"Rocky Brands, Inc.",PASSA_FASE0,,0,49.1,62899.33120139683,3.9045393165888864,0.8332799380502165,80.46118614741921,19.705003961723655,1.0,55.390401006595425
NRP,Natural Resource Partners L.P.,PASSA_FASE0,,0,98.97,48304.17347439683,1.631339465020915,0.8601580593677433,48.748544647674336,0.7528211706140153,1.0,15.50869622880659
SLGB,Smart Logistics Global Limited Class A Ordinary Shares,PASSA_FASE0,,0,0.548,4882355.980244143,0.04256541210164031,2.086562023175609,45.325336061190036,-14.381020084525298,876.8227503572249,286.22992574918726
ESAB,ESAB Corporation,PASSA_FASE0,,0,86.43,701704.6912218255,0.5242567890510318,0.9277535384598141,45.14234390925015,-2.243988508607242,3.2431998165288016,58.789365046306145
HPP,"Hudson Pacific Properties, Inc.",PASSA_FASE0,,0,13.98,1080066.9920536985,0.7942389761267239,0.6570850659429426,42.78289011421744,-8.699059561128541,1.7114460660891693,52.28790734142397
CYCU,"Cycurion, Inc. Common Stock",PASSA_FASE0,,0,0.2702,1159784.9970062855,0.6776122472946087,1.2385452088765168,29.55278741835832,-34.80988226211157,18.795317094131807,176.70139887446504
HXL,Hexcel Corporation,PASSA_FASE0,,0,105.61,1010293.4945945395,1.4471072654127548,1.0700548737306428,56.50217040729537,1.9352347859659336,1.3299565458125144,29.22083989212765
VICR,Vicor Corp,PASSA_FASE0,,0,182.765,898190.0321889049,1.3351546266300391,0.9898657439207802,31.29393978225623,-25.707172073880237,1.47997704325525,106.84913155340281
FPS,"Forgent Power Solutions, Inc.",PASSA_FASE0,,0,29.25,7779308.672225189,1.6770306594359996,1.4207746125396845,22.990247766625842,-28.858080992338554,2.4643986366651895,77.3434657990291
IMNM,"Immunome, Inc.",PASSA_FASE0,,0,23.11,1347767.4345985078,0.5894002311182416,0.9497139114927515,57.9680255089472,0.7630259428820452,2.759397361144325,45.07013727823242
TPB,"Turning Point Brands, Inc.",PASSA_FASE0,,0,76.43,434804.91020688886,0.7559274833685917,0.7761778760557637,41.908150295736476,-6.840398820116523,2.3631819528793385,52.616426432997606
FMAO,"Farmers & Merchants Bancorp, Inc.",PASSA_FASE0,,0,35.07,96263.13136900002,1.157579115111613,0.8150686993288181,77.03841741103948,13.342005542672908,1.434043572572964,44.29224692583192
HOG,"Harley-Davidson, Inc.",PASSA_FASE0,,0,24.83,2900928.295382699,1.0341873167375952,0.9434708285303152,44.74443832659068,-3.813748087315283,1.7571036466293506,41.47707531036674
BOX,"BOX, INC.",PASSA_FASE0,,0,32.42,2505228.7772378884,1.2910979373760654,1.0873016025721005,69.21476495903869,9.669671701368365,1.3785889172655084,38.449493674837775
CMG,"Chipotle Mexican Grill, Inc.",PASSA_FASE0,,0,34.24,19434174.281973746,0.9738684988766516,0.8500267877534499,54.412845707165104,0.4503249086881933,1.0929585535393571,42.7396778561872
BSET,Bassett Furniture Industries I,PASSA_FASE0,,0,19.52,60504.520304825404,0.4042645515867227,1.3340979617726585,52.24331978682309,-4.321933167497882,9.673569803028542,51.75499250769723
HLIT,Harmonic Inc,PASSA_FASE0,,0,10.6,3060846.199972667,0.43478941717845354,0.536852683014463,28.511644376083837,-17.19073473692434,2.2017101825318908,54.15818605922291
RRBI,"Red River Bancshares, Inc. Common Stock",PASSA_FASE0,,0,101.675,93176.90965226982,0.765318664206877,1.0323122143620784,66.80185763337641,4.152794992880615,2.435208745492902,23.981854640786324
JBIO,"Jade Biosciences, Inc. Common Stock",PASSA_FASE0,,0,19.35,1043519.914256381,0.6092699721682501,0.9142209916273445,42.96074628368408,-7.332024328336761,2.4973092785743196,50.809733252430945
ARWR,Arrowhead Research Corporation,PASSA_FASE0,,0,86.22,2195743.0254268255,0.8237652305913148,1.1063673192579422,60.25757979319629,6.947162123190198,3.8649696521620993,79.22731193849457
PFIS,Peoples Financial Services Corp.,PASSA_FASE0,,0,71.7,66782.91249585715,0.9018563541644916,0.9845749624139098,69.09416666889126,5.150466357716876,2.4250766278688363,24.868273518594876
SAGT,SAGTEC GLOBAL LIMITED Class A Ordinary shares,PASSA_FASE0,,0,0.75,3471676.520090476,0.010278422886896746,0.05001175797180124,34.93941029707001,-15.906791087241102,12.62563974609969,63.31522011219251
ASTH,Astrana Health Inc. Common Stock,PASSA_FASE0,,0,36.51,600046.9489020159,0.8344792300123264,1.1318783637280956,29.5657269993347,-18.18808226007944,3.3971601433571013,52.27476461319356
ATNI,"ATN International, Inc",PASSA_FASE0,,0,23.73,73307.74196612694,0.9556816056805005,0.932671350401741,43.57197098632002,-0.8730523413676416,1.6294168905430562,38.23904541938309
IPM,Intelligent Protection Management Corp. Common Stock,PASSA_FASE0,,0,1.83,29923.585330063495,0.5980971243114744,0.5742064547588602,56.97297448906254,2.881236823612099,2.3050766643403815,21.072060177358924
RAVE,"Rave Restaurant Group, Inc.",PASSA_FASE0,,0,3.01,69977.98055795235,0.4749126901779866,0.6041697856247358,36.37724823993009,-7.213316892725052,12.119606386713428,28.021772166828463
QTRX,Quanterix Corporation Common Stock,PASSA_FASE0,,0,3.38,1122988.6104773972,0.38604295548082557,0.46364328693053974,39.41664103785388,-13.945643179937617,2.354522919934623,54.55132049142849
NKSH,National Bankshares Inc/VA,PASSA_FASE0,,0,39.8,34456.084995666664,0.9364648685147491,0.8337274253288736,68.45737038205033,8.115449915110373,2.3933042385772403,30.22680275631452
NP,Neptune Insurance Holdings Inc.,PASSA_FASE0,,0,35.11,874956.0505299205,1.8266856146854482,0.8547252295861189,68.05946304694882,10.226826779687602,1.0661421956255592,57.84437038921284
DMLP,Dorchester Minerals LP,PASSA_FASE0,,0,26.9,193405.94382650795,1.691510243312189,1.2093345178166288,50.98176815886382,0.564507084376964,1.618123289818503,14.280354577915375
BARK,"BARK, Inc.",PASSA_FASE0,,0,8.86,76792.24160530158,0.3682067707481523,0.6595020214705335,44.133375932543466,-6.283054791622589,6.9818423600045625,47.63936707932773
LSTR,Landstar System Inc,PASSA_FASE0,,0,177.83,494254.7824955238,1.795802809667377,0.8663405212188876,23.514149188918623,-13.207298532630851,1.0,31.16456780183055
LITS,"Lite Strategy, Inc. Common Stock",PASSA_FASE0,,0,0.9513,378220.5361682857,0.22987796506458028,0.4511149669562992,47.54728031350512,-3.2917208848405877,3.542379916763793,47.065855603787234
FLYW,Flywire Corporation Voting Common Stock,PASSA_FASE0,,0,16.56,2391062.265296286,0.9159857191308258,0.8408320448624842,46.25269688051342,-5.840879045899728,1.8538999697345273,48.11490772465649
VSTM,"Verastem, Inc.",PASSA_FASE0,,0,6.01,2636417.1767813335,0.8533886217399681,1.0126790137969464,63.39510300442407,8.699584011575311,2.280731461207039,62.530453168218955
SLGN,Silgan Holdings Inc,PASSA_FASE0,,0,42.65,1045534.5339362856,3.5756756548204285,1.3070226076024822,41.43495931023498,-6.572764810900211,1.0,49.419912863552916
ARES,Ares Management Corporation Class A Common Stock,PASSA_FASE0,,0,124.6,2536880.746191048,1.0840611072235604,0.7660213467697243,53.01379052114913,2.0955814572792164,1.156064947192405,34.58565678290937
FLUT,Flutter Entertainment plc,PASSA_FASE0,,0,107.78,2799574.014936619,0.682237642999855,0.7466929453132806,54.365729497315954,0.8359334434189458,1.533303229465219,35.88253946247761
EGY,"Vaalco Energy, Inc.",PASSA_FASE0,,0,5.25,1342327.8954072695,0.8347045798888432,0.9179427272452684,47.76466176881258,-1.0367577756833168,1.4421534665663631,49.213174343159764
BKR,Baker Hughes Company,PASSA_FASE0,,0,58.72,8601579.388909796,2.344947125893175,1.1856177096931106,53.30583985713884,3.8304268063567903,1.0,37.239540604215435
OMSE,OMS Energy Technologies Inc. Ordinary Shares,PASSA_FASE0,,0,4.18,17234.4904444127,0.46128430809379306,0.9467636348738036,45.72154406724121,-1.6007532956685666,5.3977358490566045,33.900055886150255
CCLD,"CareCloud, Inc. Common Stock",PASSA_FASE0,,0,2.42,412002.4619203333,0.7323138814576817,0.4671966338546297,60.463037271721994,6.6431640409827075,1.1929273890674172,46.940798526925334
CENTA,Central Garden & Pet Company,PASSA_FASE0,,0,38.82,345630.4282878412,0.7423225201235146,0.7610871580035706,57.86879515782223,2.047790541783856,1.6241791177536202,22.87769460653385
BROS,Dutch Bros Inc.,PASSA_FASE0,,0,64.61,3634357.288414253,0.9585910801516389,0.7248671214136063,48.21042402622592,-2.5747351754815795,1.0452598671762765,39.30475634313881
SAM,Boston Beer Company,PASSA_FASE0,,0,187.07,330215.5502986349,0.7886611983066159,1.0415894661517153,57.155722065421955,5.003774792246096,2.315778743750381,42.750895230524335
LRMR,"Larimar Therapeutics, Inc. Common Stock",PASSA_FASE0,,0,3.63,2198043.013562254,0.8166844424999502,0.8715449763434499,46.60322449458526,-3.0642900060084077,2.130197283697832,82.3412708875888
BWB,"Bridgewater Bancshares, Inc. Common Stock",PASSA_FASE0,,0,20.81,160603.9821006984,0.7788006796654395,1.0735862904640905,48.34031345407248,-2.627330791006721,2.660174368268335,29.623219436732008
RSSS,RESEARCH SOLUTIONS INC,PASSA_FASE0,,0,2.24,67084.36027639682,0.49956347938509427,0.4532407127291027,48.460131497556695,-0.7532122286220799,2.9623873812710384,25.4255075541242
CASY,Casey's General Stores Inc,PASSA_FASE0,,0,867.16,524193.929802619,0.6677433536817182,0.7642645693523222,57.294972866749845,3.402716831380914,2.221747924712496,37.33923555740861
GNE,GENIE ENERGY LTD,PASSA_FASE0,,0,14.03,82708.37703358731,1.0011092514047935,0.9325348985366823,45.67519894163355,-1.4781784347459581,3.1989227051135494,20.871663066268727
RSI,"Rush Street Interactive, Inc.",PASSA_FASE0,,0,30.77,2692927.2027538735,0.9812895110156163,0.8863212340943467,46.68644481063647,-4.938443239569324,1.4653995817688656,44.71832174819917
MDT,Medtronic plc,PASSA_FASE0,,0,87.54,10076332.064142793,0.8231952274294811,0.7647638995145712,65.97939035900171,5.530909441604792,1.7487044768784836,33.306168031311465
CISS,C3is Inc. Common Stock,PASSA_FASE0,,0,0.1329,7909823.401134508,6.611862210220748,2.885194378592387,15.690115982609882,-90.32201686546948,7.760781344194201,644.9946766201601
LUD,Luda Technology Group Limited,PASSA_FASE0,,0,4.13,94843.36896641272,0.019535315976134695,0.16867100373211333,40.57216012686493,-5.083655083655092,30.71089593901529,53.56512773204231
LB,LandBridge Company LLC,PASSA_FASE0,,0,74.91,360384.97737315873,0.6189920165956799,0.8627818186642818,51.031381196784,-2.058587033974224,3.2342531066066544,40.605851795657074
SMMT,Summit Therapeutics Inc. Common Stock,PASSA_FASE0,,0,12.8,5255911.267561238,0.7188027187953248,0.7400187802755239,35.971898703157024,-12.149757210754796,2.1582332717735695,66.13785023946643
USPH,US Physical Therapy Inc,PASSA_FASE0,,0,79.85,230617.7266314444,1.8187551443749697,0.9559017052938993,70.9028024383102,8.461637723188487,1.0,33.933485892829616
MOG.B,MOOG INC CL B,QUARENTENA,INTERRUPCAO,27,399.4725,,,,,,,
SNOA,"Sonoma Pharmaceuticals, Inc. Common Stock",PASSA_FASE0,,0,1.1,133615.18647860317,0.26876158127243005,0.6219339724620855,34.11285936755439,-8.390589215073907,4.692507517718543,27.92958223033158
INNV,InnovAge Holding Corp. Common Stock,PASSA_FASE0,,0,11.47,353579.76751946035,0.47944406455233574,0.9576213058257479,55.53378143476581,-1.2611371755692158,2.741607308757607,47.526116896887196
FMST,Foremost Clean Energy Ltd. Common stock,PASSA_FASE0,,0,1.375,133258.76970026986,0.5591959945120902,1.5206833410686187,38.427017848546846,-17.602996254681646,7.868784619075475,117.68327408343586
REAL,"The RealReal, Inc. Common Stock",PASSA_FASE0,,0,11.69,3463636.0837630318,0.6482494608933098,0.8079100205961618,54.83677002373128,3.5429583702391465,2.041321695751882,47.477670654379935
SUI,"Sun Communities, Inc",PASSA_FASE0,,0,127.94,1302189.8756130314,3.176720984026673,1.3716203479873499,65.70424205466975,5.636884562350852,1.3130303606876004,23.702668813026904
CIM,Chimera Investment Corp.,PASSA_FASE0,,0,12.69,661129.6460093651,1.0107537199618093,0.8950710294616216,42.664329863498274,-1.4751552795031153,1.2445630527475804,17.41674673780681
XTIA,"XTI Aerospace, Inc. Common Stock",PASSA_FASE0,,0,1.44,1469104.9422170478,0.24773730261212965,0.486579826690685,38.24740008920045,-4.031989336887721,4.786957397731517,45.76431783845925
COFS,CHOICEONE FINANCIAL,PASSA_FASE0,,0,34.37,93200.95555825399,1.421614685078902,1.0757443213893187,57.45982741355222,2.2566681046665593,1.136402246656122,29.720760076146657
CFND,C1 Fund Inc.,PASSA_FASE0,,0,3.17,32255.754266396823,0.1334614024042441,0.9298747142070942,40.231311600535726,-4.97601918465228,17.1647163456734,31.486544131169232
ALX,Alexander's Inc.,PASSA_FASE0,,0,266.02,37054.58164433334,0.537365301061092,0.7803087667654656,43.021133907696985,-3.346116604506433,2.0413129214944346,20.108136347841533
OPLN,"OPENLANE, Inc",PASSA_FASE0,,0,40.44,1037431.9130340317,0.8541437437166366,0.7581128062453869,55.053471660680664,0.8969448983920048,1.4655312123676922,31.994770201692123
GDC,GD Culture Group Limited Common Stock,PASSA_FASE0,,0,1.47,886636.0998746826,0.20328499021128865,0.858485530102861,30.303392723427663,-14.210679894951872,12.523933222093627,159.3926225717935
JBLU,JetBlue Airways Corp,PASSA_FASE0,,0,5.72,29255208.092029702,3.0791096320177407,1.2089383517091323,53.84768300913353,2.2067363530777984,1.0,67.04827986820321
PAMT,PAMT CORP Common Stock,PASSA_FASE0,,0,17.19,19216.88061450794,0.631476083263929,0.9998159761993176,69.07314374883616,17.034313725490225,3.7103829932160988,60.65462849700998
FTI,TechnipFMC plc Ordinary Share,PASSA_FASE0,,0,71.73,4798603.145048746,0.8326012397994238,0.783216732368982,50.2919830762319,-0.21284587454614146,2.1050671575647772,30.47909092683293
HRTX,"Heron Therapeutics, Inc.",PASSA_FASE0,,0,0.4935,3306095.6380639514,0.4539003735553679,0.8073752891949211,54.517279271468816,9.400458883383767,4.118438353126625,47.68955784301442
CRL,"Charles River Laboratories International, Inc.",PASSA_FASE0,,0,234.8,885856.3423433808,1.190321587298933,0.9613504592575244,62.07051175966452,2.8302403240816787,1.192952620551419,38.38788367132796
RIG,Transocean LTD.,PASSA_FASE0,,0,4.95,36527217.98452206,1.3966659846599463,1.1313309109137062,38.608877048306866,-3.920807453416131,1.1849717099430281,39.60963024990829
PHAT,"Phathom Pharmaceuticals, Inc. Common Stock",PASSA_FASE0,,0,11.64,1189382.0280852702,0.6133384770748365,0.8929082685490701,54.32136698793766,1.9733239886988274,3.1875913256608444,68.4227258576649
POCI,"Precision Optics Corporation, Inc. Common Stock",PASSA_FASE0,,0,4.15,46254.693298746024,1.099985321951737,0.5970598055948778,32.8652122278353,-10.352648917211216,1.07927914567262,46.828364294759986
AFRI,Forafric Global PLC Ordinary Shares,PASSA_FASE0,,0,10.43,21313.302203333333,1.5045057854049937,0.6683720673759366,51.29680670086621,-0.44860169895962754,1.0546741917509868,21.188535742483175
JJSF,J&J Snack Foods Corp,PASSA_FASE0,,0,79.21,248591.13427353973,0.9145258141460543,0.8326648603464799,58.79751445478622,3.1279497444910875,1.2748033458698333,24.449859248169627
BFC,Bank First Corporation Common Stock,PASSA_FASE0,,0,151.78,101435.10079207936,0.619846440266066,1.0232560203519294,58.71398259049857,2.1008092454441796,2.8162388332703285,29.141316831428682
ATOS,"Atossa Therapeutics, Inc. Common Stock",PASSA_FASE0,,0,2.31,152551.3667224762,0.26800600218402526,0.7486290602411473,40.66473020522901,-2.1186440677966156,10.428240516459796,67.98488300050569
GWAV,"Greenwave Technology Solutions, Inc. Common Stock",PASSA_FASE0,,0,3.06,12420.672835,399.69175046329127,0.7183058738983363,52.73974336915288,5.520334216692557,1.0,86.69756806304412
VPG,"Vishay Precision Group, Inc.",PASSA_FASE0,,0,81.26,580468.1123819049,1.6008689705518575,0.9007718466961041,30.757380869689285,-25.293960817482276,1.0,101.73835184263478
DOCN,"DigitalOcean Holdings, Inc.",PASSA_FASE0,,0,106.76,3688582.351540175,0.8857006901933113,0.9246299306442781,34.706010779258136,-16.348677766895193,1.7425110131781263,90.69862257068031
NPO,Enpro Inc.,PASSA_FASE0,,0,296.12,262525.50566949206,1.1202472673579025,0.9627331617613986,32.79978072640232,-10.024277523388758,1.4418414735602352,47.11513057384235
RDNT,"RadNet, Inc. Common Stock",PASSA_FASE0,,0,63.37,871478.1030466509,0.9936647215158367,0.8723138952268727,55.51924621821556,-0.46727137079357606,1.9834429821481632,42.98866112914826
CART,Maplebear Inc. Common Stock,PASSA_FASE0,,0,45.64,4344237.889333809,0.7132370856217435,0.9500708554017465,51.707596252261354,-1.1136629544568066,2.279088172240105,40.66576088714841
BCAX,Bicara Therapeutics Inc. Common Stock,PASSA_FASE0,,0,25.89,672356.2037688891,0.7575771065095792,0.9200742988374943,43.890812315635614,-8.097794737542696,3.6127285240822262,38.8479669278932
HLT,Hilton Worldwide Holdings Inc.,PASSA_FASE0,,0,321.72,2027381.7573135237,1.3157924615889045,0.9863673301650657,42.33129335289131,-2.0652685123034975,1.5650665901427627,24.05079198162409
GENI,Genius Sports Limited,PASSA_FASE0,,0,7.31,6345875.872358253,1.28477137034516,0.7594128121955704,65.92729838830883,11.441420840003037,1.4668145714175347,60.62117895877145
RECT,Rectitude Holdings Ltd Ordinary Shares,PASSA_FASE0,,0,1.1,18095.02963092064,0.3078425796264689,0.4418469662347393,39.11959361127507,-11.628131175988532,6.766530448347113,93.26004403268894
TOI,"The Oncology Institute, Inc. Common Stock",PASSA_FASE0,,0,4.77,1923102.116371857,0.5188776174265577,1.0541912949725243,40.10805287776882,-12.79707495429616,3.9431872021682826,68.45883668574513
NDAQ,"Nasdaq, Inc. Common Stock",PASSA_FASE0,,0,95.55,4008515.4026932213,0.7731747333291197,1.0628747714605744,64.81346256946595,6.538367192203909,2.66137158175242,32.921013494581025
LEXX,Lexaria Bioscience Corp. Common Stock,PASSA_FASE0,,0,0.53,107076.13580060315,0.7125023650654589,0.6864734174847386,42.21547060757102,-7.731411361222829,2.884391548261941,91.87448740704374
BNTC,Benitec Biopharma Inc. Common Stock,PASSA_FASE0,,0,12.05,109468.6113953492,0.482589506038481,0.8281095732571004,47.056709275564025,-4.018479429686572,3.262759090459806,40.51329367703686
PLXS,Plexus Corp,PASSA_FASE0,,0,240.49,316748.08776473015,2.605692309514559,0.8573637638048247,34.532569757928314,-7.605302638833111,1.0,42.82269807315687
BJDX,"Bluejay Diagnostics, Inc. Common Stock",PASSA_FASE0,,0,0.8786,3966195.2902806355,0.06510787773759079,2.0869794525785115,31.188694201529145,-27.92038919380111,347.71712711427114,151.4581166763292
PATH,"UiPath, Inc.",PASSA_FASE0,,0,12.59,56952138.59095029,1.098724481531149,1.5165346305555267,61.988856156572155,7.65284309533989,2.829210371127533,64.76807791014025
ASO,"Academy Sports and Outdoors, Inc.",PASSA_FASE0,,0,49.07,1516868.0536775398,0.861845793415932,0.9110228635424995,52.08467726314706,3.4446412007757887,1.903984644613715,37.96428035165169
TRNO,Terreno Realty Corporation,PASSA_FASE0,,0,71.74,886202.1611657302,0.7617384002077117,1.098462311762408,55.50138837859736,0.7711648944388916,2.324068292182472,24.950437754968334
WSBC,WesBanco Inc,PASSA_FASE0,,0,41.9,1260277.2892005716,0.7473015073059153,0.8722003423936265,66.80383126939607,4.3482592020720245,2.113883381992957,26.702155932675524
USFD,US Foods Holding Corp.,PASSA_FASE0,,0,102.35,2775742.547654937,1.0170914712126828,0.9016420416174249,62.60233820032274,2.8209198127423507,1.3214402381741253,30.108994543550295
SOHU,Sohu.com Limited American Depositary Shares,PASSA_FASE0,,0,13.5,50174.39320750793,0.605587931763035,0.789683156399809,58.56614035822512,4.25112938723502,2.0656725535506135,31.66443176296617
LMT,Lockheed Martin Corp.,PASSA_FASE0,,0,569.2,1301910.5571498729,1.233986105303591,0.8945686545725033,63.58051221089729,6.43569447794714,2.038845440227822,42.646614588802116
DMAC,DiaMedica Therapeutics Inc. Common Stock,PASSA_FASE0,,0,6.32,202433.70235023813,1.3986970598903683,1.075309267773188,37.60952944562349,-13.228530239582604,1.6900808313597837,48.417186053721586
NECB,"Northeast Community Bancorp, Inc.",PASSA_FASE0,,0,27.05,42273.6808154762,0.9168851174608412,1.036507136887612,55.457312572864566,0.9648582572830966,1.9550667498126317,27.40709272823631
BFAM,BRIGHT HORIZONS FAMILY SOLUTIONS INC.,PASSA_FASE0,,0,82.68,1261027.8960976826,0.7328148677754681,0.6748822035502583,69.23451250263216,9.279794869083657,1.4588919838432652,35.58105449726286
DY,"Dycom Industries, Inc.",PASSA_FASE0,,0,371.92,552570.0037078571,1.3240398898992876,0.757599051140364,32.13496600394663,-11.925006482719247,1.0,55.380526143050936
SRI,"Stoneridge, Inc",PASSA_FASE0,,0,7.1,241019.99912174602,0.7626908285571167,0.7029102041292578,47.101295680272074,-1.2517385257301838,1.8671685111606382,42.41897527793634
NN,NextNav Inc. Common Stock,PASSA_FASE0,,0,13.11,2467951.362498555,0.8644860610745725,0.9104828145898947,34.59354957113746,-10.834523566619058,3.7006495614704473,60.28913144317084
JXN,Jackson Financial Inc.,PASSA_FASE0,,0,120.46,637889.7120834603,1.0222989316116744,1.0001132729121835,56.64766851116054,2.392356698726239,2.1694071553448717,39.21959895736195
PACS,"PACS Group, Inc.",PASSA_FASE0,,0,46.47,918235.7116092222,0.9340802944952524,0.997772566977342,63.70003716501644,3.1531981487030736,1.5309440699926449,31.434214519817644
DCH,Dauch Corporation,PASSA_FASE0,,0,5.53,4054878.6190781747,0.7361502809027615,0.7739113416072393,49.120993031697424,3.1331592689294974,1.4474546026516808,46.9097926112655
ANET,Arista Networks,PASSA_FASE0,,0,157.97,9596257.958474223,0.8534014623922324,0.8035947741581613,40.00669887407469,-8.679943347689111,1.4546463196108694,60.65721277355453
MTW,"The Manitowoc Company, Inc.",PASSA_FASE0,,0,13.66,257445.78780731745,1.0460626022770978,0.85642497914636,53.42656864420476,3.4574165940848944,1.4125983772938948,51.52348436715718
TATT,TAT Technologies Ltd,PASSA_FASE0,,0,40.61,204122.9217583968,1.155070919718016,0.7112079009403465,43.5507943417926,-5.611918790456604,1.4416786102731212,42.33539084979701
BTU,Peabody Energy Corporation,PASSA_FASE0,,0,20.82,3218733.0585414437,2.2616687702439577,0.7590760734452784,33.11101339541479,-9.36792617099077,1.0,50.86435865310587
HTCO,High-Trend International Group Class A Ordinary Shares,PASSA_FASE0,,0,3.41,827622.2039391747,0.13549299163950584,0.16782448250664378,47.27281482430594,3.5529911934406355,3.0474618554916426,70.9773028806104
VELO,"Velo3D, Inc. Common stock",PASSA_FASE0,,0,8.44,3496050.504451302,0.5301867993437104,0.5386746211791412,33.91417053110571,-29.267321754069854,1.753549912639366,109.57847546633815
UTHR,United Therapeutics Corp,PASSA_FASE0,,0,524.7,477754.21459785715,1.1733669949052383,0.8207280467932657,40.103792602419055,-2.409900735971049,1.0,20.926502378372554
JOE,St. Joe Company,PASSA_FASE0,,0,61.92,262895.43665309524,0.7348140181752584,0.9506337681139719,48.27219333489548,1.3006134969325123,2.0194519853599573,18.65486230802799
ZYBT,Zhengye Biotechnology Holding Limited Class A Ordinary Shares,PASSA_FASE0,,0,1.23,3793483.2978531113,0.0819246775682084,3.0818355247704945,48.92071636718336,-13.948404022737215,534.1965132891213,983.7305155763289
MDV,"Modiv Industrial, Inc.",PASSA_FASE0,,0,17.71,83032.48446419046,0.517082032219769,0.7285307114745959,47.57551403132149,-0.5335579893288367,4.033588694990764,29.77720741384422
KNSL,"Kinsale Capital Group, Inc.",PASSA_FASE0,,0,376.67,335833.877607,1.0260118780340042,0.9700376711413097,66.2128327833552,9.061165399927607,1.6696385376929443,46.92236061585873
IMA,"ImageneBio, Inc. Common Stock",PASSA_FASE0,,0,5.57,23979.485607206352,1.0569894665456443,0.4081382056422766,44.70974481235413,-4.101923987431655,1.2302132618722963,57.15938258944641
MNRO,"Monro, Inc. Common Stock",PASSA_FASE0,,0,13.255,1077845.690772365,2.7561791142303718,0.6750520340198357,26.944373047396425,-21.132878159072988,1.0,95.13657228159596
GPGI,"GPGI, Inc.",PASSA_FASE0,,0,13.34,2397860.759063731,0.5272169079653386,0.5663006839135271,39.86739120712628,-10.292189233717753,1.9603583624002994,58.214974575365034
COUR,"Coursera, Inc.",PASSA_FASE0,,0,6.18,6851737.870540158,2.0742003836623137,0.7917972592659553,66.37971263149603,8.956276445698164,1.0,39.98884248754642
CHMI,CHERRY HILL MORTGAGE INVESTMENT CORPORATION,PASSA_FASE0,,0,2.24,200754.73364684128,0.9972491428679695,0.8026111198062662,38.26155427386459,-2.4390243902439046,1.4036971963045104,18.785449621501773
JLHL,Julong Holding Limited Class A Ordinary Shares,PASSA_FASE0,,0,5.75,2115051.901834603,0.04684500444932723,3.0763337648722944,40.260989619054705,-24.48617768730712,815.9788836647365,641.3082159582933
CDLX,"Cardlytics, Inc. Common Stock",PASSA_FASE0,,0,3.82,78554.43449244444,0.2783812637477942,0.7287849867407088,35.27120186012279,-6.681324050323678,5.838237196423391,56.50507078188043
GME,GameStop Corp. Class A,PASSA_FASE0,,0,21.84,6430242.8077465715,0.4115889504095548,0.5363655215271274,49.51342263088217,-0.6075500034131931,1.7945777257117863,24.211792372236776
EXLS,"ExlService Holdings, Inc.",PASSA_FASE0,,0,35.99,2641752.051590301,2.900713609042148,0.8588184891262296,78.36203017250872,27.78384327927641,1.0,68.47677703476135
VFS,VinFast Auto Ltd. Ordinary Shares,PASSA_FASE0,,0,3.0,510651.4847488888,0.5174843315415916,0.8459471236029535,42.8692174989406,-2.168596119354327,3.6602796227737997,34.909656958574715
CASS,Cass Information Systems Inc,PASSA_FASE0,,0,56.01,81964.555784873,0.7498969818286222,0.9172375770909142,72.24020596439141,5.374058152332406,2.064462606076473,23.463510983698093
APGE,"Apogee Therapeutics, Inc. Common Stock",PASSA_FASE0,,0,134.2,2557280.707471206,0.42341885917785654,0.6302680868981209,79.42057330380746,0.2629848783694655,3.4595747179662397,2.3000189291042847
ATS,ATS Corporation,PASSA_FASE0,,0,26.5,174718.4997751111,0.8982383516685631,0.8116914486356075,40.93357497783562,-2.81114187739534,1.9855528294788403,27.014940991955676
STRS,Stratus Properties Inc,PASSA_FASE0,,0,19.4,72799.61884453968,1.5549557318663152,1.4176231151049588,16.77144839771573,-14.75993277458616,3.507776213255398,76.63343145682335
AMTM,"Amentum Holdings, Inc.",PASSA_FASE0,,0,21.8,2043575.7946166988,1.277993144934395,0.9062361600109681,50.622164000101726,2.0026202507954283,1.0,47.43093393663781
BPRE,Bluerock Private Real Estate Fund,PASSA_FASE0,,0,12.03,746686.7876698413,1.8400875013306393,1.2499749096357924,27.989079247588123,-6.374036890030343,1.0,27.066095580227618
ENGS,Energys Group Limited Ordinary Shares,PASSA_FASE0,,0,2.505,666833.6156498413,1.5357731487351478,1.6883833874177425,48.61480672520829,-8.501506711715844,3.563269850569803,75.49903538091573
ABOS,"Acumen Pharmaceuticals, Inc. Common Stock",PASSA_FASE0,,0,2.11,449811.4489755714,1.0738732748557347,0.853286084551273,39.57727044555288,-12.046686119216366,1.771555511535465,69.3243695852516
TTGT,"TechTarget, Inc. Common Stock",PASSA_FASE0,,0,4.52,483512.2197036191,1.0724909720500257,0.7749961276400502,64.90886968429963,17.601144789905042,1.6039225719627488,92.81758538496409
BMNR,"BitMine Immersion Technologies, Inc.",PASSA_FASE0,,0,16.59,37392183.66972215,0.8682029520403035,0.9846521444301727,51.53802264545536,4.57969552746873,1.9286784954415719,84.87803541513038
DMRC,Digimarc Corporation Common Stock,PASSA_FASE0,,0,6.37,224695.77583974606,0.546210994582882,0.7020319901527807,39.43164530376333,-4.084321475625819,2.2363709706375867,80.29719887877128
KBH,KB Home,PASSA_FASE0,,0,57.04,1240019.470749095,1.0687282309506165,0.8421457914116485,52.28557745839151,-0.06219831626528283,1.0544733478840478,32.01360552256662
TGEN,Tecogen Inc.,PASSA_FASE0,,0,3.0,410976.9055491746,1.2859111458314434,0.6445904309374935,27.209149317633717,-21.39394733394472,1.0,73.00149458752693
CTO,"CTO Realty Growth, Inc.",PASSA_FASE0,,0,22.37,394595.1289878254,1.1592505806631825,0.8583990843224542,61.66218112737533,2.4877445365831363,1.2615546395267438,19.07618693684795
TLYS,Tilly's Inc.,PASSA_FASE0,,0,3.74,283605.1545969048,0.37367921557571226,0.7103386108788611,37.72876902311022,-7.034551329853311,4.049535707787,57.98329216432082
SRCE,1st Source Corp,PASSA_FASE0,,0,90.3,133687.09093319048,1.0528102393995376,1.0177232216380834,77.5643049970492,7.9685061965313775,1.4301975362202994,24.85509347433861
CLS,"Celestica, Inc.",PASSA_FASE0,,0,328.43,2275870.471013238,1.8495500119903419,1.0001802408964773,46.63975353878955,-2.2234395211648605,1.8729888227539095,83.44466125831514
BTMD,Biote Corp. Class A Common Stock,PASSA_FASE0,,0,2.04,274651.7522423175,2.406622454146345,0.7671130315906928,41.25679614342616,-10.428100987925347,1.0,74.37228460783813
HYPD,"Hyperion DeFi, Inc. Common Stock",PASSA_FASE0,,0,2.34,551048.1231835557,0.6564609654799657,0.47995692429053266,31.71842214487775,-17.460317460317466,1.350489809025257,70.3788688109809
FF,Future Fuel Corporation,PASSA_FASE0,,0,4.67,322148.10079114285,0.7790377995358961,0.9319595984850968,52.815697734954384,-0.3839590443686203,2.3580603687911625,33.35181091965742
FVR,"FrontView REIT, Inc.",PASSA_FASE0,,0,20.88,164009.61331428576,0.6844354714189326,1.1009321365516103,52.35614369538542,-1.1901663393512174,2.9220253924541133,24.60171438667127
PAYO,Payoneer Global Inc. Common Stock,PASSA_FASE0,,0,7.12,6761889.603095002,1.8007196653052087,0.4273816267876443,69.94132964199207,0.1371259800991398,1.0,4.21880805486974
NBN,Northeast Bank Common Stock,PASSA_FASE0,,0,121.18,141375.96135150798,1.3138476719615158,0.9344217725027051,38.7285471683214,-7.548760437766299,1.2756012574279314,39.9398834926968
CIFR,Cipher Digital Inc. Common Stock,PASSA_FASE0,,0,17.69,25569678.920584295,1.5563179705913432,0.9979808960642567,39.304523597212224,-16.561523495076923,1.192268053136309,134.78279029357566
PRG,"PROG Holdings, Inc.",PASSA_FASE0,,0,42.78,531040.8666518095,2.2993494095391562,0.8805477836808336,47.910551179012494,-4.094694719379454,1.0,37.0978366599186
BGS,"B&G Foods, Inc.",PASSA_FASE0,,0,3.73,2089698.7157252063,1.123649402104419,0.9061159775886779,45.39150753236967,-1.3096970498743254,1.1872554175294763,28.646797338190794
DRUG,Bright Minds Biosciences Inc. Common Stock,PASSA_FASE0,,0,71.06,316903.5893918254,0.6210332325982696,0.85435989958476,47.54283027573554,-2.1542316986691734,2.928277282174249,63.20920774385209
OPFI,OppFi Inc.,PASSA_FASE0,,0,9.52,750265.9155698095,0.9753235403960093,0.8256811180879368,55.55808204230329,1.2012331242691632,1.3918871533433634,38.889667629008436
PFGC,Performance Food Group Company,PASSA_FASE0,,0,116.65,1694017.8595614128,0.7223068215513351,0.9501135483166675,66.42613165544384,3.5623127288869183,2.7981362871856867,24.148741322184563
XNDU,Xanadu Quantum Technologies Limited Class B Subordinate Voting Shares,PASSA_FASE0,,0,9.75,4665358.558030905,0.21181098922374703,0.27811225751160257,36.086542437830154,-9.988921713441645,2.0603676204036296,54.14351737551044
AKTS,"Aktis Oncology, Inc. Common stock",PASSA_FASE0,,0,22.39,344861.2172545715,0.9132030377121952,1.3962414719236367,39.42991228014419,-13.770195066530578,2.8156069760787465,78.20578750802761
ZION,Zions Bancorporation N.A.,PASSA_FASE0,,0,68.92,1644839.9852782066,1.01583872704942,1.0751510759174463,49.106644247639395,-1.89254016042818,2.4392887752007617,27.544690340841942
DOC,"Healthpeak Properties, Inc.",PASSA_FASE0,,0,22.48,8396025.255527698,0.6597766549221554,0.745487586438377,60.95953007120152,1.8531104163834966,1.4136275663453441,17.610727624806362
HWM,Howmet Aerospace Inc.,PASSA_FASE0,,0,272.79,2789671.2146969372,0.888323369269958,0.7466191177784987,47.252627239748875,-1.396690450888105,1.1537728352977816,28.121862506224094
FC,Franklin Covey Company,PASSA_FASE0,,0,21.14,95520.45943817458,1.0893142544854204,1.2841889319344777,46.61312411285953,-0.24066820820158874,4.600235635009264,78.07875853000799
CCC,CCC Intelligent Solutions Holdings Inc. Common Stock,PASSA_FASE0,,0,6.05,11204341.274431698,0.9507356083367163,0.930084050420806,59.77471517094424,3.110353642948427,1.7454906323075834,56.23353300197943
CHAI,"Core AI Holdings, Inc. Common Shares",PASSA_FASE0,,0,0.4468,8796483.26891303,0.4510091455363199,1.6466966049627083,40.24802919024906,-10.192759944523722,27.83692385684628,157.03313007388647
LIF,"Life360, Inc. Common Stock",PASSA_FASE0,,0,55.29,735125.1608640635,1.0160235562119668,0.8273279915502907,55.88066138601472,1.8630679593763633,1.4110446607281952,58.65549093727529
SLDE,"Slide Insurance Holdings, Inc. Common Stock",PASSA_FASE0,,0,22.14,1351641.3986743009,2.2509883381399334,0.9528903037142069,65.56590717612646,6.857149752042191,1.1209737537470812,45.763937960565464
CVV,CVD Equipment Corp.,PASSA_FASE0,,0,6.24,134696.74050900002,0.8277098700881377,0.5964595603765324,39.05677741805964,-14.913925345150847,1.365611057596197,67.52889002494892
EDRY,EuroDry Ltd. Common Shares,PASSA_FASE0,,0,24.29,48997.41421520634,0.7360615876910337,1.8656488960009303,56.344384039764115,5.38646766600861,11.95702199301211,46.21019640219854
NG,NovaGold Resources Inc.,PASSA_FASE0,,0,5.79,4097789.951507857,1.2111734858663812,1.2464261607463962,42.36906545172719,-1.421639567549171,5.2474516937859965,66.51196465344411
TNK,Teekay Tankers Ltd.,PASSA_FASE0,,0,78.18,365928.9340590952,0.8949682681039692,0.8640719430607734,62.85287388241309,8.152226541425156,1.3611556527738145,37.485296603751564
KRG,Kite Realty Group Trust,PASSA_FASE0,,0,28.85,2348273.9747646516,1.1154875286579489,1.1328009385240718,50.04544564383147,-0.30237580993522917,1.6561526586590323,19.14954604535896
MMED,"MiniMed Group, Inc. Common Stock",PASSA_FASE0,,0,18.4,1005596.7336291586,1.6269670871985418,1.0846557493200206,72.68247072255613,13.935415957150399,1.468148335844027,48.39765724986537
BMM,Blue Moon Metals Inc. Common Shares,PASSA_FASE0,,0,5.15,119933.26807836507,0.6659235614826642,0.9815197140219939,36.405072685560526,-12.522824748396966,8.5608889786083,63.914594384512924
FLR,Fluor Corporation,PASSA_FASE0,,0,46.83,2758061.812083381,0.8409138986040547,0.7301409577317225,38.666324966388274,-6.919889090963316,1.4280673747211874,46.006534255342736
ODC,Oil-Dri Corporation of America,PASSA_FASE0,,0,98.41,103717.63766615874,0.7286887934168572,1.130004570305025,51.9243799207987,-1.6671912548649304,2.4349575897811038,32.40133128185222
CHDN,Churchill Downs Inc,PASSA_FASE0,,0,88.53,926786.793196635,1.532018065857086,0.8580608360000391,55.89885277648119,2.943057477412525,1.0,27.873291370505537
CWD,CaliberCos Inc. Class A Common Stock,PASSA_FASE0,,0,0.51,5780499.824481651,0.0156336032253238,3.083064876590028,34.421076683845726,-29.735128991147995,3740.5042112441474,268.87982506506444
DOLE,Dole plc,PASSA_FASE0,,0,14.45,1097384.1767674922,2.135567489627232,0.7267547179786574,55.69979980861366,2.1309679471321896,1.0,22.975574027253966
CRML,Critical Metals Corp. Ordinary Shares,PASSA_FASE0,,0,5.13,8532665.866827715,0.6033255597491152,0.6490677866153604,25.327539757867115,-29.76451259583789,1.5115968864577445,68.90035607106277
SDHC,Smith Douglas Homes Corp.,PASSA_FASE0,,0,15.04,78446.4384557619,0.6188533768091574,0.7492077898194642,52.11752331596435,-1.496545174706121,2.918024032512802,43.68493595843165
CVEO,Civeo Corporation,PASSA_FASE0,,0,32.5,133569.51308311112,1.5260148445264692,1.3126522864974732,44.033743638082264,-2.1467497666576407,2.059785425515304,63.17041031374527
XPER,Xperi Inc,PASSA_FASE0,,0,7.55,467942.48441106343,0.6087587951380826,0.7489240323352319,46.1727727830018,-2.5554981930820952,1.9596631199830798,39.23778883828016
LARK,Landmark Bancorp Inc,PASSA_FASE0,,0,31.91,12800.77485663492,0.6390052736346855,0.6579630673907578,65.02852536623953,3.2068179245435813,1.8248504213320302,18.60344245235313
RFIL,RF Industries Ltd,PASSA_FASE0,,0,10.66,302080.01464677765,0.9616523296043834,0.9309979862088834,27.012273849977902,-27.99000236430573,1.4065150190955324,77.54100167358965
SII,Sprott Inc.,PASSA_FASE0,,0,103.98,182915.7022442381,0.9217150027769736,0.920406829025272,40.34725560833579,-3.7208850122918413,2.3075312040872733,37.127269298267976
BCIC,BCP Investment Corporation Common Stock,PASSA_FASE0,,0,7.13,67004.84289928571,0.6255810074803839,0.682581664462608,44.86024518046399,-1.5261376976728025,2.295638034160113,20.87090622942447
ASAN,"Asana, Inc. Class A Common Stock",PASSA_FASE0,,0,8.51,6302181.317997825,0.9187920878926065,0.8816823645841376,65.07972756241932,14.304902619207539,1.6303964967506104,70.58909998787898
APH,Amphenol Corporation,PASSA_FASE0,,0,150.31,9647241.876995489,1.2634026136159142,0.7119216779673846,45.16374881111483,-4.165311808623917,1.0,41.355906027409475
AMCX,AMC Global Media Inc. Class A Common Stock,PASSA_FASE0,,0,10.25,541486.2100014127,1.3145556069011306,0.9009210320127586,53.54049782515588,0.5468769159084896,1.4840951502029143,44.373685035582554
CHE,Chemed Corporation,PASSA_FASE0,,0,539.36,209009.19796790477,1.3686474491899017,0.7807713098279963,79.28133228691901,8.030480715209244,1.0,24.223004641568014
GBDC,"Golub Capital BDC, Inc.",PASSA_FASE0,,0,12.8,1228544.2599424287,0.6085611715975423,0.8643026752631273,46.57658404635212,-0.9364600263137568,2.420764215302747,15.470850176623244
SND,"Smart Sand, Inc. Common Stock",PASSA_FASE0,,0,4.16,393566.62524123804,0.7682149961107024,0.8829166373872707,36.393712227607644,-11.883075619572104,2.13475640683325,71.44732625987508
ALAB,"Astera Labs, Inc. Common Stock",PASSA_FASE0,,0,249.74,5775276.937278857,0.9294516843372659,0.7845011328572046,32.55193489939525,-28.081824419034096,1.3522697382695716,95.81812345763953
CSHR,CoinShares PLC Ordinary Shares,PASSA_FASE0,,0,4.02,321728.2111410794,0.2607756301582454,0.403174894968164,42.72665035911641,-2.8516191396809942,3.7585301481448914,37.64733471761096
TNYA,"Tenaya Therapeutics, Inc. Common Stock",PASSA_FASE0,,0,0.7351,3452717.189838143,0.46898410712286237,0.7107960792898584,39.40596656923266,-10.124036410096526,4.388873039085585,58.3524019581071
KLXE,"KLX Energy Services Holdings, Inc. Common Stock",PASSA_FASE0,,0,2.1,294523.50911796826,0.6349917865269326,0.6342648288413095,40.33234678075503,-9.58992573458185,2.710797948872023,67.66007951186785
GPC,Genuine Parts Company,PASSA_FASE0,,0,129.98,1810557.206429635,0.8314134061372462,1.1847025414396712,66.05067137521115,4.291869599056408,3.380263166033655,52.29150139119126
FVRR,Fiverr International Ltd.,PASSA_FASE0,,0,9.21,839022.1850160636,3.713159480612963,0.6778529479032919,37.72939567629179,-15.882729016348529,1.0,95.01870091646857
ALGM,"Allegro MicroSystems, Inc. Common Stock",PASSA_FASE0,,0,42.21,2944826.8111222377,1.1240392004603357,0.9276974274902615,37.629924895287175,-16.624280881953524,1.4228810025333893,90.97599889926258
SLM,SLM Corporation,PASSA_FASE0,,0,25.69,2755904.053486112,1.2734742405413302,1.1767434101236907,59.12638332635385,2.213159596160552,1.7844466761074957,34.21664724577076
FBIN,"Fortune Brands Innovations, Inc.",PASSA_FASE0,,0,49.12,2708217.3165839207,1.3407792608811795,0.9287290537904698,50.52640592907511,-3.569991263975192,1.312231636470751,36.3734358351546
EXOD,"Exodus Movement, Inc.",PASSA_FASE0,,0,5.09,63364.34414482539,0.32256627005061733,0.7613880794399398,44.65789409156431,-0.615054183344732,6.53194420133215,89.15655616183432
PAYC,"PAYCOM SOFTWARE, INC.",PASSA_FASE0,,0,168.92,948171.7932609998,1.1134999819018836,0.8104072836294381,72.27948642745393,16.234822967593665,1.2630868115919853,51.756755912230524
CI,The Cigna Group,PASSA_FASE0,,0,296.47,1669091.9283377463,1.0301646863869236,0.9566400588021705,55.9659878777737,2.1773033146362586,1.978817603197159,33.16129346989382
LNTH,"Lantheus Holdings, Inc",PASSA_FASE0,,0,100.0,1011273.3450561425,1.5432736551049477,0.8304542942634132,42.57288001931646,-4.961711449500217,1.0979555420766527,42.8834294121797
CAH,"Cardinal Health, Inc.",PASSA_FASE0,,0,229.12,2412611.7078278256,1.1382516158667244,0.929797741242615,52.026422234442194,-0.9195814855576301,1.178541996165217,21.71213346654604
ACDC,ProFrac Holding Corp. Class A Common Stock,PASSA_FASE0,,0,3.61,1456470.5175561747,1.2960002475959473,0.9650027628044942,27.450187924131782,-23.935946059839875,1.1849507668562849,79.01976283207797
PEW,GrabAGun Digital Holdings Inc.,PASSA_FASE0,,0,2.47,622913.611269762,0.19847052112890848,1.8557489319473859,46.421425485054556,-5.291411042944761,87.27009589968748,99.4778306391899
DMRA,"Damora Therapeutics, Inc. Ordinary Shares",PASSA_FASE0,,0,28.33,576931.6559150794,0.5600640534579384,0.918704208328043,49.90095623789833,-5.015758063434594,2.6171936616335376,89.8852547011504
REBN,"Reborn Coffee, Inc. Common Stock",PASSA_FASE0,,0,1.32,63319.292812142856,0.735081834190574,1.572486948819105,44.33760993506735,-5.53885787891798,17.51416152896567,131.83931067827953
IKT,"Inhibikase Therapeutics, Inc. Common Stock",PASSA_FASE0,,0,2.21,852414.3134337779,0.8040486115713797,1.2823962295276765,59.05493843128709,4.073463621379769,5.8658173963473725,52.78309726412209
GLMD,Galmed Pharmaceuticals Ltd.,PASSA_FASE0,,0,0.5597,767276.4019978888,0.11356212978284681,1.285145603313515,50.87353616784841,2.444426140991496,162.36301686564613,94.63174701283234
SIG,Signet Jewelers Limited,PASSA_FASE0,,0,98.86,864120.3509393807,0.8781080504563077,0.8482323050111447,72.35603609471355,11.885737567622634,1.4934209539307954,30.554417584658644
GBR,New Concept Energy Inc,PASSA_FASE0,,0,0.68185,99421.95949685715,0.07417401887188835,1.0330080161047983,47.27138285847438,-0.48745603409273697,123.77995401548706,57.588148609134514
RGC,Regencell Bioscience Holdings Limited Ordinary Shares,PASSA_FASE0,,0,5.65,276936.444330508,0.62994029908104,1.9421126465244718,33.320863462208166,-2.548402397481775,14.712062337013368,178.64530841840542
SKYQ,Sky Quarry Inc. Common Stock,PASSA_FASE0,,0,4.51,11167017.411509873,0.9074611153206618,1.1390727185807212,56.02358285895805,20.459401709401682,5.866381982095522,292.094597516227
CTNM,"Contineum Therapeutics, Inc. Class A Common Stock",PASSA_FASE0,,0,14.38,301762.7342516508,0.5782728125351528,0.9378126131109639,52.29749408154127,-1.4292079377592026,3.415481455793919,58.724687783103015
SFNC,Simmons First National Corp,PASSA_FASE0,,0,23.46,1378445.7451677143,0.9990416070662588,1.1235238113164323,60.926426907320966,2.1354404754130307,3.1642566065013598,20.491189307917143
YUM,"Yum! Brands, Inc.",PASSA_FASE0,,0,151.92,2357104.6008899207,1.1929444011196506,1.180098848440394,47.160045493320375,-2.359704739654822,1.5211083670303733,23.32329892449655
CWH,"Camping World Holdings, Inc.",PASSA_FASE0,,0,6.05,2572580.6344690323,1.0406816319530323,0.9155162619339277,43.0303539857083,-4.761904761904756,1.3972811404907062,66.65741174262286
FOXA,Fox Corporation Class A Common Stock,PASSA_FASE0,,0,58.95,5772562.137249,0.6789818829972576,1.0059247780657323,58.341054817963865,5.357222644207149,3.178275381635222,32.374914128659135
APYX,Apyx Medical Corporation Common Stock,PASSA_FASE0,,0,3.84,159836.338703254,0.27900861695033374,0.4176786759160849,40.387098304445146,-8.199856562275876,2.569474057169411,57.972561449653035
RNR,RenaissanceRe Holdings Ltd.,PASSA_FASE0,,0,332.61,384240.83211122215,0.8191877283851191,1.0006016461220626,62.77070287340179,3.460503600479048,2.141305390970561,29.630970089596982
PSKY,Paramount Skydance Corporation Class B Common Stock,PASSA_FASE0,,0,7.95,9544020.781507159,1.5033712935286778,1.051004156639108,26.9615900613081,-12.40634640810928,1.3154216324338417,37.95417873246525
HMN,Horace Mann Educators Corporation,PASSA_FASE0,,0,52.22,261759.29897517464,1.0123541184114038,0.983663884455619,56.0134001791167,-0.3701301179074301,1.2586214959257298,20.631579597245707
RNXT,"RenovoRx, Inc. Common Stock",PASSA_FASE0,,0,0.8981,267581.96970336506,0.4769343425548268,0.7665854956770669,49.77075749682256,-0.13732368917033222,6.807800521746323,60.504129737109146
MMYT,MakeMyTrip Limited,PASSA_FASE0,,0,57.15,1055685.2794034919,0.7690024662536891,0.8805180166929923,59.15455954613708,3.3472576357619577,2.2731851152767315,65.742656898994
MKL,Markel Group Inc.,PASSA_FASE0,,0,2015.0,77358.41556773015,0.9706731495974885,0.8373557527601606,62.098042977677935,2.354041359160086,1.6225844835540177,19.446909610224104
ENTG,Entegris Inc,PASSA_FASE0,,0,107.01,3327646.778745667,1.464390515633944,0.9332389484602968,31.07074000559021,-21.851293988771758,1.2121988386779632,75.20278496837794
BIO,"Bio-Rad Laboratories, Inc.Class A",PASSA_FASE0,,0,327.25,395239.2412726826,0.9154301085285662,0.7665306932480939,68.40304669127084,7.809385758289533,1.6369767654877676,29.43968244115241
TCMD,"Tactile Systems Technology, Inc.",PASSA_FASE0,,0,27.4,297538.5743926349,0.9148520419601028,0.7324710943575211,44.485623421601105,-5.764204154629249,1.4068573935582134,39.19420239545573
MWYN,"Marwynn Holdings, Inc. Common stock",PASSA_FASE0,,0,0.65,192235.21998001583,14.187963743530112,0.6549535835386393,36.93902183894575,-27.545520919837486,1.0,172.6756182445516
CWK,Cushman & Wakefield Ltd.,PASSA_FASE0,,0,13.5,2069945.2705960153,1.0792183402055695,1.0114985242272285,52.77457297029848,0.8704748384204208,2.0662617141517114,46.41830662259663
EGP,EastGroup Properties Inc.,PASSA_FASE0,,0,208.45,387299.405152746,2.4025762676320563,1.2157990032430892,45.004190882743714,-2.370369676503803,1.015549203850721,24.624802370983147
HASI,"HA Sustainable Infrastructure Capital, Inc.",PASSA_FASE0,,0,37.65,1039930.6242221905,0.900010026834277,0.754060265412431,42.92604967564106,-1.324841765931517,1.198117821048732,19.04521707185163
BKU,"Bankunited, Inc.",PASSA_FASE0,,0,46.04,895476.9469557143,0.9830959988448894,1.3336120617034264,40.57546949172774,-3.745439720686161,5.346044240054558,25.69830467518613
OMCL,Omnicell Inc,PASSA_FASE0,,0,41.4,698541.0719613809,1.874637997767434,0.9509479949031899,45.38035805167333,-5.609831169275303,1.206311668518724,47.94276571666124
TJX,"TJX Companies, Inc. (The)",PASSA_FASE0,,0,161.63,5907042.532353081,0.6706956109240675,0.8543928915360449,63.24511194688221,4.960679520231692,1.6533377187709155,19.572835752197683
GLSI,"Greenwich LifeSciences, Inc.",PASSA_FASE0,,0,12.8,158344.41344192062,0.6500079760928986,1.152436296462286,28.927324467513657,-25.418790968681726,6.648872782646708,94.22732285986612
IBTA,"Ibotta, Inc.",PASSA_FASE0,,0,26.54,183069.59604953972,0.8515627247017785,0.8921049202170925,35.01352302515431,-13.029230567571116,1.9547494286483529,64.8744295974314
BIVI,"BioVie, Inc. Common Stock",PASSA_FASE0,,0,1.26,160968.81768973015,0.5068681748303943,1.353841951513282,36.64557497361629,-26.7761150661049,8.443877598299316,168.09418030544134
LUMN,"Lumen Technologies, Inc.",PASSA_FASE0,,0,6.24,13626570.42661508,1.0901680367836422,0.8036309083586833,34.05144631824771,-3.8965039273063273,1.4810952808512936,54.589396837203275
CVE,Cenovus Energy Inc.,PASSA_FASE0,,0,29.07,8272350.01292362,1.2541746461904446,0.8610853724263674,59.893073761944414,6.639765223771099,1.274664876782594,40.11034427108542
GRC,The Gorman-Rupp Company Common Shares,PASSA_FASE0,,0,78.47,170759.0448599682,1.1921279072094588,1.2384386627886728,43.936362265209006,-2.8590174487339137,1.9257205251280518,41.19803361161758
UNIT,Uniti Group Inc. Common Stock,PASSA_FASE0,,0,10.37,2431545.3790684287,1.0187408346575995,0.8862600074241528,36.03784043300682,-5.027932960893866,1.942911750258596,29.6566935530471
ICE,Intercontinental Exchange  Inc.,PASSA_FASE0,,0,154.28,4361286.947776047,1.0173635200932074,0.9902882854476257,72.2427462818602,10.095802187215686,1.7091941220947287,25.35984852154555
PRGO,PERRIGO COMPANY PLC,PASSA_FASE0,,0,10.43,3266234.9173241267,1.1906971359834566,0.921486222382354,49.91931785252298,-0.4058247791835945,1.3997930599034836,53.67455641119113
ITGR,Integer Holdings Corporation,PASSA_FASE0,,0,99.82,534454.0603592857,0.762836380533668,0.833720707640627,62.03256848041281,4.154928107848654,1.6453239842816598,30.82056807413216
ACHC,"Acadia Healthcare Company, Inc.",PASSA_FASE0,,0,27.35,3125387.726109619,2.5368335407080034,0.9713391525761923,37.978512316672614,-15.587722411691196,1.0,78.49464909768322
IESC,"IES Holdings, Inc. Common Stock",PASSA_FASE0,,0,496.22,258106.91711299994,0.7546232298831713,1.0506862971923858,30.002032699676477,-20.383657647481623,2.77699740947109,72.75465713167154
MITK,"Mitek Systems, Inc.",PASSA_FASE0,,0,16.73,1095520.742422286,0.5391206480126479,0.6767306878248281,40.57123017536066,-9.53822861468584,2.266000592539563,53.45635323892234
NUWE,"Nuwellis, Inc. Common Stock",PASSA_FASE0,,0,1.89,116071.55631134921,100.6369610106869,1.2617547682569503,17.073238490562446,-31.534142365513496,1.0,120.94549167653383
SITE,"SiteOne Landscape Supply, Inc.",PASSA_FASE0,,0,93.79,902306.718936111,3.6392422403866727,0.7896930463853754,32.802634027301096,-10.552667970053864,1.0,45.699712809668306
OCS,Oculis Holding AG Ordinary shares,PASSA_FASE0,,0,10.84,698347.3035903492,0.28069603642801116,0.5278210242105013,28.77587284607914,-13.503161842446499,2.6770646603641497,35.54674579575538
MRK,"Merck & Co., Inc.",PASSA_FASE0,,0,130.36,10241281.63767675,0.7361827308492355,0.8730381867424103,59.07805231413118,2.5915461921663496,1.7869624770612458,29.879906334590355
CMDB,Costamare Bulkers Holdings Limited,PASSA_FASE0,,0,18.36,55571.339680111116,0.7632655692873372,1.2358067512133204,47.560249781984055,-2.813434613450505,2.635157257330268,28.00667971055233
CXW,"CoreCivic, Inc.",PASSA_FASE0,,0,29.75,1244577.1016303175,0.5827463586634676,0.9576742910878617,47.531215647925166,-4.253093671049046,3.803960277308022,32.89762779303086
RNST,Renasant Corporation,PASSA_FASE0,,0,43.83,727689.9681272381,0.971542148693443,0.9190516363191248,58.34129142090995,1.6972748471524524,1.73711227064761,21.43289444870097
PAVM,PAVmed Inc. Common Stock,PASSA_FASE0,,0,5.1,18251.67952538095,0.06446127318660792,0.8800326924880492,45.48473117558005,-6.704472697338327,39.90192003240046,93.87093176899697
PSFE,Paysafe Limited,PASSA_FASE0,,0,8.64,303472.88722825405,1.078095783162732,0.7710396467662268,59.26485073380105,5.449441630560825,1.1987427104249588,57.838415822618295
MCS,The Marcus Corporation,PASSA_FASE0,,0,24.96,216063.05149812697,1.19189933226613,0.952581299931026,72.0459364396112,8.154952768870793,1.401821063151061,26.1540824332419
OTEX,Open Text Corp,PASSA_FASE0,,0,25.88,2380837.8078367626,0.8170052790892868,0.577505039652273,67.3452257086536,11.969195491812123,1.05758535439594,46.678648403093774
SEED,Origin Agritech Limited,PASSA_FASE0,,0,0.9801,19570.8513688254,0.3126580742290543,0.38643188831564373,40.15177138917691,-3.6103106775110416,4.678063666346477,29.232400676277297
NRDY,Nerdy Inc.,PASSA_FASE0,,0,0.8502,653433.4165884921,0.17743168761449268,0.6957199954049705,46.30698772036184,-3.5217620725459198,10.799177114077638,43.404979859350675
RH,RH,PASSA_FASE0,,0,176.14,889644.5838864446,0.7946524974576107,0.826997302018544,55.2172591102852,1.2487964706051402,2.0127086413562982,56.099090974564504
FIS,"Fidelity National Information Services, Inc.",PASSA_FASE0,,0,46.81,6479408.0540116485,1.2000162038840811,0.8209841861441263,68.86766935814086,11.468304995951817,1.2033398684947079,42.96938877436317
MTRN,Materion Corporation,PASSA_FASE0,,0,189.34,355864.8229367777,1.630141530288486,0.8972872416459058,26.372149193870584,-23.309199534200797,1.1945968888684722,70.74327221280932
WKHS,"Workhorse Group, Inc",PASSA_FASE0,,0,3.07,188759.4048245238,0.8164308282348325,0.5068638798551126,60.3117203950456,11.860083803971566,1.554410399998506,57.075676929928555
MATH,Metalpha Technology Holding Limited Ordinary Shares,PASSA_FASE0,,0,0.9241,81916.8142406508,0.38334332299286106,0.3863777663504819,48.32313368632625,-0.4915658499027975,3.8310613796136965,74.29349331358557
GOLF,Acushnet Holdings Corp.,PASSA_FASE0,,0,102.55,354464.540860762,0.7112077319238178,0.8092606819574085,38.69165070537283,-7.524302487059719,2.0938837860814887,26.31129490286358
HTB,"HomeTrust Bancshares, Inc.",PASSA_FASE0,,0,51.52,105363.96061712698,1.194736225913453,1.1698780866582525,69.56779197116711,4.855040755477313,1.82610590671481,21.56017028968477
ALG,"Alamo Group, Inc.",PASSA_FASE0,,0,156.95,183211.9190403651,0.6274367176443005,0.7409510696675333,40.21272382360295,-4.225781845919152,2.1677962790864846,25.682872986054324
R,"Ryder System, Inc.",PASSA_FASE0,,0,258.24,404265.36011942854,1.2510334056437358,0.9098570780773477,42.51285394656158,-3.335928609929917,1.186111034421307,26.19357259032911
HCAC,Hall Chadwick Acquisition Corp Class A Ordinary Shares,QUARENTENA,ILIQUIDEZ,10,10.07,,,,,,,
GMEX,GMEX ROBOTICS CORPORATION Class A Ordinary Shares,PASSA_FASE0,,0,1.28,1184018.1994952064,0.35299062132337783,2.440212254620582,25.996248758693852,-35.30288862493366,59.22263203825714,188.44361852149632
TSLX,"Sixth Street Specialty Lending, Inc.",PASSA_FASE0,,0,17.62,700644.6567204286,0.6937291929094763,0.7491300209491718,57.18316663079578,2.6986069825726933,1.9612610120345124,25.02368456916636
HY,"Hyster-Yale, Inc.",PASSA_FASE0,,0,32.15,91124.0494791746,1.5253281216586578,0.9532916438453789,43.23104775888816,-1.8964649161618996,1.0,46.83739163945112
NCEL,NewcelX Ltd. Ordinary Shares,PASSA_FASE0,,0,3.52,42273.35968130159,0.22620629332732448,0.862773132438832,43.13421124817457,-9.348441926345608,19.034742847477126,51.01416871784724
MSLE,Satellos Bioscience Inc. Common Stock,PASSA_FASE0,,0,9.4,57899.664216206365,0.5746451976259837,1.7655765397960017,60.55926214988571,5.2366425032886355,14.473958427922112,83.4581006902686
ROG,Rogers Corporation,PASSA_FASE0,,0,116.79,302535.98133611126,1.8945996532300193,0.857904832794247,29.828128018716214,-13.438234225954437,1.0,51.71421695923962
OXLCL,Oxford Lane Capital Corp. 6.75% Notes due 2031,QUARENTENA,ILIQUIDEZ,6,24.5648,,,,,,,
FICO,Fair Isaac Corporation,PASSA_FASE0,,0,1373.08,311982.6005329206,1.3859032973743521,0.7595004332058792,67.94876202338872,8.976289712420126,1.0,40.93949388781974
INMB,INmune Bio Inc. Common stock,PASSA_FASE0,,0,1.69,760298.0035338254,0.28600939027761846,0.9795213279713909,48.3135419731473,-7.206588881262865,8.261602675456388,77.5393028267877
CBFV,"CB Financial Services, Inc. (PA)",PASSA_FASE0,,0,37.8,6112.738717079362,0.7796879632174408,0.8358700590823346,58.59118952087672,2.5682770971549473,3.745891925789454,26.991478010227215
MPAA,"Motorcar Parts of America, Inc.",PASSA_FASE0,,0,14.08,107442.77385203174,0.8840774583018063,0.9688357901082019,51.2047658140947,-0.4067197170645298,1.6288656653802946,32.52851366175486
SCWO,374Water Inc. Common Stock,PASSA_FASE0,,0,2.14,64857.42715773017,1.132502909934588,0.8858278111807955,50.1448090121012,2.9217265841048334,2.0146364578152416,75.19842092764277
HRMY,"Harmony Biosciences Holdings, Inc. Common Stock",PASSA_FASE0,,0,35.86,822418.7263396189,0.5682053404472538,1.0907810059370537,53.40347471755178,-0.13506551373630993,4.281530054773581,51.02453841803487
FBRX,"Forte Biosciences, Inc. Common Stock",PASSA_FASE0,,0,76.53,808318.0061485397,8.96887361020109,2.318950777873113,85.33441928273453,68.11836165328474,2.420161299206256,237.1601853310708
TCRT,"Alaunos Therapeutics, Inc. Common Stock",PASSA_FASE0,,0,1.9,15854.368932999998,0.35663527346276375,0.8543458662650765,36.131499934466355,-6.643081761006275,10.834358741367874,42.07350995189902
KGEI,Kolibri Global Energy Inc. Common Stock,PASSA_FASE0,,0,5.15,210396.0008845555,0.5232565095636351,0.724342504200312,51.096548168589536,1.617995264404093,2.476716463875096,58.130214012366764
CPOP,"Pop Culture Group Co., Ltd Class A Ordinary Shares",PASSA_FASE0,,0,0.3209,2687137.517395651,0.1329503606597139,1.6905872890888103,39.46536997284584,-41.39615577774733,123.57350120566268,176.27629402976504
GGR,Gogoro Inc. Ordinary Shares,PASSA_FASE0,,0,2.82,14096.934993603172,1.2886468126045307,0.9268975750955228,19.430139742151766,-22.372858027664975,3.5778779640435583,63.497501914267886
SYBT,"Stock Yards Bancorp, Inc.",PASSA_FASE0,,0,88.03,187141.17453693654,2.210187032209544,0.936116231431331,79.09678579852103,10.396287935791326,1.0,26.366014696171003
AEXA,American Exceptionalism Acquisition Corp. A,PASSA_FASE0,,0,11.31,124277.75414520633,0.528364874724708,0.9402617708895677,37.708163918536656,-3.2547795218339504,5.7048306530214425,12.241601762934193
SKT,Tanger Inc.,PASSA_FASE0,,0,41.58,1018586.8190398413,0.9634081163557807,0.8431188097580901,59.39698612443856,2.2538640303958024,1.3333820080177918,18.932827152715394
HYFM,"Hydrofarm Holdings Group, Inc. Common Stock",PASSA_FASE0,,0,0.5583,41456.601847476195,3.4114228993086115,0.576714782451604,25.657750230601224,-22.811844365561875,1.0,93.58964478863962
SAIL,"SailPoint, Inc. Common Stock",PASSA_FASE0,,0,15.89,4430310.695595683,0.6702753769648945,0.917218347184526,57.61409316476039,4.810118232937044,2.516819474942623,62.14673947118584
FMNB,Farmers National Banc Corp,PASSA_FASE0,,0,15.96,418319.2740601746,1.2438538130259607,1.042467460188841,71.88370714517151,8.174054493696637,1.2618155796838166,26.55983840976307
WLDS,Wearable Devices Ltd. Ordinary Share,PASSA_FASE0,,0,2.97,1443951.576248238,0.7629859663968384,2.718198674679233,59.73323909386929,53.846153846153854,27.20250976643885,254.21256075504667
CLFD,"Clearfield, Inc.",PASSA_FASE0,,0,29.51,302065.9680374604,1.157106364857541,0.5923040227951533,35.6048114246353,-8.780389793048005,1.0,65.46604443972399
TPST,"Tempest Therapeutics, Inc. Common Stock",PASSA_FASE0,,0,0.8924,163366.34997692064,0.9714195180489725,1.1460331334237417,31.275499566197553,-9.079794604287228,3.1227759653955904,61.48864813012669
CGTX,"Cognition Therapeutics, Inc. Common Stock",PASSA_FASE0,,0,0.9011,1423109.6674972859,0.2463197933785862,0.8889769693536377,37.30877309189331,-10.535486465153909,7.558306029852719,55.783424903775256
BB,BlackBerry Limited,PASSA_FASE0,,0,7.81,33374172.7690546,0.4091668420916437,0.7337942509062338,32.21934539375644,-21.543020744386965,3.731227376709824,65.07305664343089
MVST,"Microvast Holdings, Inc. Common Stock",PASSA_FASE0,,0,0.712,4986533.608400015,0.7181556488632668,0.9221848129010168,21.74072894907657,-25.904341672563792,3.621620688241612,64.03865938076814
LONA,"LeonaBio, Inc. Common Stock",PASSA_FASE0,,0,7.04,33300.36985944444,0.44220717578076985,1.1978184551826312,37.19152781562211,-14.292671049427796,21.45481619481375,83.88045437936579
BGM,BGM Group Ltd. Class A Ordinary Shares,PASSA_FASE0,,0,0.2865,434599.43823212694,0.030963099130405757,0.9306957821589738,43.888945729602575,-7.84299534390005,485.4443065368695,104.07833513297919
DAL,"Delta Air Lines, Inc.",PASSA_FASE0,,0,86.25,7612132.333401398,0.7174494265479576,0.9340748369941617,51.10092533468117,-0.8814369605939176,2.003699841613858,31.01867386705625
JRVR,"James River Group Holdings, Inc. Common Stock",PASSA_FASE0,,0,4.73,442560.9645319207,0.39949580758211634,0.6093791094912487,60.015281186501895,3.6996437380104386,2.8281365147869124,29.326289451353755
CNTY,Century Casinos Inc,PASSA_FASE0,,0,1.17,72198.3866176508,0.1500548784195603,0.7235580453258856,35.927361933548866,-4.80065093572013,13.260238217086094,33.60172970443197
GCBC,Greene County Bancorp Inc,PASSA_FASE0,,0,34.13,38296.75151161905,0.5260063635916562,1.1739197753146287,65.3132505448072,2.980334769063675,6.4906186834164545,34.5132248655052
EVLV,"Evolv Technologies Holdings, Inc. Class A Common Stock",PASSA_FASE0,,0,5.55,2680861.393534715,1.277323135931704,0.7211954553295014,44.67272123700549,-4.417463187806758,1.3574634254466749,48.002121362985946
IDT,IDT Corporation Class B,PASSA_FASE0,,0,67.1,188940.5140224762,1.2039926440019042,1.0027137402619895,71.85209040318969,7.281041153710843,1.5391874357033797,23.184159260392608
GPRK,GEOPARK LIMITED,PASSA_FASE0,,0,9.39,542196.2878720317,0.8575087013962257,0.7202256250429476,43.35826687329627,-3.548867546607748,1.2828422365673096,43.233262605582844
ENLV,Enlivex Ltd. Ordinary Shares,PASSA_FASE0,,0,2.25,105944.88619865081,3.53162677306991,2.6574631939109623,9.397895098669665,-59.768265207595746,10.795417936288056,224.25280301690057
DBVT,DBV Technologies S.A.,PASSA_FASE0,,0,13.73,269096.8211735873,1.5607331230013919,0.9734635908297078,35.238058979406915,-9.084889418620035,1.348062928438267,55.010335636842214
WLDN,"Willdan Group, Inc.",PASSA_FASE0,,0,67.71,378713.980331762,0.6104625063338611,0.7320664285177119,27.793980638193432,-7.958322288603858,2.292981687277886,31.247807868908577
APVO,Aptevo Therapeutics Inc,PASSA_FASE0,,0,3.98,55755.97686568253,0.41570840478388354,1.785574045466619,35.886856084180366,-9.179074676250764,51.777742285711035,75.3732513673571
ALTG,Alta Equipment Group Inc.,PASSA_FASE0,,0,5.97,278366.66931128566,0.5036080710626819,0.5797483252918929,39.765714888021336,-6.124695337683783,2.0354746551305496,53.38720742210567
URI,"United Rentals, Inc.",PASSA_FASE0,,0,1055.11,518938.12797085714,1.2048782100129547,0.9222685531734095,47.34717525508311,-2.096721138825819,1.9266837489969193,46.78800287623066
WNEB,"Western New England Bancorp, Inc.",PASSA_FASE0,,0,12.93,48436.80742341271,1.5271562691236567,0.8700762372775454,33.88613919858955,-9.525059039622153,1.0,49.55527009033793
GXO,"GXO Logistics, Inc.",PASSA_FASE0,,0,51.53,1419479.336501778,0.8041770235234207,0.871788263342571,48.50761982162039,-1.118722775507064,2.581664157940282,40.20735062275902
FRPH,"FRP Holdings, Inc.",PASSA_FASE0,,0,22.91,71270.2004762381,1.1284728885646205,0.8768214730781477,39.055431007565424,-4.5486266626391885,1.1958063592705135,20.601970392679984
HGV,Hilton Grand Vacations Inc. Common Stock,PASSA_FASE0,,0,51.42,1131720.4196664288,1.2472432997577658,0.886147104181608,53.197650415785034,2.1586021238340303,1.0934928938933863,38.77438103994466
OBT,"Orange County Bancorp, Inc. Common Stock",PASSA_FASE0,,0,38.57,68517.46704919048,0.9691748099696363,0.9772440250342137,61.82234940965646,3.026417715094687,2.8837305504559745,25.058374804892875
FATN,"FatPipe, Inc. Common Stock",PASSA_FASE0,,0,5.12,1152569.3647992064,0.08005758549644867,0.06382074174248487,50.43329731048299,1.0958633626221737,2.7315580320132997,87.38974605934114
VMC,Vulcan Materials Company(Holding Company),PASSA_FASE0,,0,283.92,1160739.6287907145,1.4575088234538387,0.8725871852530414,46.763348445442446,-1.6858358279502106,1.0,28.31348633393925
MVBF,MVB Financial Corp. Common Stock,PASSA_FASE0,,0,30.9,48734.270222539664,1.4782175432408848,0.7592243760190203,68.53866080409631,6.038898087696576,1.0,26.835930065573805
PLAB,Photronics Inc,PASSA_FASE0,,0,27.94,1495432.0949735078,0.7489222153854072,0.7087757534810212,38.73565704504629,-5.043501903208258,1.5113094505857834,56.63049407946368
OLN,Olin Corp.,PASSA_FASE0,,0,22.19,2761916.8364470955,1.0477978169193267,1.1223788198960598,49.18884944571519,2.6174620791712844,1.6966754718261807,45.587206382776216
LNN,Lindsay Corporation,PASSA_FASE0,,0,112.43,181016.1828617143,0.7717374457714659,0.8680667219159142,43.47948004448823,-2.2488077797533146,2.7254979272783473,28.46398566881982
LEN.B,Lennar Corporation Class B,PASSA_FASE0,,0,82.49,72155.69731036508,1.065131399637376,0.9995664215975834,46.12059645018516,-0.6533586246349365,1.4695568552011165,34.60407021347551
HZO,"MarineMax, Inc.",PASSA_FASE0,,0,33.96,331135.92717420636,0.989715795101826,0.8669078220423033,46.25416056420811,-2.1593511862746606,2.3326870240360082,41.2256001377321
GECC,Great Elm Capital. Corp. Common Stock,PASSA_FASE0,,0,5.11,89046.34187701586,0.45728854145675335,0.649540379559142,35.642835530954756,-2.999240698557315,3.85648335198974,17.983193490769914
ELVN,"Enliven Therapeutics, Inc. Common Stock",PASSA_FASE0,,0,52.97,1294534.1672137622,0.6597019634306652,0.6894483042747083,58.30627172405709,2.113303935034594,2.356041814690663,40.861445763878685
LYEL,"Lyell Immunopharma, Inc. Common Stock",PASSA_FASE0,,0,12.97,154536.79199898412,1.2870255984174142,1.1009556214957437,44.04163755911538,-5.669297065347834,1.3862213246643742,75.19788539160301
GOLD,"Gold.com, Inc.",PASSA_FASE0,,0,40.15,474371.606101619,0.6230209681430411,0.8020152926648818,48.0414695238711,-0.7023791858337014,1.986537797471674,46.17057211565033
CNM,"Core & Main, Inc.",PASSA_FASE0,,0,42.37,2382872.222302793,0.7994786777911935,0.893659707681907,35.38107533325821,-5.006389704728386,2.306607844261317,32.551674456250375
ENVA,"Enova International, Inc.",PASSA_FASE0,,0,244.71,342733.81578669837,1.5686712336479811,1.1947937537444555,62.43905538089532,4.196649833513599,1.597151941194619,50.553393147685185
LBTYA,Liberty Global Ltd. Class A Common Shares,PASSA_FASE0,,0,10.53,2059586.4627528416,1.1309289063211903,1.1211522708507926,46.5462064638671,-0.2746472203807304,3.7661433096419454,36.11123478574602
REYN,Reynolds Consumer Products Inc. Common Stock,PASSA_FASE0,,0,25.7,1222473.2680616193,1.405505281916229,0.9569426646050259,52.483239319274716,-1.551426929706956,1.0,20.126682820166728
ZWS,Zurn Elkay Water Solutions Corporation,PASSA_FASE0,,0,51.55,964549.088100873,2.2854962152838145,1.000382346660711,67.25674745983909,7.09574213921409,1.0,26.870005189908134
NWN,Northwest Natural Holding Company,PASSA_FASE0,,0,51.17,271919.3174454603,1.0853164958726877,0.7758734050186262,53.39273374677367,1.1204869276525198,1.0228675594618462,21.103584205844427
KG,"Kestrel Group, Ltd.",PASSA_FASE0,,0,8.45,15976.726379809523,0.7390750595142117,1.1092632366663395,32.68971093988054,-12.255652760831758,3.5576241531165316,54.42603576230505
CMPR,Cimpress PLC Ordinary Shares (Ireland),PASSA_FASE0,,0,97.62,208849.53058393652,0.7587221971577067,0.8003079419868503,49.66818755764791,-1.920004822618071,2.7666625904098123,39.231539651709035
APG,APi Group Corporation,PASSA_FASE0,,0,38.45,2909856.5455203806,1.4660894863815617,0.9404581190096963,33.41311324489196,-5.25706259933224,1.3676353554932474,20.91308293480761
AMST,Amesite Inc.,PASSA_FASE0,,0,0.907,3118939.059559873,0.016283754677517463,0.03871908305869282,34.66696193863024,-15.21145720375423,9.825520104620699,67.64146547218817
AAUC,Allied Gold Corporation,PASSA_FASE0,,0,17.03,664007.5214565395,4.808679619369323,0.8635912868723159,20.644555631369627,-22.193032552826953,1.0,76.96737171863148
AIHS,Senmiao Technology Limited Common Stock,PASSA_FASE0,,0,1.38,162807.51032815868,0.057987218654538666,2.5927257086004483,50.40854671256761,-0.5408989517154961,827.1428766176925,73.002642655804
KMI,"Kinder Morgan, Inc.",PASSA_FASE0,,0,31.85,10179014.639966335,1.0192703670105256,0.9623245247745655,45.48020174258099,-1.2510270203233809,1.951959916924521,18.95068588809952
CVI,"CVR ENERGY, INC.",PASSA_FASE0,,0,34.62,942943.7304675238,1.0540150723513724,0.9124743300748143,61.00148979720812,6.423202840411291,1.291450846926911,47.17612620629599
HCAI,"Huachen AI Parking Management Technology Holding Co., Ltd. Ordinary Shares",PASSA_FASE0,,0,4.31,1089613.221868619,0.08024592684094906,0.034823662129969235,27.21947509114858,-36.64326926610563,1.7855360011829953,84.04350045647855
RAIL,"FreightCar America, Inc.",PASSA_FASE0,,0,8.01,226839.2103912222,0.8365809636910257,1.0137871465439503,44.81426249994858,-2.185859079252661,2.5550656696944984,50.77845079169222
INDV,"Indivior Pharmaceuticals, Inc. Common Stock",PASSA_FASE0,,0,40.1,1991074.9730395079,0.7514711835390595,0.7722027852208315,50.81263435173407,-0.7714340507401829,1.6981052529164264,26.11862598649627
MGY,Magnolia Oil & Gas Corporation Class A Common Stock,PASSA_FASE0,,0,25.03,3896592.947421905,1.713258739815752,1.6099157394563153,44.59486897628821,-2.4133494483215667,5.538665250205709,46.46294687446699
SMG,The Scotts Miracle-Gro Company,PASSA_FASE0,,0,70.33,977920.91657427,1.956302105259966,0.955458253570076,56.503344875802796,3.095201448287521,1.0,47.3642058441815
ORI,Old Republic International Corporation,PASSA_FASE0,,0,44.59,1475438.3921779047,0.8681520533000687,1.0345424217736838,70.60578061459094,6.2336950695081494,3.2493886255870494,23.9119325935792
HOV,"Hovnanian Enterprises, Inc. Class A",PASSA_FASE0,,0,132.9,125602.19243766667,2.027104016065294,1.0324671049783394,53.79164915299884,1.7903303015797123,1.1711430628849129,42.30772880371852
ELAN,Elanco Animal Health Incorporated Common Stock,PASSA_FASE0,,0,26.39,5751293.114517287,1.1499460292649497,0.744038558611711,63.76166065580926,4.728456058892383,1.0,27.0066560283704
ICCM,IceCure Medical Ltd. Ordinary Shares,PASSA_FASE0,,0,2.88,3272775.5768911433,0.02948334669854127,0.06252472368955722,36.58583091309971,-22.151642113799173,18.045048635914526,81.37355095542958
REVB,"Revelation Biosciences, Inc. Common Stock",PASSA_FASE0,,0,0.9646,51378.00982433333,0.9118735848310552,0.9653373281969776,38.94415810638057,-8.795650632312968,4.230009678432879,57.690146685169964
RR,Richtech Robotics Inc. Class B Common Stock,PASSA_FASE0,,0,1.35,10901853.463007411,0.5397694714726694,0.677703953431898,25.97603082552338,-20.106524633821564,2.3341083549935484,65.86623625396398
FGL,Founder Group Limited Class A Ordinary Shares,PASSA_FASE0,,0,0.9362,1013566.3948855398,0.07769505816034183,0.142502391458885,31.423531068549295,-21.409290417478076,17.34508847729053,123.17862490546385
WKSP,"Worksport, Ltd. Common Stock",PASSA_FASE0,,0,0.5857,5686161.9294462055,0.035247085320259185,0.10199212915245501,35.73239319921659,-22.605794324601103,7.386189061478974,105.21372088287113
MGPI,MGP Ingredients Inc,PASSA_FASE0,,0,18.88,201555.49577198413,1.0219806736405135,0.8910648764151137,63.27945677338012,7.682655563793994,1.352773138726346,38.942446508915864
DFSC,DEFSEC Technologies Inc. Common Stock,PASSA_FASE0,,0,1.275,99024.89537226985,0.7583882812264018,0.7588005158472668,23.125756593508072,-29.690084923348415,3.9831022443129913,66.63278144629636
PPCB,"Propanc Biopharma, Inc. Common Stock",PASSA_FASE0,,0,0.99,3842557.341643126,0.04884903037198005,0.7957051108879499,27.56160819637151,-35.25179856115107,283.24365447138297,120.90874982782813
SCNX,"Scienture Holdings, Inc. Common Stock",PASSA_FASE0,,0,0.3657,1518081.520529619,0.12813557809210202,2.602361495529429,45.75546791227103,-2.2087923842122104,240.14058881221234,67.93680139675487
SPCE,"Virgin Galactic Holdings, Inc.",PASSA_FASE0,,0,2.45,30912194.808018282,0.2668458522827164,0.34233080448463166,41.318653442146015,-5.80545943867744,2.242153711802705,60.54715146218177
GRCE,"Grace Therapeutics, Inc. Common Stock",PASSA_FASE0,,0,2.08,311294.66622990475,4.35875236744629,0.604798839801206,28.68705812259131,-12.916056102156148,1.0,45.87362345420059
SPRU,Spruce Power Holding Corporation,PASSA_FASE0,,0,1.99,41448.22413874602,1.3301091165800651,0.6560742242761068,23.164519895122595,-14.075993091537143,1.0,36.57188390430295
CHW,Calamos Global Dynamic Income Fund,PASSA_FASE0,,0,8.08,228322.5589110635,1.300878101474395,1.1916005788167727,24.328951084257923,-6.821195871533159,2.998971394962373,15.526003166868858
EXR,"Extra Space Storage, Inc.",PASSA_FASE0,,0,152.85,1176692.958848238,2.364982389250376,0.9296433102782204,62.696718757555296,3.999401246495915,1.0,24.157133195173756
EU,enCore Energy Corp.,PASSA_FASE0,,0,1.06,3069209.614326984,1.2349405916269212,0.7882720787663503,33.042673979388226,-13.68078175895765,1.2429202818636913,62.7256905293772
ORC,"Orchid Island Capital, Inc.",PASSA_FASE0,,0,6.56,4968213.680268984,1.385728312677417,1.0024966754506408,40.92972886247192,-2.901124925991716,1.0265963276552743,18.084860809340462
NOV,NOV Inc.,PASSA_FASE0,,0,19.06,4193531.229056143,1.8901476476680559,0.8101475738744679,44.69806124059505,-1.0820769649946826,1.0,32.101897838442
GIBO,GIBO Holdings Limited Class A Ordinary Shares,PASSA_FASE0,,3,28.99,3239.894149333333,0.6452265116223477,2.3122631064633725,48.788718011353076,4.28620249294025,18.53825736764097,174.42364105344797
NVNO,enVVeno Medical Corporation Common Stock,PASSA_FASE0,,1,10.4,15312.908656365082,0.20631233894853837,1.5386026980482683,46.88408311739149,-3.050461302684837,60.60691869486197,47.16342349577804
AXGN,"Axogen, Inc. Common Stock",PASSA_FASE0,,0,41.37,1212298.564649984,2.0702676678023013,1.0779973636849238,50.31286103575143,0.17009788194841668,1.0,45.405327939570604
ADP,Automatic Data Processing,PASSA_FASE0,,0,273.37,2795836.3145494764,1.6540516546088246,0.8363292815007077,73.52555995130527,9.90820210613499,1.0,36.61154045064362
OSUR,OraSure Technologies Inc,PASSA_FASE0,,0,3.97,646359.875792762,0.49662590750438185,0.6003404639042962,45.262246638304404,-3.429822427633167,1.889065291352558,37.37661753995097
SVIV,Spring Valley Acquisition Corp. IV Class A Ordinary Shares,QUARENTENA,ILIQUIDEZ,20,10.2,,,,,,,
MDGL,"Madrigal Pharmaceuticals, Inc. Common Stock",PASSA_FASE0,,0,546.88,326822.7998505715,1.0919631188649335,0.8750482168320484,54.861399684360705,0.8865948191575379,1.4803631978074245,36.384669592228214
WST,"West Pharmaceutical Services, Inc.",PASSA_FASE0,,0,337.46,823500.576811238,1.119778478586751,1.0241032390141382,44.20119280938377,-4.482090038070163,1.9502210552862487,33.57322221503351
SOTK,Sono-Tek Corporation Common Stock,PASSA_FASE0,,0,5.16,44340.86541876191,0.8367194551485129,1.2564727375286224,46.79007388002447,-4.124860646599771,2.230334836011569,73.58695254301999
AEP,"American Electric Power Company, Inc.",PASSA_FASE0,,0,129.4,4946435.847813031,0.8560976670903878,0.870995248266232,40.872182201988046,-3.4926127846184762,2.0788798579962835,21.726304754076704
WXM,WF International Limited Ordinary Shares,PASSA_FASE0,,0,3.19,109060.23991671427,0.05729860859257376,1.4126079189138963,40.444970004585535,-3.9853600248012766,145.32853096927505,129.0923702900005
AESI,Atlas Energy Solutions Inc.,PASSA_FASE0,,0,10.18,3463611.788796491,1.3733686943792456,0.9068568396809306,23.157283177708365,-25.309072233023965,1.19780757078396,66.28259022278652
PRI,"PRIMERICA, INC.",PASSA_FASE0,,0,323.43,196910.44332566668,0.9323162844866265,0.8629081145210241,72.7279015199486,4.998319987923372,1.147573169210848,20.487146712026895
HNI,HNI Corporation,PASSA_FASE0,,0,42.78,731720.4181446191,0.8596892914387316,0.7799530079723753,63.430340902387314,4.277879341864721,1.3304708295406085,34.37021813372923
SXT,Sensient Technology Corporation,PASSA_FASE0,,0,122.6,528868.094871619,0.889413248014486,1.22800825485862,57.740745449917966,3.99216241777538,4.103857522849724,41.15860511296211
BRR,"ProCap Financial, Inc. Common Stock",PASSA_FASE0,,0,1.67,1166173.4387043805,0.3133099229493088,0.79974531426909,45.107334384689125,-5.902239752077776,10.71934761850388,102.18187798279108
III,"Information Services Group, Inc.",PASSA_FASE0,,0,4.26,246163.84059655553,0.7354418100614132,0.7794648112334694,58.93793961983426,5.6482112964225895,1.7479269069051053,38.26238180333306
CVRX,"CVRx, Inc. Common Stock",PASSA_FASE0,,0,4.95,313338.11912514287,0.4910206886017346,0.815342957254957,44.920708748526295,-4.596704249783157,4.458050518374745,65.03005574424793
QURE,uniQure N.V.,PASSA_FASE0,,0,40.07,2164114.505808794,1.7833690879658985,0.6629798432804673,52.19016383052731,-1.9202291057288878,1.0,56.16539016891837
YCBD,"cbdMD, Inc. Common Stock",PASSA_FASE0,,0,0.489,285940.76519350795,0.5551050455942605,0.8078344169523279,25.576187144750108,-22.811614563191096,5.796405446965673,73.72061454106232
PLUR,Pluri Inc. Common Stock,PASSA_FASE0,,1,1.58,24454.96232814286,0.42559160224191533,1.9949325710208468,32.68498991442907,-13.802509547190379,34.34324599527821,70.97729744654438
GTX,Garrett Motion Inc. Common Stock,PASSA_FASE0,,0,28.78,2979037.7738969354,1.1883160689534356,0.787581274498442,33.12355297471302,-9.208492381463119,1.190227832358339,43.39579484075096
CABA,"Cabaletta Bio, Inc. Common Stock",PASSA_FASE0,,0,2.62,4987013.988777603,0.43382362348863285,0.8753987405400651,37.618920035932184,-8.094361133035155,3.9718526202304223,58.941203029343356
KEX,Kirby Corporation,PASSA_FASE0,,0,131.07,622606.6673875398,1.7757167093889137,1.01255987643374,33.25864803614438,-7.518733330510985,1.222128109432954,48.02009889370249
THFF,First Financial Corporation Common Stock,PASSA_FASE0,,0,79.72,102678.21691268253,1.1229197077706414,1.022532982263268,64.98428409352948,3.9421616371020596,1.377541067925756,23.459113414390018
BLNE,"Beeline Holdings, Inc. Common Stock",PASSA_FASE0,,0,0.9481,584610.6044958571,0.4453402321148709,0.7202672721900376,38.92009631106416,-6.800487574709024,14.58548456762895,72.03780324798123
CINF,Cincinnati Financial Corp,PASSA_FASE0,,0,181.33,818258.0099496985,1.122411279923137,1.1512341489344038,53.41424028875289,-0.28197439820942805,2.391250236106307,32.45702504897153
PCVX,"Vaxcyte, Inc. Common Stock",PASSA_FASE0,,0,52.98,1593710.6932984605,0.7167028506886554,0.7283692228835792,42.75932539013584,-6.560022575154967,1.4290977649925956,43.98886096957892
TRAK,"ReposiTrak, Inc.",PASSA_FASE0,,0,8.81,98210.41483104763,0.5471014615958408,0.6095113030097509,49.02146572941626,-0.3731765238041307,1.7803257117591218,43.64688063598935
SCSC,Scansource Inc,PASSA_FASE0,,0,57.38,231805.91681836508,0.7711300324963842,0.7743783560913335,72.13414572648723,6.4080334541813055,1.4828722934107519,25.5634543027651
UFI,"UNIFI, Inc. New",PASSA_FASE0,,0,6.16,78851.42904528571,1.5492898840151559,1.4474624575795656,61.014789669449975,4.70848206697263,2.470086771724715,56.839089201745885
GRRR,Gorilla Technology Group Inc. Ordinary shares,PASSA_FASE0,,0,10.65,1510644.3064375396,0.748183837768783,0.9397650151705635,29.041345482708323,-27.526369513439942,6.68714248410198,131.0546457646511
PANL,Pangaea Logistics Solutions Ltd.,PASSA_FASE0,,0,7.4,564306.4247743335,0.4152367959725163,0.7020613662214313,52.79066930347453,3.503741520386061,2.6299358892867053,32.15934346085978
AP,Ampco-Pittsburgh Corp.,PASSA_FASE0,,0,8.04,198928.1528016349,0.7332489107886655,0.9917429206499856,43.913562546550644,1.1766186371358511,4.142874550155439,81.462640014796
LMNR,Limoneira Co,PASSA_FASE0,,0,13.45,92059.17142249206,0.8111936121744692,0.6964020731109524,53.026235171424084,0.30389469955440784,1.4609107958490022,30.095640400158835
CSTL,"Castle Biosciences, Inc. Common Stock",PASSA_FASE0,,0,24.46,402153.9895198888,0.8456551169391816,0.7507644619098529,55.668298848493144,1.187275058950088,1.2876878910902398,37.591312541968044
GRBK,"Green Brick Partners, Inc",PASSA_FASE0,,0,71.53,244696.40600650792,0.969957183395197,0.8832491934885709,45.80690127922837,-2.5131517976395013,1.597307704146962,32.81559516091475
SPWR,SunPower Inc. Common Stock,PASSA_FASE0,,0,0.3024,3823355.5858130157,2.9017641549429203,1.3310368891522804,21.319698243323202,-47.217300995784704,3.6467299531879234,192.85566267234168
ONCH,1RT Acquisition Corp. Class A Ordinary Share,QUARENTENA,INTERRUPCAO,21,10.28,,,,,,,
UBSI,United Bankshares Inc,PASSA_FASE0,,0,48.88,966836.9763672223,1.1316928271332656,1.0984687931136983,68.38052954898052,3.956316228818757,1.6483384311103548,20.153666415617217
CULP,"Culp, Inc. Common Stock",PASSA_FASE0,,0,3.57,29959.191795873016,0.12033386649958348,0.9616458635148731,56.39324687603926,1.8690255385932497,38.180056242328114,61.58934148257992
ASTE,Astec Industries Inc,PASSA_FASE0,,0,51.0,213821.8635175873,1.3853224707520888,0.7671571150693285,34.70843688196797,-8.843926503181532,1.0,38.603289903678814
ZUMZ,Zumiez Inc.,PASSA_FASE0,,0,19.55,207197.61906941273,1.1965892021130875,1.0556633951434236,54.645700783477736,5.39083557951483,1.7225235361817761,32.68276856816163
LOCL,Local Bounti Corporation,PASSA_FASE0,,0,1.01,45005.6082565873,0.3849333633539844,0.5485539714261392,28.479727092100177,-16.425320645428222,10.257249113369372,47.82051956629649
SPB,"Spectrum Brands Holdings, Inc.",PASSA_FASE0,,0,88.28,375848.18808707944,0.8845508412534208,0.8302009600763501,55.611918960449266,1.9375995935428936,1.7215460088733985,27.796170725284657
TONX,TON Strategy Company Common Stock,PASSA_FASE0,,0,2.98,457736.66095153964,0.515283268553774,1.0377377745877976,43.04375876067365,-9.587378640776711,11.2775132167548,98.62051725761725
MSIF,"MSC Income Fund, Inc.",PASSA_FASE0,,0,11.21,291392.3438388729,1.0881596712964154,1.015270090376628,45.03465241752564,-1.5025041736227096,1.527525620011453,27.363599653393965
BBCP,"Concrete Pumping Holdings, Inc. Common Stock",PASSA_FASE0,,0,9.74,313855.7811989206,0.46475285489022444,0.6799156833464564,37.08928133504294,-9.129075896813909,2.9902311894610927,39.318751530136026
SSRM,SSR Mining Inc.,PASSA_FASE0,,0,25.01,3182831.498255254,1.271809959906764,0.9320946620988007,37.84521705160798,-9.293680297397767,1.0148054469302257,54.843877139332776
MBINN,Merchants Bancorp Depositary Shares Preferred Series C,PASSA_FASE0,,0,20.1999,8901.09981104762,0.4854456293858183,0.988342018037049,51.801432273038536,0.527348177447573,6.233510761397825,8.814676021792096
MFIN,Medallion Financial Corp,PASSA_FASE0,,0,9.93,78290.79130822222,0.3966254878910498,0.5126626351672189,52.14776769901395,-0.0201369311316979,3.0738721915354494,20.982327587950362
STUB,"StubHub Holdings, Inc.",PASSA_FASE0,,0,8.53,6717779.088645857,0.7079200883132383,0.8700555531536956,33.421024873252634,-17.55267736323217,2.707165888616269,69.82869750642419
SPGI,S&P Global Inc.,PASSA_FASE0,,0,419.64,2210874.1110582696,1.339645551778746,0.961868673309279,45.09064891680076,-3.620766872222425,1.4246292623134138,37.31196078492774
KYIV,Kyivstar Group Ltd. Common Shares,PASSA_FASE0,,0,13.12,641279.3864892855,0.910797102369918,0.9728344304739684,34.290202745421624,-10.39628472400076,2.963587627641501,29.583014901235575
ABLV,Able View Global Inc. Class B Ordinary Shares,PASSA_FASE0,,0,0.83,92949.06865971429,0.32981885712306214,0.6750399279691164,26.341609918373095,-18.567973667041116,5.485423865775543,59.534678353860826
FULC,"Fulcrum Therapeutics, Inc. Common Stock",PASSA_FASE0,,0,3.62,2434770.2259687944,0.45704049464882124,0.6578116974162791,40.607039899318046,-1.0658649904345507,2.4728700944776825,35.91498992850852
SCM,STELLUS CAPITAL INVESTMENT CORPORATION,PASSA_FASE0,,0,7.09,206128.30218125397,1.1700748522923325,1.2302797344386844,33.07783066987072,-9.178248895151475,3.7382523026506798,47.88902113002067
PPSI,"Pioneer Power Solutions, Inc.",PASSA_FASE0,,0,2.78,212676.5440766349,0.2777229793790364,0.2958283341830551,26.11687784554036,-17.218789548127756,2.587168652882014,40.23809511135805
LVWR,"LiveWire Group, Inc.",PASSA_FASE0,,0,2.59,3716461.3736567935,2.881399743868,3.018216149922542,72.59617349356066,139.63176277380705,9.804718733266537,338.02256733726557
DSGR,"Distribution Solutions Group, Inc. Common Stock",PASSA_FASE0,,0,34.54,131127.49494373018,2.802230381939966,2.0469935725237023,82.90609580428394,11.85867074720881,6.417567457028992,78.46528652133198
TWFG,"TWFG, Inc. Common Stock",PASSA_FASE0,,0,28.46,218786.33807603174,0.6477496820516758,0.5888802148938405,71.11609143816194,8.4355711346491,1.8857336506905478,38.175347004788875
TREE,"LendingTree, Inc.",PASSA_FASE0,,0,39.46,275849.41979971423,1.0465697057206536,0.771107346235645,40.93763549548111,-9.764463754859376,1.422775238714387,38.40888339755898
HELP,Cybin Inc. Common Stock,PASSA_FASE0,,0,7.91,1205251.969095952,1.5144184025030938,1.371757178327893,68.26739808735218,13.04844933542948,3.085721666346303,71.22181613898093
CON,"Concentra Group Holdings Parent, Inc.",PASSA_FASE0,,0,31.61,960072.9075109842,0.8056997549398612,0.9993424360651204,58.571407132027524,0.29348774490360885,2.8335320849568912,28.514237800758025
FOX,Fox Corporation Class B Common Stock,PASSA_FASE0,,0,52.73,1704061.3957554128,0.6937318525809019,0.9224968395058817,57.895275206250254,5.097413921969207,2.101485312131294,31.308400403976894
FSTR,Foster (Lb) Co,PASSA_FASE0,,0,40.28,102556.20821811112,0.739156182615311,0.7146514640705766,39.481291740146226,-4.719101123595504,1.4893582427575238,30.11322004575992
OGS,"ONE GAS, INC.",PASSA_FASE0,,0,79.81,657090.764014,0.7701204863552432,0.8260842363503911,52.31234184019118,1.0400248137387047,2.238992933357503,21.406274881199423
OVV,Ovintiv Inc.,PASSA_FASE0,,0,61.28,3618925.2852910636,0.8656578509064297,0.9131423658415947,61.945012482952265,6.952431649402668,2.385773957257251,32.86916783749163
AHT,"Ashford Hospitality Trust, Inc.",PASSA_FASE0,,0,3.21,33470.07930039682,0.13399414730238862,0.6929955383994267,52.61838639848469,-0.15552099533436836,11.993181241550584,14.159325886328823
CBT,Cabot Corporation,PASSA_FASE0,,0,91.53,513927.8888887619,0.7333197226772278,0.787520605954024,58.53872524279568,3.4506142839382026,2.616568956322464,32.81746019358794
BYRN,"Byrna Technologies, Inc. Common Stock",PASSA_FASE0,,0,4.33,701189.3148287144,2.5176659629236364,1.7511735062448166,47.48111229545358,-1.4509246088193373,3.022469514309489,172.54914405476848
CYRX,"CryoPort, Inc. Common Stock",PASSA_FASE0,,0,14.93,829013.2627153015,0.6710950558894253,0.8472827231444067,43.05111302077007,-5.254473918009905,2.0511106669135764,38.24334190520794
TAYD,Taylor Devices Inc,PASSA_FASE0,,0,54.8,37869.59942857143,1.0032976573376253,1.0465959810258052,47.49448037253385,-1.6268372040839196,2.3472238120441578,32.46091793737174
TPC,Tutor Perini Corporation,PASSA_FASE0,,0,76.68,732123.0699196986,0.9131147683344063,1.4377444748908175,43.0333063598562,-4.143409859427827,12.291906649503105,55.07096269596678
KYNB,"Kyntra Bio, Inc. Common Stock",PASSA_FASE0,,0,6.78,17986.799544047615,0.3661736947071057,0.6376450491157839,39.64671092541094,-6.701463259572893,8.804605860946957,38.526570087920824
MG,Mistras Group Inc.,PASSA_FASE0,,0,15.0,200080.80201080954,0.6106735006010167,0.9100179887854165,28.87770443605858,-6.26171728533933,2.2253030846932487,23.46407079227465
PRCH,"Porch Group, Inc. Common Stock",PASSA_FASE0,,0,12.36,2019855.3027936032,0.7283079313673592,0.8621592074481125,45.54728804649164,-9.574759945130317,2.3348549744488736,66.03877533688379
MQ,"Marqeta, Inc. Class A Common Stock",PASSA_FASE0,,0,18.36,1157091.1546359838,0.8397456766668319,0.9422681839443331,63.701447462820965,8.34734885367794,1.602874290712399,49.30811717771098
ITW,Illinois Tool Works Inc.,PASSA_FASE0,,0,292.45,1472416.146213254,1.2558781367303609,1.0193613639644352,68.79793799940133,6.139736438103616,1.544392099762734,26.350078246036553
NPKI,NPK International Inc.,PASSA_FASE0,,0,12.05,986997.3124536349,1.638140367546292,0.8512944390926801,25.61947952552046,-14.922159070851137,1.0,55.87504503284877
AU,AngloGold Ashanti plc,PASSA_FASE0,,0,77.87,2937976.8931120955,0.767051483894709,0.7703326044801704,42.91851880705397,-2.5284766554011906,1.4300085020827527,39.74582819448245
RVSB,Riverview Bancorp Inc,PASSA_FASE0,,0,5.29,101730.50983912697,0.5701223250696109,0.7259431722738309,43.33734599601355,-0.4235294117647226,1.8153090852611407,10.560080867045547
WHLR,"Wheeler Real Estate Investment Trust, Inc",PASSA_FASE0,,0,0.9351,272576.1806121587,2.048676464931326,2.320391126116751,19.989589419311912,-56.62459470366401,13.212532137011992,223.3370735388808
PCT,"PureCycle Technologies, Inc. Common stock",PASSA_FASE0,,0,5.92,5501744.5604011575,0.7385488430013053,0.7393278235501564,33.902627898001356,-11.608809257185515,1.8988899534868102,76.43169011208761
GNPX,"Genprex, Inc. Common Stock",PASSA_FASE0,,0,7.12,22839.41913877778,0.9569103483412651,1.478250442995143,32.54017058163626,-28.182295927270463,17.235250581632037,147.378651642245
RJF,"Raymond James Financial, Inc.",PASSA_FASE0,,0,174.16,1423146.6741750478,0.8939391877639437,0.9421901177667522,65.72089407279833,3.5292439202724957,1.7894757714435408,24.716229528158774
KHC,The Kraft Heinz Company Common Stock,PASSA_FASE0,,0,27.62,14080273.588825777,1.269426916453659,0.9180665918376778,70.91928115035405,7.764338665626247,1.1569000113616421,31.747977696703533
HFBL,"Home Federal Bancorp, Inc. of Louisiana",QUARENTENA,INTERRUPCAO,18,22.99,,,,,,,
CNDT,Conduent Incorporated Common Stock,PASSA_FASE0,,0,1.63,1261377.909357825,0.5819473588036055,0.7936580561104145,59.80197896188746,5.912930474333966,2.3707523238778503,40.72616750357507
GDRX,"GoodRx Holdings, Inc. Class A Common Stock",PASSA_FASE0,,0,3.22,1419808.8630230315,1.090986423962669,0.68893784371061,64.28797656154572,6.00823045267489,1.3328563107343108,38.79400641462884
ARXS,"Arxis, Inc. Class A Common Stock",PASSA_FASE0,,0,42.47,990996.9489241588,1.1162554077193814,0.8483714812747537,49.2936466207222,-1.2710165226336279,2.3394227875358875,55.644903566510116
CTS,CTS Corporation,PASSA_FASE0,,0,61.53,319103.1494174444,1.5692360744422837,0.7729249586671951,49.94220685150557,1.7293829773163072,1.0057336648214557,43.77571120702133
WPC,W.P. Carey Inc. (REIT),PASSA_FASE0,,0,74.71,1506511.818290381,1.4565773161396052,0.9890216331716535,53.15855538031583,1.7251473932164973,1.0,20.166556678195917
SAFX,"XCF Global, Inc. Class A Common Stock",PASSA_FASE0,,0,0.3621,7020605.952719969,0.21159527003897255,0.4835873903158968,39.69241089693912,-19.193947914574537,8.924174858525264,94.48131762484704
AMAL,Amalgamated Financial Corp. Common Stock (DE),PASSA_FASE0,,0,49.25,150223.2295282857,1.0725475400904108,1.085461530088773,62.70821990390184,4.01596671489064,1.6320282528588537,26.848769904929437
UNCY,"Unicycive Therapeutics, Inc. Common Stock",PASSA_FASE0,,0,4.74,1472582.7729959525,1.098358082734712,1.6050759175463656,35.481244293371745,-10.430839002267566,3.745366644757106,72.71260992047615
CATY,Cathay General Bancorp,PASSA_FASE0,,0,63.24,500651.4622759524,1.2803554180306835,1.096878421051158,58.89911180539143,1.6107652138983797,1.7217633615402457,21.566171698526436
WK,Workiva Inc.,PASSA_FASE0,,0,61.45,1071472.7855022382,0.775004112280615,0.7333305244101869,68.89427093065224,13.432890923522823,1.932893600407154,50.824895019359374
ZIP,"ZipRecruiter, Inc.",PASSA_FASE0,,0,4.16,735081.8966222857,0.9496471291710986,0.6813236003444874,59.673977597007955,4.260651629072698,1.4407254188703726,45.42221613066806
CBNK,"Capital Bancorp, Inc.",PASSA_FASE0,,0,37.83,67658.33892406349,0.8529268578669703,0.8518116048759873,72.19824669301175,5.739801266194267,1.6284524639097155,24.691626242107372
EXEL,Exelixis Inc,PASSA_FASE0,,0,55.33,2656181.6470775073,0.7087312726406576,0.8672582632180507,52.443664835344556,-0.8769336880480649,1.771355197993626,23.24785484290132
EBMT,"Eagle Bancorp Montana, Inc",PASSA_FASE0,,0,24.05,68797.8635584762,1.2399702910467743,0.6811299546674164,58.73123704869464,2.514919011082717,1.0,26.071440268532996
TXG,"10x Genomics, Inc. Class A Common Stock",PASSA_FASE0,,0,46.32,3139537.2852299516,0.7615497286090935,0.93743339496283,63.859142756949055,6.26168545898762,1.9854763724778977,73.42075497481876
INVZ,Innoviz Technologies Ltd. Ordinary shares,PASSA_FASE0,,0,0.38,3206679.5843473333,1.878737897416461,0.925828420005411,26.942491989819175,-39.090362652775,3.2746217945849696,140.7405870959876
FXNC,FIRST NATL CORP STRASBURG VA,PASSA_FASE0,,0,31.36,71898.13921965078,0.5083957238772269,0.5246694422001096,65.55032125961517,5.731625084288616,1.617954261334645,29.40153180543717
CLW,Clearwater Paper Corporation,PASSA_FASE0,,0,21.61,209155.61549233334,5.307841808816715,0.7657347266366875,79.99646883897371,32.122768403032524,1.0,79.35110593636446
PENG,"Penguin Solutions, Inc. Ordinary Shares",PASSA_FASE0,,0,43.7,3956290.2332592234,0.8011032922837477,1.2953538152483324,33.98347473852189,-31.732616812210026,4.353311914520626,135.67241554955925
KNF,Knife River Corporation,PASSA_FASE0,,0,76.22,545231.2700646826,1.0021694356986843,0.7358993262840557,40.46217006055924,-5.102809439917333,1.1107455645861237,36.77779413351834
GLXY,Galaxy Digital Inc. Class A Common Stock,PASSA_FASE0,,0,18.26,6523754.665579048,1.2311450176046908,0.955499531742825,29.325551064401594,-22.997448710650048,1.1726456365624913,86.68624147662821
SPG,"Simon Property Group, Inc.",PASSA_FASE0,,0,235.61,1897873.8207852065,0.7245828251390563,0.863619640700102,68.78194846852509,4.2764358977196215,1.8550302292645162,20.87875164144282
TRP,TC Energy Corporation,PASSA_FASE0,,0,67.28,2471650.132417207,0.7902182983308721,1.0445698294896246,43.950264884723104,-1.6525241008324754,1.9680697219857335,21.364228415143117
CTMX,"CytomX Therapeutics, Inc.",PASSA_FASE0,,0,3.17,4176375.1708487775,0.3269476065222594,0.897203590690291,33.88384811486925,-11.229347521702614,4.725348760242671,37.94963173289437
ROIV,Roivant Sciences Ltd. Common Shares,PASSA_FASE0,,0,32.87,5802488.35594916,0.8313751777959221,0.8082419416577957,42.457195244953255,-5.943285546684995,1.2930209566813187,29.5209706646099
BNED,"Barnes & Noble Education, Inc",PASSA_FASE0,,0,12.56,351627.79952166666,0.651162427855456,1.1855917546495414,54.29239134875805,2.134580199227498,3.591515061275031,70.98505307921575
LTBR,Lightbridge Corp.,PASSA_FASE0,,0,7.64,904978.0060713174,1.2814142140937432,0.8156554879624108,41.197410697910804,-4.986941922646448,1.0,73.05425930998082
HMH,HMH Holding Inc. Class A Common Stock,PASSA_FASE0,,0,18.66,283053.5935282857,0.48206420955883217,0.7136447389824926,42.75230029822955,-4.367768965649788,3.977648041052377,50.10787440043261
FIBK,"First Interstate BancSystem, Inc. Common Stock (DE)",PASSA_FASE0,,0,37.75,1213915.3852909363,1.2198232585206992,1.0249666298950482,46.270011419129304,-2.6070355129577782,1.430437997410824,20.740640513106165
TRC,Tejon Ranch Co.,PASSA_FASE0,,0,17.04,97264.1695638254,1.2260601680431376,0.9399193458255897,26.42835404294985,-5.962859744488291,1.1787154309626817,17.700076607074642
ANVS,"Annovis Bio, Inc.",PASSA_FASE0,,0,1.7,1053652.807462,0.539003583152776,0.7947899575150156,43.4871672955328,-5.39788536449638,3.159128460130482,48.19903412736207
PHIN,PHINIA Inc.,PASSA_FASE0,,0,82.13,368743.1792815397,1.4200586200353746,0.7521530718971999,57.04026705081195,4.247055239642528,1.0,38.99956054017933
PEBK,Peoples Bancorp of North Carol,PASSA_FASE0,,0,43.34,35293.459451571434,0.6497421917923938,0.9930212009463278,54.98598084341602,1.4738764472436605,4.8402500976630565,22.008151924987942
MGRT,Mega Fortune Company Limited Ordinary Shares,PASSA_FASE0,,0,96.99,16389.576563793653,3.7330916589487497,0.8981148573122661,58.43628509038512,14.26720075400565,1.0,93.98803352263266
CAE,CAE Inc. Common Shares,PASSA_FASE0,,0,26.23,798539.3348997778,0.7468750395456143,0.7534419781787102,60.55631285559615,3.6779382991758647,1.690776981040351,27.05999853123816
FFBC,First Financial Bancorp,PASSA_FASE0,,0,33.82,1021964.3435389047,1.145989251546148,1.2510983268104856,50.0128742925683,-1.8515293981078762,2.8856138605692365,29.15002481675145
RVMD,"Revolution Medicines, Inc. Common Stock",PASSA_FASE0,,0,180.92,2780407.923217254,0.8269768702357908,0.7466802408578738,50.546329197485434,-2.7630723257426437,1.3876949111939696,27.98421497670779
DLNG,DYNAGAS LNG PARNERS LP,PASSA_FASE0,,0,3.57,57379.47090650795,0.7908786728609065,1.3760460735007363,48.8090085896006,-0.23752969121139111,13.345512087057843,57.58824894000397
ORKA,"Oruka Therapeutics, Inc. Common Stock",PASSA_FASE0,,0,88.07,1644980.2544544763,0.48041995925238656,0.7558169949708098,53.46288718752042,-0.5645252342779905,5.7245444441488464,61.2841702726766
APPF,"AppFolio, Inc. Class A",PASSA_FASE0,,0,186.995,384424.49851719046,1.0851423550373596,1.0708619030603779,64.39215447697421,7.417305850235012,2.2474190177395457,45.71558037624265
KMT,Kennametal Inc.,PASSA_FASE0,,0,33.55,1257338.161714222,1.1206245557281111,0.6654520106830031,43.77402217055012,-1.8977163074943793,1.0,37.09728330536177
WLTH,Wealthfront Corporation Common Stock,PASSA_FASE0,,0,9.25,1543211.236604445,0.3663210331619042,0.7593392835735686,49.176438073119805,-0.09990009990009652,3.6091691405503754,45.55373637533864
NIC,"Nicolet Bankshares,Inc.",PASSA_FASE0,,0,171.05,274932.14750158734,0.7222370708098207,0.8438462967231234,62.84738901878618,2.2543176370016793,2.0732409246902006,23.275095285822054
PLRZ,Polyrizon Ltd. Ordinary Shares,PASSA_FASE0,,0,11.7,43465.36102179365,1.202415655947157,1.2479715197603478,40.72340316635273,-15.153448976039929,2.3094513726955994,105.42360336684796
DGNX,Diginex Limited Ordinary Shares,PASSA_FASE0,,0,1.55,2074560.5660114605,0.3824390051992423,0.9131823163148778,63.03036992871081,23.90087929656275,3.599973189529223,109.99793451218129
HFFG,HF Foods Group Inc. Common Stock,PASSA_FASE0,,0,1.51,217604.55586768253,0.7510592446068927,0.6580057000684565,38.308319629013184,-8.733756421879724,2.224684957801177,79.40886324248233
BTCT,BTC Digital Ltd. Ordinary Shares,PASSA_FASE0,,0,0.5549,1568358.2540598414,0.16244041028732925,2.144858014705038,26.931462720681466,-34.53897697244245,17.765695512860372,107.54554718853842
SCI,Service Corporation International,PASSA_FASE0,,0,85.68,1497371.5381824442,1.3017289303367987,0.773858879553956,71.74331399440321,8.12925534935669,1.0,25.701442321537204
SSTI,"SoundThinking, Inc. Common Stock",PASSA_FASE0,,0,8.36,124057.76631049204,0.29508940985909005,0.5769353113650796,50.483277840648746,-2.8048248801046283,3.834699193321324,41.7623411863083
ORCL,Oracle Corp,PASSA_FASE0,,0,117.74,30405455.146724492,0.9235767652888494,1.307094292942824,31.462667651044498,-9.534109113819976,2.0187570481717505,52.3940002845522
ARTC,Art Technology Acquisition Corp. Class A Ordinary Shares,QUARENTENA,ILIQUIDEZ,8,9.96,,,,,,,
STAK,STAK Inc. Class A Ordinary Shares,PASSA_FASE0,,0,2.43,5351456.345878413,1.5432054114737301,1.7149771741320339,47.48670378679573,-23.482641895615195,8.12231894738354,906.9309273386713
LPSN,LivePerson Inc,PASSA_FASE0,,0,1.78,97928.25656185714,0.9920542572064924,0.7500986882953548,49.059089378825,2.8307336799537675,1.6378992051819106,68.05726546106227
VSTS,Vestis Corporation,PASSA_FASE0,,0,14.92,1570601.3740775555,0.5589851351948758,0.7864989871677349,51.79554149418732,-1.394488136937433,2.791821322518319,39.39217147989244
LUCK,Lucky Strike Entertainment Corporation,PASSA_FASE0,,0,7.03,112717.33667077779,0.5176964574707542,0.8845209798995158,40.92897722707636,-2.913962159922656,2.929549801021769,37.42487471021942
HG,"Hamilton Insurance Group, Ltd. Class B Common Shares",PASSA_FASE0,,0,36.59,497466.97989287303,1.4876068643075824,0.9376030745842518,65.13580494221705,4.732872497245033,1.1348909226639954,26.69198143213562
PRVA,"Privia Health Group, Inc. Common Stock",PASSA_FASE0,,0,24.12,1151783.4050828412,0.678701808380175,1.0049108117849224,37.47969918737506,-9.203839638622235,3.1078776257231078,32.81651460792609
REKR,"Rekor Systems, Inc. Common Stock",PASSA_FASE0,,0,0.6,3059434.863040365,0.2896800658178638,0.6284864152245496,42.139790471940046,-6.5173020893383065,5.219120799109218,75.04055281895472
IHS,IHS Holding Limited,PASSA_FASE0,,0,8.27,1162940.3997663013,0.3459018703588222,0.7266523677458173,56.021563265783044,0.7553606237816535,6.626497459044685,8.840717660825693
PLRX,"Pliant Therapeutics, Inc. Common Stock",PASSA_FASE0,,0,1.05,526150.6706227143,0.4380475465121455,1.3407403538129141,38.19216066224761,-5.533063427800256,11.204843831149077,44.25041211286857
KPTI,Karyopharm Therapeutics Inc.,PASSA_FASE0,,0,6.86,504797.01129407936,0.8654787280594269,1.1278140424244372,32.0126802755976,-22.294905558859345,5.333531598189048,100.45608442823647
HEI,HEICO Corporation,PASSA_FASE0,,0,355.23,635810.9191680794,0.7982538097821343,0.6882315298143259,57.210957498361594,1.4073651156152112,1.0996893622586976,25.87393560874847
SLAB,Silicon Laboratories Inc,PASSA_FASE0,,0,216.44,438622.2220825397,0.9111088389493348,0.8394633351985321,37.934172721057806,-0.6000096442422609,3.3265349180275896,2.935027971478489
SXTP,"60 Degrees Pharmaceuticals, Inc. Common Stock",PASSA_FASE0,,0,1.49,86184.8530157143,6.471516627989197,0.8234401769422318,44.9619288216257,-4.118404118404106,1.066484552942952,51.565622714222584
SVV,"Savers Value Village, Inc.",PASSA_FASE0,,0,9.95,1005168.7880745555,0.5989068232790653,0.6943026420076086,54.80428169093489,2.4822329797095533,2.29834088518312,42.15115302598927
RLMD,"Relmada Therapeutics, Inc. Common Stock",PASSA_FASE0,,0,5.14,1665696.7364496351,0.7316426356574357,1.0600465228946487,33.99776871356187,-11.04188300449984,2.6557075973520545,65.02264736282399
TACO,Berto Acquisition Corp. Ordinary Shares,PASSA_FASE0,,0,10.4701,87562.11280844444,0.18897927161945063,1.13823309848844,50.117741393644735,-0.21353337453732246,25.601688354603926,3.2076073051978184
CDRO,"Codere Online Luxembourg, S.A. Ordinary Shares",PASSA_FASE0,,0,9.27,30056.976558285714,0.25970900249606527,0.7619336086013229,46.12359113896311,-1.24640460210933,15.584424418369741,23.444612065296397
NEON,Neonode Inc. Common Stock,PASSA_FASE0,,0,0.7517,205431.33597485712,0.851347947430013,0.702898682489817,32.96881624697572,-12.127606099749267,1.4693662365147508,74.36052360715568
ABX,"Abacus Global Management, Inc.",PASSA_FASE0,,0,10.3,611699.5988212698,0.7568257473065101,1.1234017450857212,47.808072363235596,-5.798426925187494,2.3270584858797148,50.43116346218468
CBSH,Commerce Bancshares Inc,PASSA_FASE0,,0,60.33,1259031.7878832696,1.163756764731381,0.9875166993993906,69.07337086841885,2.7234571474787472,1.551629742504865,16.549295704128888
BALY,Bally's Corporation,PASSA_FASE0,,0,14.46,56183.995519333344,0.7887419885748599,0.9743734085592418,55.07238976704807,5.382064643078377,1.7046290576505756,69.21705971255548
DEI,"Douglas Emmett, Inc.",PASSA_FASE0,,0,12.26,2445298.9834176986,0.8877199209873472,0.8363156124710464,52.77562136894953,0.228907782864618,1.5604735983135722,33.180905064122015
SBFG,"SB Financial Group, Inc.",PASSA_FASE0,,0,26.11,36291.08820198414,0.4446012919259294,0.8175812671367569,53.490030353833816,-0.9023540909565364,3.101550773453049,33.84755942510494
DLTR,Dollar Tree Inc.,PASSA_FASE0,,0,128.95,3739311.7295705243,0.5343043470998527,0.8330048457836131,61.25475938214091,3.7939735906919347,2.9620655274963235,33.07338071336604
FSSL,FS Specialty Lending Fund,PASSA_FASE0,,0,10.96,329009.3060623491,0.8308762966971991,1.2653532362599988,45.06405090007988,-0.6841556793983017,6.610830761337988,18.52108739846015
PRKS,United Parks & Resorts Inc.,PASSA_FASE0,,0,46.56,914692.217243238,0.6709540327517606,0.6501385613608666,54.96642355752394,0.6974858069748624,2.096411107389073,35.013431308562886
RBLX,Roblox Corporation,PASSA_FASE0,,0,50.13,11399027.372587893,0.6110414596129432,0.6402256082532166,47.50515889387419,-5.841472577009754,1.9683037139911532,53.44675944595924
ROAD,"Construction Partners, Inc. Class A Common Stock",PASSA_FASE0,,0,104.03,850279.6319509364,1.0160554048186954,1.5862040694692012,45.543700954604645,1.212250933997483,10.365801138925004,51.52971038315588
DOV,Dover Corporation,PASSA_FASE0,,0,197.99,1042822.193041286,1.041074680970103,1.2341811218708363,36.65010494186645,-6.00796124294134,3.7730799536651745,37.0912206443646
HNRG,Hallador Energy Company,PASSA_FASE0,,0,13.7,874160.0818654762,1.32931620601251,0.8056193272593005,31.328655167907826,-14.334844458339834,1.1250131343657703,52.35365707035285
DFLI,Dragonfly Energy Holdings Corp. Common Stock (NV),PASSA_FASE0,,0,1.21,391085.440909873,0.8030653269559525,0.6102910599942373,23.21570967875664,-24.422236102435967,1.1850092967717591,52.32241635094439
CGEN,Compugen Ltd,PASSA_FASE0,,0,2.24,409590.27551492065,0.48434395385632945,0.6050730289880183,45.67515324829807,-4.355251921434666,2.4951894131417713,52.02949074589439
STKE,Sol Strategies Inc. Common Shares,PASSA_FASE0,,0,1.01,317457.818774127,1.0629634361379354,1.4197674447663775,36.13463141742289,-18.810289389067513,15.5515969871737,129.64611733839752
RDNW,"RideNow Group, Inc. Class B Common Stock",PASSA_FASE0,,0,6.63,111080.3323623968,0.5218880962731497,0.7232702715620185,55.83639310720832,7.883817427385886,2.545070038177838,35.22133304640971
ZBAO,Zhibao Technology Inc. Class A Ordinary Shares,PASSA_FASE0,,0,0.159,15408417.522199953,0.108155747985927,3.0978272674114278,31.05712188926799,-44.17232843524517,297.6052428671025,295.5687659618908
EMBC,Embecta Corp. Common Stock,PASSA_FASE0,,0,3.68,2531697.423206095,0.42750116069968214,0.5607163874414106,59.834798845654106,10.835027482870263,2.199638998210015,49.573706817504146
AMPH,"Amphastar Pharmaceuticals, Inc.",PASSA_FASE0,,0,20.58,607051.4118737938,0.5298947703854051,0.6717839347832425,58.457406909411226,5.76354806382815,2.0220222590880907,39.849374669843264
CVLT,"Commault Systems, Inc.",PASSA_FASE0,,0,120.31,799708.0926418412,1.3312377151606423,0.8881012295758163,34.4989414309882,-16.952270507391177,2.1261113977927026,85.3442549463881
NYT,New York Times Co.,PASSA_FASE0,,0,77.69,1801248.2031004599,1.2228069702419333,0.8166230520699997,60.22339918893645,4.918431287813285,1.1922070572647436,33.38179462478108
PCOR,"Procore Technologies, Inc.",PASSA_FASE0,,0,50.16,2953253.4000993175,1.4131164501619307,0.9512719212416796,65.15813887717368,12.778658392634302,1.0175134851633703,52.63565045807484
ARX,Accelerant Holdings,PASSA_FASE0,,0,12.4,1796278.7338158893,2.3665770863781277,1.0767893650747846,41.44374882019746,-7.538587726493162,2.0461653422137718,89.91098339591788
CLST,"Catalyst Bancorp, Inc. Common Stock",PASSA_FASE0,,2,16.705,3859.9802534285714,1.0344321312144993,0.6826937987465961,50.106760332658816,-0.44544777051140905,2.3253847666535865,25.68831681191962
STRW,"Strawberry Fields REIT, Inc.",PASSA_FASE0,,0,14.5,31017.53700138095,2.433801097638379,1.2902629796433616,66.01040395895382,4.2865362485615455,1.8712435841675454,23.066745301943225
ASC,ARDMORE SHIPPING CORPORATION,PASSA_FASE0,,0,16.75,671088.0186413333,1.3431103637311828,0.8754976795508279,56.09787564909194,5.488553704695032,1.0749939796378385,43.478510600492854
QNTM,Quantum Biopharma Ltd. Class B Subordinate Voting Shares,PASSA_FASE0,,0,2.83,286425.98622392066,0.3198743684393689,0.3237241049199408,33.81876720853111,-11.824271693410203,2.426977667519167,60.67956243598949
DSP,Viant Technology Inc. Class A Common Stock,PASSA_FASE0,,0,11.46,269962.0300595873,0.6521257007444401,0.7558296352830141,46.53185134732401,-5.801122002342629,2.427464168719143,58.51520200714684
MASK,3 E Network Technology Group Ltd Class A Ordinary Shares,PASSA_FASE0,,0,1.47,5694771.579509382,0.015536698733160178,0.04465791177121453,36.01009891302743,-13.808267370272652,17.48430867771621,57.800805103017474
CBIO,"Crescent Biopharma, Inc. Common Stock",PASSA_FASE0,,0,14.77,354847.5126523651,1.4825593501662484,1.1082604429347374,39.9213919168147,-8.991481430133863,4.161951361675781,78.81547555565062
ETSY,"Etsy, Inc.",PASSA_FASE0,,0,85.58,3069662.957846603,0.6137642922060988,0.8498382656240018,64.28399814293546,5.722845053892955,2.112885301572919,41.05218140434484
CYTK,Cytokinetics Inc.,PASSA_FASE0,,0,78.385,2611452.80524992,0.6819518248290022,0.6809295450878049,42.88707775624073,-4.962247393994145,1.3350279113988315,22.100044592519808
VLO,Valero Energy Corporation,PASSA_FASE0,,0,301.32,3055570.914301222,0.7600972114038266,0.890951963136888,60.627584896912644,2.659673234791593,1.9980627144566547,37.26662623304689
LMND,"Lemonade, Inc.",PASSA_FASE0,,0,47.38,1548522.031156381,4.565831142715587,0.8691021674438089,28.503496197749357,-29.251375626217914,1.0,115.42127497054497
CCSI,"Consensus Cloud Solutions, Inc. Common Stock",PASSA_FASE0,,0,36.71,161474.1733349365,0.6365291695582993,0.8187186488239903,53.437338328875164,-0.6118691791206388,1.9130410253054073,35.17052879424958
CGAU,Centerra Gold Inc.,PASSA_FASE0,,0,17.03,1557262.312194635,1.6903013705484247,0.8682849109706068,57.20188987094676,6.165451031731162,1.0,49.04815825954801
CGO,Calamos Global Total Return Fund,PASSA_FASE0,,0,12.14,29824.520295857143,1.8283709564835708,1.036639439701052,25.568505394673636,-7.291089940625051,1.5066647549828491,16.567585242913268
CTOR,"Citius Oncology, Inc. Common Stock",PASSA_FASE0,,0,0.5363,69896.89007200002,0.15231459970584307,0.8509833848606022,31.61006292791609,-16.514239902862016,29.822372640431297,85.77510407132598
CHCT,"Community Healthcare Trust Incorporated Common Stock, $0.01 par value per share",PASSA_FASE0,,0,18.75,194371.19326023804,1.0949076070910537,1.0396875243544126,57.094703879988174,2.051924018940854,1.3868744630991268,23.92262890045799
GNLN,"Greenlane Holdings, Inc. Class A Common Stock",PASSA_FASE0,,0,1.68,25072.762280666666,0.7542220433598426,0.9264470988508239,24.98792944408943,-26.444833625218923,12.186731584527694,65.67033853285645
PRU,"Prudential Financial, Inc.",PASSA_FASE0,,0,122.63,1921203.6658879998,1.1170713641377739,0.8807455406098229,69.7713283992248,4.731850422112993,1.1167700700452774,21.63893910979589
STHO,Star Holdings Shares of Beneficial Interest,PASSA_FASE0,,0,9.3,14311.119699920635,0.41226170723963124,0.8272145978777364,55.18497783290178,0.8840917719802333,5.416660866820541,17.762061851015225
TG,Tredegar Corporation,PASSA_FASE0,,0,7.46,175283.46868879363,0.886894543238457,0.7038915920243201,43.16343218383926,-1.231298821660265,1.194932964673903,27.361330693569624
KRP,"Kimbell Royalty Partners, LP Common Units representing Limited Partner Interests",PASSA_FASE0,,0,14.78,776990.4707528889,0.8052975031427354,0.6968994877919314,48.64807134853724,-0.18571669761945353,1.2208499056381448,19.90221103365143
CANG,Cango Inc.,PASSA_FASE0,,0,1.56,135992.50166198413,0.7706750648171794,0.781676067681797,28.77954881115305,-19.961006644262604,4.305102950373481,75.35407874933134
ZD,"Ziff Davis, Inc. Common Stock",PASSA_FASE0,,0,54.27,623628.2461971269,0.8845408483464252,0.9486343051854785,64.23441116140958,2.98547823157973,1.8202586925201132,25.761759619710595
GHC,GRAHAM HOLDINGS COMPANY,PASSA_FASE0,,0,1233.96,18645.499587777776,1.2738722441939583,1.022648369124367,66.63285600877123,5.1433732604236,1.0849842688369256,23.185780940158384
TDG,TransDigm Group Incorporated,PASSA_FASE0,,0,1264.6,383763.3513904445,0.7794431688154368,0.8780777359906351,50.801397482342836,0.129576191235925,1.767119152276268,32.09999060750817
PODD,Insulet Corporation,PASSA_FASE0,,0,170.62,1613447.517044635,0.6979862073671935,0.8011540662153379,61.833740397958685,5.115946671923899,1.7154310747133443,34.202309399679024
SONM,"DNA X, Inc. Common Stock",PASSA_FASE0,,0,3.11,26248.766137412695,0.6684719016560045,1.4368588975023566,37.627602770143525,-15.155747857068814,10.792680471861601,154.6086944248743
HON,"Honeywell International, Inc.",PASSA_FASE0,,0,241.12,4778296.02361135,0.5811212712772382,0.8425733504003636,59.720183015575486,4.618041318746147,2.7150491280245896,31.22261598060297
AVBH,"Avidbank Holdings, Inc. Common stock",PASSA_FASE0,,0,32.705,130122.7867324127,1.0571860890351938,1.071271254436078,58.53434444194217,1.0934662493720992,1.85605245558431,15.768124790985425
RVSN,Rail Vision Ltd. Ordinary Share,PASSA_FASE0,,0,3.872,30036.736415809522,0.22423845599466982,0.37095530739768967,34.758702218784464,-13.768721117977822,2.777019916813009,70.58179736820703
TOL,"Toll Brothers, Inc.",PASSA_FASE0,,0,150.2,1092699.724813762,0.7324936108915175,0.8739192285499633,49.51946894147911,-0.5551564667286901,1.6997214881735017,35.57376507202404
DINO,HF Sinclair Corporation,PASSA_FASE0,,0,90.0,2581733.8372543817,1.1887742643284718,1.1090153559129214,70.36237507496556,7.638764306985757,1.524472060308419,34.471347830998965
CTXR,Citius Pharmaceuticals Inc. Common,PASSA_FASE0,,0,0.569,518983.0197677777,2.126542518475519,0.6246957351343947,52.88252512655589,4.317535979466491,1.727294244545348,87.47113852143505
NPCE,"Neuropace, Inc. Common Stock",PASSA_FASE0,,0,13.64,187354.42073555558,1.9546201464436668,0.8808977496274214,32.85172771453044,-14.522951590161359,1.5108497001831391,66.4240670384593
PROV,Provident Financial Hldgs,PASSA_FASE0,,0,17.78,6466.453853333331,0.8853959664536509,0.7300761165126718,74.1078442520388,3.2085794308436055,2.6384095182798406,10.202079925172612
EEFT,Euronet Worldwide Inc,PASSA_FASE0,,0,83.67,701228.8240433173,1.1681056733463666,0.8969435900533472,69.34418319202031,6.222665151678641,1.7609986886577524,30.328588557760245
NRGV,"Energy Vault Holdings, Inc.",PASSA_FASE0,,0,2.51,5499581.491468287,0.6807028671562666,0.83408789552245,31.12660824455051,-25.452925452925477,1.6909211118665508,95.72784442601576
HIW,Highwoods Properties Inc.,PASSA_FASE0,,0,34.4,1799769.3093912066,2.15656546607015,0.8438015488253052,72.87715294210784,5.80871383971826,1.0,25.177746722152825
FSLY,"Fastly, Inc. Class A Common Stock",PASSA_FASE0,,0,20.69,7476280.666623635,0.7107711045200531,0.6122474000853316,56.876729122115556,3.9646248932214467,2.4043192609429576,46.79602895645388
WAFDP,"WaFd, Inc. Depositary Shares",PASSA_FASE0,,0,16.44,23059.22900190476,0.5260971604470345,1.0881247206802702,50.69188645812024,0.28211971025544624,3.090914376219011,8.150496934403453
LW,"Lamb Weston Holdings, Inc.",PASSA_FASE0,,0,53.98,1672812.5852036031,0.9328569632527408,1.225393416286443,75.21457358675859,12.937139748726345,3.229810920989547,33.556045178420376
NKE,"Nike, Inc.",PASSA_FASE0,,0,43.22,22944724.831299506,0.6550151688355551,1.0737276679119225,51.09249754245247,0.3715745471435161,5.330842156219032,34.23694722741534
VSEE,"VSee Health, Inc. Common Stock",PASSA_FASE0,,0,0.0731,3045765.5629785405,2.5917886537223347,1.2914514405770479,30.135440081970003,-24.34666201638398,2.9226194242337846,110.77725040435654
YOU,"Clear Secure, Inc.",PASSA_FASE0,,0,58.39,1415383.6601875874,1.6744412001053453,0.7838913341120893,60.79946825837503,6.49473818599644,1.0,52.92735632914638
FBLA,"FB Bancorp, Inc. Common Stock",PASSA_FASE0,,0,15.535,87073.1664794603,0.7627434683412659,0.7033392301915009,64.3296704334256,1.687149192426629,1.715891693452614,11.962823729999382
TOWN,Towne Bank,PASSA_FASE0,,0,38.76,630426.0682185395,1.051048783605034,1.1079552653285396,73.36639322769197,6.165603001999509,1.8410960143274322,19.80317167630135
OLOX,Olenox Industries Inc. Common Stock,PASSA_FASE0,,0,4.605,578428.2688915237,0.02432062209020115,0.1473824666165088,37.800577031995246,-13.182825093085748,71.74353780901178,75.29376346573635
IIPR,"Innovative Industrial Properties, Inc. Common stock",PASSA_FASE0,,0,61.21,376506.08201080956,0.8209706115135894,0.8679997230057156,46.517493312648725,-2.5450376939426977,2.511187759491457,19.850326536392032
DEFT,"Defi Technologies, Inc.",PASSA_FASE0,,0,0.39,3488513.0361407776,0.588639211463773,0.5133722469250732,32.857584483383874,-13.973750965038057,2.1433399750397966,67.64034863801676
SYM,Symbotic Inc. Class A Common Stock,PASSA_FASE0,,0,40.34,2132380.2383558257,0.6679981928749751,0.7528443230314342,43.07834693953693,-4.516190115508434,1.806536902295441,52.130543414661304
VYX,NCR Voyix Corporation,PASSA_FASE0,,0,8.66,2394752.186342778,0.6983809724972563,0.8380293887680333,63.48127215657865,5.822692002199559,2.2761196707554823,47.199133386441055
FAST,Fastenal Co,PASSA_FASE0,,0,47.78,7600818.313987667,1.338813643303264,1.1533163783384606,58.164298667661534,2.3981483465849607,1.9965170092169313,25.09053083667277
ICON,Icon Energy Corp. Common stock,PASSA_FASE0,,0,0.97,363992.6328539048,0.05364321908635172,1.7890405291940898,49.058444972661114,0.7891688010764897,575.8571336827752,115.84237002384035
TVRD,"Tvardi Therapeutics, Inc. Common Stock",PASSA_FASE0,,0,2.14,2268225.2039157297,0.29161082989384424,2.9620722856192914,39.81459683538998,-25.591098748261466,107.18172731701048,265.77223224025073
MDAI,"Spectral AI, Inc. Class A Common Stock",PASSA_FASE0,,0,1.5,569386.9930376346,0.40956517170490786,0.35304372490611735,28.302081535045815,-10.952804986642917,1.7887787672493511,40.96604617564263
COOK,"Traeger, Inc.",PASSA_FASE0,,0,59.46,52958.67554650795,0.7779603537067059,1.3837612997778637,38.16430237069175,-12.133056501725282,6.7339408861548335,57.63486971446569
DNA,"Ginkgo Bioworks Holdings, Inc.",PASSA_FASE0,,0,7.62,1223072.12813646,0.6221097747573779,0.7797297467537811,39.359854351789195,-11.72381835032439,2.267270619346699,67.12443290656167
EXPO,Exponent Inc,PASSA_FASE0,,0,65.845,580905.7822839998,1.1567657601512369,0.9156477289953301,64.8521388038631,5.903119835624593,1.5454265470819128,31.246667723516524
SBGI,"Sinclair, Inc. Class A Common Stock",PASSA_FASE0,,0,14.2,500766.3098035397,0.9035245249076495,1.0745617324738934,51.857820669064594,-0.1967950520101236,1.862024464961476,42.40864358794644
NCI,Neo-Concept International Group Holdings Limited Class A Ordinary Shares,PASSA_FASE0,,0,11.94,396049.04528938094,0.9091727975607231,0.7715917099945692,59.954254366644555,0.42263294013749064,3.8996014317078416,25.194114160680154
REX,REX American Resources Corp.,PASSA_FASE0,,0,42.22,190384.98973238093,0.9937681451775758,0.8072315841003567,34.17978414839858,-7.779343184474086,1.2311760245059797,28.601015172616602
VATE,INNOVATE Corp.,PASSA_FASE0,,0,7.74,92240.73606304762,0.7109780896606737,1.1232045800353827,25.708892927087106,-24.284666177549518,2.8541257396821544,87.02132291124212
SSYS,Stratasys Inc (ISRAEL),PASSA_FASE0,,0,7.67,939848.5366058253,0.5819492273374574,0.4982680994347866,35.54630681597506,-6.761890290229433,1.8472426943186149,36.96370191523033
HTFL,"Heartflow, Inc. Common Stock",PASSA_FASE0,,0,25.04,1500748.3753437616,0.6677016995207273,0.971996190574296,41.47540350830155,-4.130174682938503,2.016424332481262,65.86792959875856
PSN,Parsons Corporation,PASSA_FASE0,,0,40.32,1211281.4572858096,9.979892719614753,0.7837194131920533,28.66621841849144,-27.88409944553748,1.0,156.66561745612563
UNB,"Union Bankshares, Inc",PASSA_FASE0,,0,23.53,18799.23996134921,0.5551187612614009,0.3993585193170321,40.91422678359953,-4.956174011390734,2.1963040416562554,33.17490916180469
DFDV,DeFi Development Corp. Common Stock,PASSA_FASE0,,0,2.57,875840.6285966666,0.5512689084321357,0.8339473831313424,37.4571312701031,-13.598924188939321,2.9567717806209677,74.79919222366134
ROMA,Roma Green Finance Limited Class A Ordinary Shares,PASSA_FASE0,,0,9.17,49393.536636476194,0.22408413972175995,0.4961255535689508,54.226176111814446,2.2895228533980516,7.249805113282189,75.84277090172743
AZO,"AutoZone, Inc.",PASSA_FASE0,,0,3142.17,362808.3449367619,0.4044066823368518,0.6196932622989646,55.61487428129288,3.10619314105276,3.0463931285395396,37.83121342465202
PRSO,"Peraso, Inc. Common Stock",PASSA_FASE0,,0,0.6233,1390685.5583587142,0.37525601670438163,0.2648857406077857,29.872488167948347,-17.716171617161724,1.6697820842611364,63.67368067554297
HE,"Hawaiian Electric Industries, Inc.",PASSA_FASE0,,0,13.08,1853098.3418441748,0.697386291854267,0.8116902756859365,40.54318571903039,-2.693051629221832,2.0683859594907212,20.400110605836826
HBB,Hamilton Beach Brands Holding Company Class A Common Stock,PASSA_FASE0,,0,23.14,31180.786278285716,0.6732652189280894,1.3968454451141117,57.49580289963717,3.8879410972434414,8.270461875349907,52.28429880333101
EQ,"Equillium, Inc. Common Stock",PASSA_FASE0,,0,2.28,800336.347471762,0.4760101667111172,1.2985993844238963,37.00404880908054,-15.66487886073611,8.027952699077314,72.7819122888556
TSAT,Telesat Corporation Class A Common Shares and Class B Variable Voting Shares,PASSA_FASE0,,0,34.41,253206.54078053974,1.1218601341629784,0.818388217918524,34.03594291495362,-14.21519744714801,1.3304655882011938,60.71018049704665
PPG,"PPG Industries, Inc.",PASSA_FASE0,,0,111.83,1930910.8826649205,2.132382003420775,0.9735793197607798,41.69201419504942,-4.700222846210544,1.0,38.8610378434815
MLEC,Moolec Science SA Ordinary Shares,PASSA_FASE0,,0,7.2242,74804.86661922223,0.026884038310459723,0.1770514322085119,47.69971873856554,-2.200098419933627,74.65067746665945,108.83827956585108
WABC,Westamerica Bancorporation,PASSA_FASE0,,0,60.36,199279.58496379366,0.6649489641102744,1.0787485614718513,57.01092850999025,0.9313914017691438,2.805797909280458,25.60459054079576
FRBA,First Bank,PASSA_FASE0,,0,18.75,98789.2550617143,1.1074798974104285,0.9721589300010804,67.08631943890836,5.572838220182708,1.9740456795943195,27.04632294270992
AWI,"Armstrong World Industries, Inc.",PASSA_FASE0,,0,174.48,482166.12253912713,1.5542650751021732,1.2006653155294444,66.24280970441629,9.909007587425457,2.5586856677496703,40.461367615763294
DHX,"DHI Group, Inc.",PASSA_FASE0,,0,4.09,224964.74938288893,0.37517232299959435,0.6039110155472365,56.855713762292204,3.478810879190397,3.435743077272652,52.99875287523851
RF,Regions Financial Corp.,PASSA_FASE0,,0,30.94,10736819.322529398,0.7943253311422804,0.9582167505377641,54.75215967385461,0.07277431875152285,2.367581463127668,24.612883454838315
JDZG,JIADE LIMITED Class A Ordinary Shares,QUARENTENA,INTERRUPCAO,37,50.0,,,,,,,
AIMD,"Ainos, Inc. Common Stock",PASSA_FASE0,,0,1.32,360277.43111671426,0.04374224534729364,0.155595075575494,29.869902835761835,-22.535211267605625,10.859764250647068,75.32878657039089
KALA,"KALA BIO, Inc. Common Stock",PASSA_FASE0,,0,0.6734,138503.26193369844,0.27239465299423915,1.3564766196039955,23.873085174209336,-34.62040709330719,13.177166380168238,116.73118306125751
POR,Portland General Electric Company,PASSA_FASE0,,0,50.3,1247776.016063619,0.7020246903153634,0.8088432040200334,38.84660270753559,-3.6684509388974607,1.6764217234609058,17.700641461122558
HTH,HILLTOP HOLDINGS INC.,PASSA_FASE0,,0,39.53,299012.5172344127,1.0648744551265052,0.8209268248974818,57.55215204250773,2.3987151590508793,1.2884854468560216,23.235781020285867
GSAT,"Globalstar, Inc. Common Stock",PASSA_FASE0,,0,78.57,1305623.1655746826,0.8054903431390165,0.7215289262749869,36.12658180911701,-1.4632525153081999,1.350722990549391,7.477233449901237
CTRI,"Centuri Holdings, Inc.",PASSA_FASE0,,0,24.3,1548526.0185655712,1.0778144773221494,0.9860735220008136,29.77299946032194,-9.690606708166861,1.1612218830564682,42.515661614594066
GLPI,"Gaming and Leisure Properties, Inc.",PASSA_FASE0,,0,46.01,2315291.194459793,0.9726563162779339,1.1430096708270043,58.55505820285448,3.753481187493657,3.2337989339781714,20.002729087786044
DEA,"Easterly Government Properties, Inc.",PASSA_FASE0,,0,25.05,397382.738110238,0.9559518487982681,0.8668460496263194,53.14133108970224,-0.2647661895566533,1.412586236709348,16.991367955258127
MGNX,"MacroGenics, Inc.",PASSA_FASE0,,0,3.67,1187271.5160935398,0.3487182264822236,0.7490663391543307,38.96690657305535,-14.967562557924019,6.410104198737492,75.57290651898029
ALGS,"Aligos Therapeutics, Inc. Common Stock",PASSA_FASE0,,0,4.25,174880.2638369048,0.26425545159915126,1.7924423810044037,31.74986417665457,-22.758871370802858,68.385567917928,87.39314012682951
OBIO,"Orchestra BioMed Holdings, Inc. Ordinary Shares",PASSA_FASE0,,0,3.8,329237.641894254,0.7776254787999933,0.6874165207438264,46.891959205049154,-1.0545501887774922,1.3787067401883035,30.721029253800225
ONON,On Holding AG,PASSA_FASE0,,0,37.91,5510655.67807638,0.6172497732765903,0.7609849598070325,54.09026194698784,2.3004789853605656,2.0718762011777825,36.13254553114801
DAC,Danaos Corporation,PASSA_FASE0,,0,138.6,98196.85510419046,1.0730043654575616,1.0658960615402988,67.44643388805592,6.119073869900782,1.6282510826319319,25.105621031963963
ACAD,Acadia Pharmaceuticals Inc.,PASSA_FASE0,,0,26.34,1603461.9899686347,1.0808786070774912,0.8867491671801109,65.55856366912585,2.7301092043681807,1.2632080335538969,24.835192048401897
GLNG,Golar LNG Ltd,PASSA_FASE0,,0,47.35,1413978.018219825,1.386314222389314,0.8321607914731175,31.991882362392673,-5.114498845242432,1.989794077167149,21.8204980840979
AIRO,"AIRO Group Holdings, Inc. Common Stock",PASSA_FASE0,,0,6.245,540007.7583961429,0.6349707312713476,0.7389555670893122,39.83531961107787,-8.822133810271204,2.30755724693254,79.74606660384897
LAFA,LaFayette Acquisition Corp. Ordinary Share,QUARENTENA,INTERRUPCAO,45,10.1,,,,,,,
BIOA,"BioAge Labs, Inc. Common Stock",PASSA_FASE0,,0,22.19,534669.1858639683,1.9396531433435817,1.0588225330118115,51.248176651165814,-3.367336940546295,1.0,58.47720157475638
GITS,"Global Interactive Technologies, Inc. Common Stock",PASSA_FASE0,,0,2.22,695036.9997059683,0.007950324683919917,0.054007424175158865,54.69782693974219,4.7663992449268555,29.372649939273668,86.9814812136389
OR,OR Royalties Inc.,PASSA_FASE0,,0,29.49,962444.2265063018,1.2905833946647578,1.1109461756458459,42.36586907280102,0.2566761291199704,2.264041589876924,26.496907947254584
BANL,CBL International Limited Class B Ordinary Shares,PASSA_FASE0,,0,4.8,24081.741416968252,1.982865794927697,1.5256630225965373,47.396739781028245,-3.872920000240321,3.1382636334718,130.60697325945938
CENX,Century Aluminum Co,PASSA_FASE0,,0,42.66,2015695.567327619,0.839592079736381,0.9208186065381033,37.78606771477948,-4.115439077566252,2.0772903148751283,50.37372767340229
POST,"POST HOLDINGS, INC.",PASSA_FASE0,,0,97.53,868159.640127746,0.9920650793133711,1.0020530104801828,67.92453505847405,9.54426754275124,1.6470379480801602,34.5496752886497
PRQR,ProQR Therapeutics N.V. Ordinary Shares,PASSA_FASE0,,0,1.73,981526.5758360793,0.33309675601957567,1.1290004008882961,50.16500504513862,-0.6603502727533628,8.978533927292819,57.26002808263573
ICFI,"ICF International, Inc.",PASSA_FASE0,,0,83.03,335296.0111761905,0.7593415384241217,0.772421455720082,64.93819079459973,6.780009773913931,2.2652420345849107,36.62440376316582
GFR,Greenfire Resources Ltd.,PASSA_FASE0,,0,6.27,199120.12747790478,0.8988527456515433,0.8391486567094588,56.05290800303938,3.499504787058405,1.7973600707684085,44.30428918001009
PFLT,PennantPark Floating Rate Capital Ltd.,PASSA_FASE0,,0,7.03,1192876.514786254,0.6936542817445491,1.120418772880976,41.05317331859533,-1.6645684711148467,5.220423686022509,22.253315432159244
FSCO,FS Credit Opportunities Corp.,PASSA_FASE0,,0,4.94,1044504.8165338413,0.7611435996774476,0.8594213623880557,53.18937781195879,0.7854738345404622,2.2628536070056238,12.892362236667312
MXL,"MaxLinear, Inc. Common Stock",PASSA_FASE0,,0,57.25,4917971.184766476,0.6210192757166435,0.8953187906787581,36.18840683355334,-31.39111260246392,3.435751872408783,152.45254435539843
GLOO,"Gloo Holdings, Inc. Class A Common Stock",PASSA_FASE0,,0,3.13,254654.78907995237,0.4085990357649686,2.0924365590118734,32.52861043620415,-9.327925840092687,25.058743248013606,112.83862626703842
BLDR,"Builders FirstSource, Inc.",PASSA_FASE0,,0,67.76,2634865.2614649837,1.926951282667884,0.7702204943375699,36.40837710618307,-9.825266491888796,1.0,51.7636942844412
LEU,Centrus Energy Corp.,PASSA_FASE0,,0,159.69,886326.7344400476,0.868692399692114,0.9491467615533754,45.97630075986113,-3.1127802670177673,3.9805446279446213,77.4836792151195
GLED,GalaxyEdge Acquisition Corporation,QUARENTENA,INTERRUPCAO,24,9.95,,,,,,,
CNEY,CN Energy Group Inc. Class A Ordinary Shares,PASSA_FASE0,,0,0.5657,2521841.23122154,0.025694933253039336,1.9720576349696692,45.24774572378649,-5.821832287279194,857.6977862096425,259.27690407744603
IBG,Innovation Beverage Group Limited Ordinary Shares,PASSA_FASE0,,0,0.8232,141245.15312603174,0.10017688130773969,0.514510307439048,35.13353452461597,-14.07748369773687,29.993030781413665,74.33611780482653
CUE,"Cue Biopharma, Inc.",PASSA_FASE0,,0,28.01,506579.8538823968,0.19896647857298938,0.29956632399761784,44.63518360765011,-11.837145802349635,2.8554972524063325,116.82534967345653
SOS,SOS Limited,PASSA_FASE0,,0,0.9439,26175.437520761905,1.0830775942336492,0.8064665105408925,39.889609791043114,-6.788657426837618,3.046045254368218,50.8461158504096
SI,"Shoulder Innovations, Inc.",PASSA_FASE0,,0,23.72,109674.0937529841,1.5260465298300776,0.8978491263418417,64.32004393471041,10.848891277425965,1.189981574146823,76.42749099869445
KLAR,Klarna Group plc,PASSA_FASE0,,0,18.62,5387121.032811459,0.5374486896358044,0.7826701638829905,50.531252847700884,-2.244389027431415,4.397675025762739,43.89834075315753
COSM,Cosmos Holdings Inc. Common Stock,PASSA_FASE0,,0,0.1827,9156983.965723872,0.3148637613699347,1.4400894352209352,35.71983723936766,-24.346259756930777,21.353948039656714,130.09122789308597
LOB,"Live Oak Bancshares, Inc.",PASSA_FASE0,,0,42.71,258425.90517687297,0.9148496660394314,0.9291288260324065,58.62612636410649,2.0062096966802168,2.280232905693936,30.028989982795963
FBRT,"Franklin BSP Realty Trust, Inc.",PASSA_FASE0,,0,7.53,1088652.555354984,1.9671430423094867,0.9694934888452501,35.007988553773956,-4.912236393484037,1.0,27.978363652682138
ABG,"Asbury Automotive Group, Inc.",PASSA_FASE0,,0,248.26,275404.22907073016,2.397525674834218,0.8853981627583347,74.56651564884791,14.131771488204548,1.0,40.55070790786053
HWCPZ,Hancock Whitney Corporation 6.25% Subordinated Notes due 2060,PASSA_FASE0,,0,22.15,8229.695854920636,0.6443873617551984,1.2161106059607247,55.31350509019905,0.6610454024487566,7.5946184051930254,7.56031639558419
BFH,"Bread Financial Holdings, Inc.",PASSA_FASE0,,0,106.99,686664.8270876505,1.0531867067128626,1.0320636020616198,65.14476571064807,5.750602933617999,1.749009872757785,38.7478536644109
OIS,"OIL STATES INTERNATIONAL, INC.",PASSA_FASE0,,0,7.75,807264.2576650635,0.8582336289072442,0.7553984043779015,36.58640906567002,-6.3500694822065,1.264357880408,41.39185803315674
MRX,Marex Group Limited Ordinary Shares,PASSA_FASE0,,0,63.14,918435.4307500795,0.603698486189909,0.8446632414276369,48.97479335380471,-2.763179677904948,1.967428785287377,56.06133921556612
QGEN,QIAGEN N.V.,PASSA_FASE0,,0,41.81,2705098.3074927456,0.5606802605849722,1.1068901517368162,60.49426253993689,2.5924153753665413,8.403650106217366,41.174615555359026
BGL,Blue Gold Limited Class A Ordinary Shares,PASSA_FASE0,,0,0.2122,803432.710857127,0.1827184753821973,0.8041778457196712,29.763005411434236,-8.146480824171064,6.396079205998555,75.37253015286404
CLBT,Cellebrite DI Ltd. Class A Ordinary Shares,PASSA_FASE0,,0,15.07,2081298.6854463017,0.7196164369218511,0.7996642449828189,53.570842027289714,-2.5872238651605373,2.536403895529017,41.338342814277155
OPTU,"Optimum Communications, Inc.",PASSA_FASE0,,0,0.76,11242741.127087716,0.43918527149126246,0.8077018011053108,34.51628755764243,-22.684869632447956,5.455783465151632,138.26298647105955
SJM,The J.M. Smucker Company,PASSA_FASE0,,0,126.35,1760251.822477238,0.9856491018445943,0.8909923091836655,70.84656852069887,10.063851842818195,1.3398204037570585,32.23988330571552
BYD,Boyd Gaming Corporation,PASSA_FASE0,,0,90.79,1023702.4484469364,0.6493778476368061,0.9973966132454507,61.30905326141009,3.304868266096239,3.06292538355176,21.29205822369527
WD,"Walker & Dunlop, Inc.",PASSA_FASE0,,0,50.51,315756.9430857619,0.9814053272166142,0.7951907121271214,51.24973709940582,0.9261386910173419,1.3813666179574948,36.4283708696612
CYH,"Community Health Systems, Inc.",PASSA_FASE0,,0,2.71,1771885.2231220957,1.0427155095675682,1.368061785835304,36.50098786814695,-17.4158159378333,4.334216280645162,87.74648686133716
AQB,"AquaBounty Technologies, Inc.",PASSA_FASE0,,0,0.9194,42447.84658009524,0.5778922086828029,0.8814274833459892,42.084724771100184,-4.475192797716298,15.265191561381512,42.6710988466735
HCKT,Hackett Group Inc (The).,PASSA_FASE0,,0,11.17,396578.4283278571,2.8259647614228967,0.845178911694491,58.922792376119226,8.673444568760047,1.0,62.03745961335988
LYTS,LSI Industries Inc,PASSA_FASE0,,0,22.73,444356.05692680966,0.6349850472421371,0.5527881121802932,37.18327799785978,-5.983082745641443,1.2190774398860666,29.055327708493238
HIHO,Highway Holdings Ltd,PASSA_FASE0,,0,1.08,1720246.7700518095,0.10115253876905077,2.708767590385628,58.32516220901923,15.252862646333787,300.46353278758835,134.32644032423292
GLIBK,Liberty Capital Corporation Series C GCI Group Common Stock,PASSA_FASE0,,0,23.35,889505.8064765873,0.5716945510387569,0.6550850422921184,57.58007106160941,4.6205544665359755,2.112103924949861,31.79760416176986
QCOM,Qualcomm Inc,PASSA_FASE0,,0,155.68,22672448.55398576,0.8486398876959641,0.60379915650844,32.54791381116391,-11.621530330425788,1.2116568369519203,42.17687503510395
NRG,"NRG Energy, Inc.",PASSA_FASE0,,0,124.23,2646107.0386778098,0.963905199029842,0.8640514688765352,36.59700023863294,-8.887886555407654,1.3431414300495355,45.11665241078105
DTE,DTE Energy Company,PASSA_FASE0,,0,143.52,1501880.4102843814,0.9651967499266576,0.849448562283819,39.835727784020115,-3.6283729565850797,1.1991291160105566,21.35768345090998
ALC,Alcon Inc. Ordinary Shares,PASSA_FASE0,,0,69.65,2270649.959195397,1.3979160072399568,0.9964379452388985,56.0909764956602,2.1013977556749497,1.0950942970395112,31.89672084793549
AMBA,"Ambarella, Inc. Ordinary Shares",PASSA_FASE0,,0,69.19,1610951.4497514125,1.7041164621364735,1.2574986277781046,48.56864932767759,-3.805915678982319,1.4750743864291136,85.15649323190048
QSR,Restaurant Brands International Inc.,PASSA_FASE0,,0,75.52,3348737.7344497144,0.7977232892413939,0.8151227651284106,55.32270272292992,1.6946870181722584,1.7216605535409841,28.819328690515857
MD,"Pediatrix Medical Group, Inc.",PASSA_FASE0,,0,26.73,842640.8123156349,0.6581555185713733,0.9133418199014522,59.04264222070728,1.834390536602104,2.924564102375821,46.496616826467346
RSVR,"Reservoir Media, Inc. Common Stock",PASSA_FASE0,,0,11.05,65982.81255914287,0.788020361702439,0.9493920152638269,73.5697552343172,6.820049301561215,2.6286552056471213,21.548826694626978
ATKR,Atkore Inc.,PASSA_FASE0,,0,71.43,425028.3364686984,1.2242702266706906,0.7125470104705688,43.559343008992585,-1.712430082078309,1.0,46.940807342176974
VNO,Vornado Realty Trust,PASSA_FASE0,,0,40.65,1780669.590629365,1.4100745746461296,0.9518094092704275,61.471698771167915,2.8046837459851703,1.334048244286496,29.202734407161273
OXM,"Oxford Industries, Inc.",PASSA_FASE0,,0,38.91,449410.9776526031,0.6394007005479199,0.9305918691837891,50.116900839026734,1.9533860000786163,2.76307718163167,51.76117656905791
JELD,"JELD-WEN Holding, Inc.",PASSA_FASE0,,0,1.28,1726976.7430257304,1.4324094436164294,0.7041430857147809,48.709420183465156,5.090311986863694,1.0,75.19555925996599
PVH,PVH Corp.,PASSA_FASE0,,0,88.34,1090457.1778112222,0.7690651491526818,0.8094680311106721,66.32760646554212,11.665181421158731,1.4940473100998166,32.602885902720494
OFLX,"Omega Flex, Inc.",PASSA_FASE0,,0,28.91,47840.692287873004,0.7352923028021667,1.1055716469556036,41.303441959248495,-3.9119885664904985,3.3584992569326646,38.051506247473725
NUE,Nucor Corporation,PASSA_FASE0,,0,256.02,1587427.9679565555,1.209739802573238,0.8625465812050459,62.11515615081298,8.902973329363228,1.3435972008066823,34.99737344102177
TELO,"Telomir Pharmaceuticals, Inc. Common Stock",PASSA_FASE0,,0,1.21,155213.11799641274,0.6469490814836976,0.6753450979505652,51.013688653515956,1.6840902215200515,2.9086836920487946,103.83654251940477
FMC,FMC Corporation,PASSA_FASE0,,0,10.01,3804510.5936672534,2.0184188232197684,0.9939146761647505,32.98270390815544,-10.030559050871846,1.1421837751227784,51.91586628630943
IOT,Samsara Inc.,PASSA_FASE0,,0,38.75,6042783.779072763,1.354480882031646,0.9072841390916467,60.78493409060425,7.016114555572406,1.0,65.03230974299389
GMED,GLOBUS MEDICAL INC,PASSA_FASE0,,0,81.42,1845208.9383883337,0.724309353813528,0.9791415795274108,55.93504612369003,4.50788109051703,2.2605564517508365,44.6714412604689
GWH,"ESS Tech, Inc.",PASSA_FASE0,,0,0.7148,876243.6885071906,0.3421729488149569,0.8239057726687702,40.35430060201879,-14.499141761810497,10.32909236258851,114.80697382115727
ASYS,Amtech Systems Inc,PASSA_FASE0,,0,13.65,431603.0637382381,0.9108108567677257,0.949245026948595,31.715462706653568,-21.517895644674432,1.5636620250058797,80.0686140784331
WVE,Wave Life Sciences Ltd. Ordinary Shares,PASSA_FASE0,,0,5.81,3476008.8588296347,0.66128265040439,0.7022348059027304,45.273490293457925,-2.8021748222501253,1.8974060887670412,41.77214025990598
TCPC,BlackRock TCP Capital Corp. Common Stock,PASSA_FASE0,,0,3.31,756441.0942212061,0.9748412881748584,0.8643187833996858,50.061885338858296,2.1762617687914876,1.7264714495747988,35.866288831047044
TWO,Two Harbors Investment Corp.,PASSA_FASE0,,0,12.1,2075260.3797731427,1.302347698608522,1.0785171678062009,43.24511263802645,-0.03717625676401548,5.043901013854795,8.248408331983281
MUR,Murphy Oil Corp.,PASSA_FASE0,,0,38.69,1774001.3264045555,0.7648471060351264,0.8741544069599,59.67010822837008,8.860189640133932,1.888126746059479,42.922298223445225
NPB,"Northpointe Bancshares, Inc.",PASSA_FASE0,,0,17.3,171861.58806523812,0.839104566200438,1.1779897288037404,39.37543806229625,-5.2366345311130384,4.650124764070109,42.81977413211375
INDB,Independent Bank Corp/MA,PASSA_FASE0,,0,84.92,376772.04054722225,1.1763402942486934,1.0565373364961987,53.774807918460986,0.3237010608888813,2.449521173232683,20.962260431165188
D,"Dominion Energy, Inc Common Stock",PASSA_FASE0,,0,70.55,7011279.726570413,0.4418299766231541,0.6737403133764855,54.87697930483402,0.2757405196429863,4.499677845000994,16.181556110037544
NOMD,Nomad Foods Limited,PASSA_FASE0,,0,12.69,1508031.8057567142,1.7251249584477917,0.9266553969440562,76.77663305194679,8.824286081811184,1.0,24.07544223019352
SYY,Sysco Corporation,PASSA_FASE0,,0,85.32,3508072.8318407144,0.945223120436218,0.8628044568447638,64.41636592902259,2.7462833952516696,1.6185643709041997,20.33073505616599
PNW,Pinnacle West Capital Corporation,PASSA_FASE0,,0,102.28,1252049.1006127936,1.5200429458729114,0.9213914712745507,38.40140881259794,-4.336561709371334,1.1365627049950124,22.6630590089125
DSGN,"Design Therapeutics, Inc. Common Stock",PASSA_FASE0,,0,12.02,974303.650937381,0.5696858956024513,0.7468126519217104,41.78234585176182,-9.916999231821343,2.8437582918516515,56.620052462803514
ADAMG,"Adamas Trust, Inc. 9.125% Senior Notes Due 2030",PASSA_FASE0,,0,25.0101,9964.539841269841,0.3388205731304248,0.9388515003225483,44.74909957091378,-0.2650681492724072,8.173583983442171,4.015644295606892
FLL,"Full House Resorts, Inc.",PASSA_FASE0,,0,2.3,178479.78855253969,0.42755809937289474,0.6003656229742058,33.50378294858895,-8.92892496535339,3.7089923279799004,29.47677727875072
EVTL,Vertical Aerospace Ltd.,PASSA_FASE0,,0,1.21,2635293.3911242853,1.1359796983507158,0.8275009480147872,26.6513806955774,-24.28035043804757,1.2762451186742438,81.05749279668274
SCCO,Southern Copper Corporation,PASSA_FASE0,,0,175.47,1345258.4318746822,0.7153367110533334,0.8885655426771581,46.816819459934365,-0.9290547693454276,1.7686297452510076,50.17299812794938
ET,Energy Transfer LP Common Units representing limited partner interests,PASSA_FASE0,,0,20.2,11012653.6478423,0.8667097205397085,0.7789426236100484,57.56006705129958,1.146662660858233,1.3788241978002937,18.651983255581055
JTAI,Jet.AI Inc. Common Stock,PASSA_FASE0,,0,1.83,911865.5907980001,0.6683526559475224,2.7041469169309704,22.813508662634632,-54.48327322472329,56.72707207389703,187.02642689895418
CODA,"Coda Octopus Group, Inc. Common stock",PASSA_FASE0,,0,9.78,138492.08659949203,1.2692498402045505,0.6641902398572669,42.68170105392022,-0.886749429946776,1.0,24.622570863868102
KD,"Kyndryl Holdings, Inc.",PASSA_FASE0,,0,14.01,4388063.939334714,1.4020517170476248,0.9032641285640496,70.6227691369798,14.53564421190321,1.0440357795402475,49.02576672109054
GPMT,Granite Point Mortgage Trust Inc. Common Stock,PASSA_FASE0,,0,1.33,150600.80337577776,0.2936098951588454,0.87649868038407,43.316569331347374,-3.2375409239723485,7.359261905027898,35.974463793523235
HUBG,HUB Group Inc,PASSA_FASE0,,0,47.69,771799.3847088253,0.799696039936403,0.9330471935566906,51.92182386394609,-0.6240948540826685,2.5110866108324,36.034989772262115
GRML,Greenland Mines Ltd. Common Stock,PASSA_FASE0,,0,0.19,5352087.43267608,0.36747302317996944,1.7520768008326524,41.13723948569428,-10.760415198910344,22.685181353145044,162.58533565349654
SKK,SKK Holdings Limited Class A Ordinary Shares,PASSA_FASE0,,0,4.7,736485.2278223017,0.0031569299860566666,0.01786475610509399,48.7748887999755,-2.756843487139582,33.653581212613695,45.73803597146995
METC,"Ramaco Resources, Inc. Class A Common Stock",PASSA_FASE0,,0,9.63,1508125.9513782538,1.743575078426912,0.9618944278407352,28.98604608432916,-18.548591727987805,1.0409758891516103,59.59270141854447
EG,"Everest Group, Ltd.",PASSA_FASE0,,0,393.89,402644.5898094127,1.1380410680096216,0.8846069350073594,67.36611710062738,4.594966355626595,1.0367292430107389,24.17723590783309
HQ,Horizon Quantum Holdings Ltd. Class A Ordinary Shares,PASSA_FASE0,,0,11.55,679854.054124873,0.5674395732148448,0.660555801374635,33.41478384428821,-40.630702408183204,2.24063703324954,107.61939629875961
EQT,EQT CORP,PASSA_FASE0,,0,52.57,7407785.938038921,0.9414477943485572,1.0912353236450565,53.99968522371654,2.8797322817695203,2.5601945193054676,35.47829843039554
NFE,New Fortress Energy Inc. Class A Common Stock,PASSA_FASE0,,0,0.3253,4837705.070069618,0.4493498251708671,0.514644871791424,38.51647596080328,-7.687505320809329,1.6864216907668999,88.08385198856283
IMCC,IM Cannabis Corp. Common Shares,PASSA_FASE0,,0,0.1081,5159436.197484191,0.11621638044334733,0.7768561906931075,27.429700032233626,-22.664186578909696,115.28468738272814,70.30339887079006
ARL,"American Realty Investors, Inc.",PASSA_FASE0,,0,14.69,13559.335422079363,0.9928952696367039,1.29448034660819,35.40041091057135,-17.622318799943937,6.730364462526925,48.755219002090804
FNUC,Frontier Nuclear and Minerals Inc. Common Shares,PASSA_FASE0,,0,1.47,429879.9883101746,0.9190253334075688,0.63662300252643,36.888117358007975,-12.473950580529912,1.1245611387029726,80.35739932294015
FTK,"Flotek Industries, Inc.",PASSA_FASE0,,0,21.8,317426.5792929682,1.3032105955601176,1.0138588044417403,39.08268886770429,-12.202980265807506,1.3655008245777693,69.95923766021707
FPI,Farmland Partners Inc.,PASSA_FASE0,,0,9.52,404059.73600725393,0.9825336494648226,0.9571873349772635,40.95512104013965,-1.0343572950777147,1.2156131077287022,16.067748366783963
BH.A,Biglari Holdings Inc. Class A Common Stock,PASSA_FASE0,,0,1906.66,21431.123404238093,1.3210998079270568,1.0993534471221813,50.885790674806756,-3.2011753990681013,1.843597236226264,44.1007735104833
NOA,North American Construction Group Ltd.,PASSA_FASE0,,0,13.17,109966.62775028571,0.5873283362445584,0.5348681504343685,41.61474176506584,-2.096342551293473,1.7305888669366278,27.052297228885013
NFG,National Fuel Gas Co.,PASSA_FASE0,,0,80.94,788494.4131455239,1.4340149773912432,0.8149494322478548,53.25764305303397,0.6653815061252288,1.0,21.883076269251315
ABCB,Ameris Bancorp,PASSA_FASE0,,0,87.83,507309.96370573016,0.9158651606900264,1.0165971438731762,45.610454926141195,-2.2547186609686687,2.2898264198854132,22.42033558093044
PRGS,Progress Software Corp (DE),PASSA_FASE0,,0,42.71,752549.7656496667,1.3050747661586692,1.1176147293363023,68.83531281396364,9.713962777913366,3.426132534039329,67.1078256962957
MBC,"MasterBrand, Inc.",PASSA_FASE0,,0,8.48,3282563.0024516666,0.7040107528080954,0.5665471416345292,44.754042105211575,-4.665542439572789,1.253897633235209,47.54284526409327
TYL,"Tyler Technologies, Inc.",PASSA_FASE0,,0,333.5,826853.3816579365,1.7546285423202084,0.8461700131991404,61.625055850227156,7.237485208622729,1.0,52.06414873732367
KLRS,"Kalaris Therapeutics, Inc. Common Stock",PASSA_FASE0,,0,3.4,269395.482051746,0.3712709488490539,2.419714574668849,30.450320518364876,-20.24395965282666,109.41992825986165,75.22573083025053
PACB,"Pacific Biosciences of California, Inc.",PASSA_FASE0,,0,1.4,6237511.889393268,1.1764186257307112,0.9652666452535466,45.10247652221064,-6.071787990607181,1.481900932219942,53.418343443082485
NVT,nVent Electric plc Ordinary Shares,PASSA_FASE0,,0,133.61,2105252.9192460957,1.8149652096235116,0.90453262909372,30.13853866505781,-13.597092526966549,1.0,47.63204489280445
MYE,"Myers Industries, Inc.",PASSA_FASE0,,0,32.89,406740.7541390634,2.100787190778668,1.1873064862877967,63.5335419863225,5.05469935319014,1.0,40.75529039789079
BLBD,Blue Bird Corporation Common Stock,PASSA_FASE0,,0,72.32,475136.0029565397,1.286670757267197,0.9249277127148113,38.3748559118296,-6.7290020957601175,1.6294735835708654,29.24027665050355
XP,XP Inc. Class A Common Stock,PASSA_FASE0,,0,16.31,5765171.016740906,0.4932538737014884,0.937691930457516,46.275915303116065,-1.5275010565719005,7.2218327769039385,37.821443650209034
SHO,"Sunstone Hotel Investors, Inc.",PASSA_FASE0,,0,11.77,2501772.0937913973,0.9786066218009144,0.9929312570553953,58.72934363690752,2.3433763749402203,1.6404115503049759,18.092631780515493
PVLA,"Palvella Therapeutics, Inc. Common Stock",PASSA_FASE0,,0,142.6,266089.5146957936,0.5035702448448195,0.9567429144086994,52.26328782685054,-1.0891636797466742,4.165380159398207,115.44725903564303
WBI,WaterBridge Infrastructure LLC,PASSA_FASE0,,0,32.45,1194512.112611492,0.8093424030170853,0.6736250000306683,46.38751385202127,-4.593899301727311,1.8821730438425586,49.418345116281564
ALTI,"AlTi Global, Inc. Class A Common Stock",PASSA_FASE0,,0,3.57,201539.31819809525,0.5781653790079223,0.6030499674204448,53.944962041651344,0.20349449161465305,5.850569142449237,65.1605715419462
GAIN,Gladstone Investment Corporation,PASSA_FASE0,,0,16.13,286541.63062849204,0.5215487545429639,0.6816829904925774,51.19624659168875,-0.6283883686544867,3.202444470632421,23.68545205785336
SERA,"Sera Prognostics, Inc. Class A Common Stock",PASSA_FASE0,,0,2.05,53364.80104144445,0.20972735532749323,0.6724378365653642,50.51457653264884,-0.7744433688286589,8.203485036527136,80.40753623916002
AZN,AstraZeneca PLC,PASSA_FASE0,,0,173.3,2310754.4043777776,0.9746615715521945,1.2711977484990526,47.313186894940614,-0.9357654469894672,2.952200378992289,41.9430029252256
LOCO,"El Pollo Loco Holdings, Inc.",PASSA_FASE0,,0,16.53,314227.4119966985,0.756290140933016,0.674726123541945,56.79613860827679,0.9743135518157642,1.8570815719955582,27.297185763522542
SPAI,Safe Pro Group Inc. Common Stock,PASSA_FASE0,,0,3.71,281595.6938116984,0.48418770452922233,0.272166247959741,39.98657439298729,-3.5612165323628764,1.420269821319381,52.864218883635395
CUBI,CUSTOMERS BANCORP INC,PASSA_FASE0,,0,78.66,330038.7357626031,1.0148148587955865,0.9935610553131203,54.92133948682869,1.625281000490908,1.591700251579729,24.300300421855965
BRSL,Brightstar Lottery PLC,PASSA_FASE0,,0,10.35,1568543.6662360635,0.9065364856753692,0.9471670515276291,37.56002322348291,-3.881872213967308,2.1644873952075616,24.462651362526593
INMD,InMode Ltd. Ordinary Shares,PASSA_FASE0,,0,15.15,816499.1876535396,1.0614383831337582,0.7823308623628988,55.18163887009516,0.3427549550444775,1.9435443580218084,23.06297079421529
FCNCN,"First Citizens BancShares, Inc. Depositary Shares, each representing a 1/40th interest in a share of 6.625% Non-Cumulative Perpetual Preferred Stock, Series E",PASSA_FASE0,,0,24.87,41035.85263809524,0.6986012415247495,1.4527916048381448,37.04417248339288,-1.45519024457893,4.5780097805971,4.273349838312785
BHRB,Burke & Herbert Financial Services Corp. Common Stock,PASSA_FASE0,,0,73.63,178344.54738092067,0.9297307061698183,0.822080185891541,65.5444198210406,3.5452614999507803,1.6792568702849118,24.21091784108298
TALK,"Talkspace, Inc. Common Stock",PASSA_FASE0,,0,5.22,1908079.2181471428,0.41207626326202457,0.9333838542801055,53.57942353843634,0.07668711656443339,4.706150436437002,4.068459538010524
VVOS,"Vivos Therapeutics, Inc. Common Stock",PASSA_FASE0,,0,0.4139,1620955.0939088576,0.1409930040164644,0.5164873101008151,40.50912043858351,-3.9195886579152073,2.082536111811379,65.62038956182737
CLX,Clorox Company,PASSA_FASE0,,0,99.63,2878872.1604288095,0.8168786600123691,0.7965270536649989,58.14937479030477,3.3447261826348162,1.5547395859116253,28.988859588534645
ARW,"Arrow Electronics, Inc.",PASSA_FASE0,,0,204.95,680304.5610205395,0.9374859484923319,0.811017749999536,44.151154924712,-0.790961545908675,1.251234539452989,37.947424737625454
LFT,"Lument Finance Trust, Inc.",PASSA_FASE0,,0,0.7363,257270.95178992065,1.2337763443934817,0.7266848870068373,17.89055486725411,-17.204077387143744,1.73956768345368,41.125714533105594
XRPN,Armada Acquisition Corp. II Class A Ordinary Shares,PASSA_FASE0,,0,10.45,49586.92118936508,0.49339995640316686,0.7632482750646573,53.736050848792665,0.03527559718428108,5.09543974267233,2.5011092558867967
JVA,"Coffee Holding Co., Inc.",PASSA_FASE0,,0,3.23,58038.6594761746,2.32044697816092,0.63426439990506,28.873332069388212,-6.735003248393845,1.3210823647788204,29.059074666639805
AGNC,AGNC Investment Corp. Common Stock,PASSA_FASE0,,0,10.9,16259471.832989838,1.4410088487891317,1.1621694897300918,51.534255899762606,-0.7014667031064903,1.3347324909682121,25.618482929396325
ALOV,"Aldabra 4 Liquidity Opportunity Vehicle, Inc. Class A Ordinary Shares",QUARENTENA,INTERRUPCAO,47,9.94,,,,,,,
MRVI,"Maravai LifeSciences Holdings, Inc. Class A Common Stock",PASSA_FASE0,,0,6.59,3006351.1926159686,0.6425430233242736,0.9882424243769866,55.63012621946053,0.44966084902064996,3.2865677793934416,47.70472958457654
MNPR,Monopar Therapeutics Inc. Common Stock,PASSA_FASE0,,0,107.425,194438.5578171746,1.8369884546039894,1.3049489595879322,60.64417567201921,2.2440389369665636,1.480959390204487,60.11987233213688
ILLR,Triller Group Inc. Common Stock,PASSA_FASE0,,1,1.13,5841855.776608525,0.058645799980515056,0.3357841484995635,40.358807992367545,-35.79545454545456,17.487648696590675,262.2648424484426
ZG,ZILLOW GROUP INC CLASS A,PASSA_FASE0,,0,34.32,1260708.7722430157,1.7825760839314646,0.8424021205223544,56.40006262970565,5.505856312828539,1.0,50.47492667361478
NIQ,NIQ Global Intelligence plc,PASSA_FASE0,,0,11.97,1506943.082777254,1.3739584974186074,1.020730739769296,73.12692070453282,10.383622279601656,1.2895606118223752,49.20587316772727
TSN,"Tyson Foods, Inc.",PASSA_FASE0,,0,61.04,3315810.173914619,0.9036420022188985,0.8716746961071284,64.69573684031127,4.660334007750078,1.7972802485691035,22.856609925802978
ESLT,Elbit Systems Ltd,PASSA_FASE0,,0,769.1,104348.67673344443,0.8580427961699609,0.7564297199559183,46.83986463449184,-0.629223354910402,1.4380279685514237,39.59084259665699
SNFCA,Security National Financial Co,PASSA_FASE0,,0,9.51,34535.54207176191,0.9009529931612451,0.7678521800554761,51.179962480545804,-0.6207804978470399,1.9057423303626235,23.459986210651664
WDFC,Wd-40 Co,PASSA_FASE0,,0,222.4,170949.92474447616,1.3076535642360572,1.1600681909797568,38.77173010306623,-8.308321514561822,5.252390464751746,49.1255213042667
VAC,MARRIOTT VACATIONS WORLDWIDE CORPORATION,PASSA_FASE0,,0,102.79,485547.57402812695,1.1327360396185184,0.8073305978204562,60.96561098332625,4.374403444284236,1.2118536992742188,41.29574064495235
EGHT,"8x8, Inc. Common Stock",PASSA_FASE0,,0,1.97,1967071.9778205876,0.6358462634096242,0.956590058920876,53.56486479246528,2.2845275181723856,3.385759173619728,84.45028005617931
EVER,"EverQuote, Inc. Class A Common Stock",PASSA_FASE0,,0,26.83,890175.0401391747,0.6453338733629128,0.718783527627458,62.43430324774722,4.4476885644768815,1.8716310146106165,52.31027575481595
ESRT,"EMPIRE STATE REALTY TRUST, INC.",PASSA_FASE0,,0,5.8,2001551.9546174288,0.8581091833233416,0.7835736666748793,60.81394245896767,3.951967022134606,2.5225827284007045,29.791867368905535
SPHR,Sphere Entertainment Co.,PASSA_FASE0,,0,140.17,715643.8006065079,1.2952945956918702,0.8717829370317424,45.45397835332497,-3.588685409681025,1.038697394637104,52.70936623235619
COHR,Coherent Corp.,PASSA_FASE0,,0,222.05,5810033.793278777,1.1877051905267455,0.7700667100541462,28.14481977589159,-26.471562160587048,1.2136647962195168,86.28965191714822
GIPR,Generation Income Properties Inc. Common Stock,PASSA_FASE0,,0,0.7098,1118449.64042327,0.36148736669716597,0.6243702070114421,25.851283766348033,-39.70182219768083,18.283963820887266,142.85164978513006
CFG,"Citizens Financial Group, Inc.",PASSA_FASE0,,0,71.31,4561633.090550476,0.906092219533864,1.1371951957012838,53.09170816220666,-0.19663963163308873,2.3621994657434082,31.79054927344092
CLNN,Clene Inc. Common Stock,PASSA_FASE0,,0,4.72,487071.12577307934,0.28896504500776365,0.11912075980599383,28.1770133598919,-19.046393962781917,1.0,52.11649172097468
LNZA,"LanzaTech Global, Inc. Common Stock",PASSA_FASE0,,0,5.4,147464.35577833335,0.4418252158164778,0.7163015783629786,37.51096870631486,-6.225579578015116,3.580317558449006,48.58740038351442
HELE,Helen Of Troy Ltd,PASSA_FASE0,,0,28.15,605749.2081142381,0.5617236730515539,0.9987283851555725,52.50134412799136,1.2926963108228273,3.901629229114552,68.03882458513773
NIVF,NewGenIvf Group Limited Class A ordinary shares,PASSA_FASE0,,0,0.8539,2019684.1284301428,0.039120880488086124,0.17012295058733698,23.309867904995798,-33.67818502380564,34.83045954059015,100.60064362667087
BFST,"Business First Bancshares, Inc. Common Stock",PASSA_FASE0,,0,32.01,234025.6420302698,1.1310902441654753,0.9748252750223935,66.06023893825707,3.991033575361791,1.341248719643538,24.214438839498545
OXSQ,Oxford Square Capital Corp.,PASSA_FASE0,,0,1.43,2175327.474002334,0.38860016384323615,0.6808073950061099,48.85587782141658,-1.7688476730207903,4.1722690687396105,43.49975106859684
CNX,CNX Resources Corporation,PASSA_FASE0,,0,34.7,1873957.6113311907,0.9799429432437957,0.9291159128856014,58.46519064354845,3.760185392838422,1.4915157136583166,24.41735710014836
FRPT,"Freshpet, Inc.",PASSA_FASE0,,0,61.94,1560709.946900349,0.5765498477472404,0.807727769042335,64.45765208126983,9.202140319637508,3.2802206993402123,42.41173459958231
DRMA,"Dermata Therapeutics, Inc. Common Stock",PASSA_FASE0,,0,1.18,66810.37342363491,1.2968734086935745,1.067250666524124,39.40376241457314,-10.0095328884652,2.0993668898710607,51.668485892301284
SNA,Snap-on Incorporated,PASSA_FASE0,,0,414.83,357655.1374769206,1.2060830960518096,1.0469604944839168,59.30801452453303,1.999141872561916,1.5825802374069207,23.25721659481615
PLD,"PROLOGIS, INC.",PASSA_FASE0,,0,145.47,3874746.2800040166,1.0561732140290636,1.1267543054626856,51.53069394843623,0.8139546971319245,1.8190929413734052,26.48487785675176
IMKTA,Ingles Markets Inc,PASSA_FASE0,,0,90.76,141942.60953741273,0.6739500588988797,0.8245021490766881,53.7873617082521,0.9089140284070485,2.305832330578764,28.350074743650787
BCPC,Balchem Corporation,PASSA_FASE0,,0,163.71,222030.15849204763,0.7102733511026537,1.0226110645206885,48.86768132829894,-0.27928622116911717,2.1646750423492342,16.56458878660166
ANNX,"Annexon, Inc. Common Stock",PASSA_FASE0,,0,4.86,3456171.9982692697,1.0022923408999025,1.2021708916571812,38.92499090347176,-13.32263242375602,2.5537475695621246,87.95692743395347
AGI,Alamos Gold Inc. Class A Common Shares,PASSA_FASE0,,0,28.58,4228889.996770714,0.8999839772449285,0.9609344829367358,38.216729228756996,-3.2154286391574693,1.6331653668821584,40.13673003759223
DTST,Data Storage Corporation Common Stock,PASSA_FASE0,,0,2.93,31008.997132587305,0.5052266002996926,0.4230638370150156,33.28305455012244,-12.201188130679409,1.9490913112558612,45.30758897518009
WOK,WORK Medical Technology Group LTD Class A Ordinary Shares,PASSA_FASE0,,0,1.83,1134811.256848381,0.059287269768411435,1.0032072662340146,40.08325122573422,-8.293660736657472,207.03520470379306,98.28689711882332
CAVA,"CAVA Group, Inc.",PASSA_FASE0,,0,65.36,3285204.2458636826,0.9248790577881401,1.0192041401537824,39.4218166202478,-4.238641524914632,1.7937865847863483,51.240033953782685
KNOP,KNOT OFFSHORE PARTNERS LP,PASSA_FASE0,,0,10.24,80350.5390775397,0.35838145631121665,0.7133757038591251,43.6788083684606,-2.210762545958078,4.8980127921790535,31.13671896369184
REZI,"Resideo Technologies, Inc. Common Stock",PASSA_FASE0,,0,35.67,1544471.7145038887,1.2299125126569077,1.1128173792753342,56.89371896169028,4.298245614035112,1.685773708865027,52.409651265785804
AFL,Aflac Inc.,PASSA_FASE0,,0,128.67,2441271.92776592,0.7203190578581922,0.7809914700885238,70.43175702787397,4.323925504917403,2.292601357107695,14.965820429984309
HVT,"Haverty Furniture Companies, Inc.",PASSA_FASE0,,0,25.95,100114.0433755238,0.7316111135903542,0.9073497493680139,59.64900511908801,2.4901755563893513,2.372645398782177,25.160236994281703
FOXF,Fox Factory Holding Corp. Common Stock,PASSA_FASE0,,0,18.94,563836.7088125079,0.6588622677306586,0.9559146618463189,57.88219486611685,6.0203196283131755,2.4972298391327206,42.15645742734833
LSPD,Lightspeed Commerce Inc.,PASSA_FASE0,,0,11.01,1170549.0986454764,1.7380646679769773,0.6370932439890029,64.873639631288,6.351122917169771,1.0,37.83952568104491
FBLG,"FibroBiologics, Inc. Common Stock",PASSA_FASE0,,0,0.6546,212265.66404796825,0.3956542036305088,0.38904081376080857,31.564084280630865,-18.107950884786916,1.9705030993699912,66.00608428677376
PPHC,"Public Policy Holding Company, Inc. Common Stock",PASSA_FASE0,,0,10.56,111788.86295284126,0.7301516380431656,1.2373436622255614,66.3612975984601,21.121752595056485,4.6705810147356654,62.502444451859084
GLE,Global Engine Group Holding Limited Class A Ordinary Shares,PASSA_FASE0,,0,0.3411,7183028.525089619,0.035837307458943764,0.04513606385219039,37.620605864751425,-16.87127964857339,6.661813746899796,72.17091293854656
MNTN,"MNTN, Inc.",PASSA_FASE0,,0,9.56,1163617.5136974922,0.7216683139046585,0.890443223656967,51.736064742188915,-3.351362280746095,2.686240752897483,80.18518501721384
CLWT,Euro Tech Holdings Co Ltd. New,PASSA_FASE0,,2,1.5,1720948.481002698,0.011306542941170996,0.05309015495136531,46.67432208395836,-6.7164179104477695,16.994910778986952,82.28728322636424
CAC,Camden National Corporation,PASSA_FASE0,,0,58.475,106711.00754157142,1.3790223732980131,0.9323191459451095,72.47832049921627,7.032869478472192,1.0879585636925724,29.34908848318815
AMSF,"AMERISAFE, Inc.",PASSA_FASE0,,0,30.03,237188.94286879365,1.1325627387597044,0.8842780566376272,36.05833027316297,-9.557727348020528,1.2398412561118697,42.909369103960486
KALU,Kaiser Aluminum Corporation,PASSA_FASE0,,0,151.44,268990.409727127,1.500608933405751,1.0132816981558832,38.40029011279289,-8.434055469227086,1.2503095967022009,64.95792168294649
WSM,"Williams-Sonoma, Inc.",PASSA_FASE0,,0,233.81,1168567.2042751906,0.5522793841251922,0.825748260816125,59.95493189370599,4.0281371172802505,2.7057172937753875,28.288335098568247
EGAN,eGain Corporation,PASSA_FASE0,,0,6.77,264893.4657150318,0.4750931507211524,0.6234195584012812,51.975632474494624,3.165834888948127,2.2735678794842458,38.18118386456895
CMCO,Columbus McKinnon Corp/NY,PASSA_FASE0,,0,14.62,548487.2993152697,1.631379302678576,1.0126909778664341,49.37542860397825,1.4150943396226356,1.0,67.27234462730122
EBAY,eBay Inc,PASSA_FASE0,,0,115.3,4850974.399902269,0.6424295670619876,0.6821644682989912,56.11464739084739,1.5642032429194597,1.6361826053310309,28.826617894226196
GEF.B,"Greif, Inc. Class B",PASSA_FASE0,,0,108.99,68057.8496946984,0.899472142428982,0.7623585607589616,82.21666247971177,16.53880082333128,1.5015999781953189,33.446175285225415
LLYVK,"Liberty Live Holdings, Inc. Series C Liberty Live Group Common Stock",PASSA_FASE0,,0,103.7,396839.7185745715,0.7566888984338713,0.8394683866570922,55.642725739917765,0.44799612543890976,1.668283464235888,22.588326180913285
NOW,"SERVICENOW, INC.",PASSA_FASE0,,0,115.76,27543162.36350508,1.4685361259797134,0.8420615726806328,61.92132123942803,9.825054077644113,1.2113845588128993,61.40449376590338
FATE,"Fate Therapeutics, Inc.",PASSA_FASE0,,0,2.36,4097411.1004253495,0.26248420164951286,0.7513290651819443,42.27668521873497,-15.480347390097604,6.065781719255712,71.95622148822603
FSS,Federal Signal Corp.,PASSA_FASE0,,0,111.86,536850.3555355237,1.0231631665551788,1.0092991605642998,39.40298858111676,-6.445367222424359,1.8138491103977166,39.62819130239957
KMX,CarMax Inc.,PASSA_FASE0,,0,59.11,3258004.162670078,1.349938558956769,0.8685095267502396,67.59691223119111,6.673644697899395,1.0720825026083673,34.79283385550845
WEC,"WEC Energy Group, Inc.",PASSA_FASE0,,0,111.29,2098164.48835454,1.4764998859734404,0.8779788677376429,41.130053005260294,-2.9822772009659104,1.0,19.665683738565374
INAB,"IN8bio, Inc. Common Stock",PASSA_FASE0,,0,1.07,56128.42787315874,1.0391585941407122,0.9045866446631803,25.601714678133604,-18.13312930374904,1.940539419359606,46.48779945521003
INVA,"Innoviva, Inc. Common Stock",PASSA_FASE0,,0,21.64,834536.84936527,0.6426372192059596,0.9401595901977218,45.65523147936113,-0.8680913442818183,4.990135225192212,26.042765783774048
MNOV,"Medicinova, Inc.",PASSA_FASE0,,0,1.29,44519.27027620635,0.38894814799456623,1.3042572148601241,39.460517916926584,-5.736207526488846,23.811928397363836,38.2321400379526
SEIC,SEI Investments Co,PASSA_FASE0,,0,102.88,732733.1047341904,0.8868880651922275,1.1183660685478,68.57638843965753,5.783220486244978,2.373479884380259,26.862721756701884
ATYR,"aTyr Pharma, Inc. Common Stock",PASSA_FASE0,,0,0.483,2736977.904847588,0.21886440133697665,0.5486260915540958,43.50821415356914,-9.371511131542654,10.485056919880094,84.0315000282145
ITIC,Investors Title Co,PASSA_FASE0,,0,296.58,40583.08947584127,0.4975229319842572,1.176846991500761,68.85513235841489,5.3058594093277955,8.49119288604218,25.653676779251754
DFNS,T3 Defense Inc. Common Stock,PASSA_FASE0,,0,50.22,2280886.956127302,9.315443635036566,3.0509884144114303,76.76383207070494,257.8994254153489,3.711768832054088,595.2736311201925
WRLD,World Acceptance Corp,PASSA_FASE0,,0,185.56,146569.15375895237,1.271176105276653,0.9623790772284814,46.1089108429642,-5.329428690958449,1.896672642264081,57.50112565123202
GUTS,"Fractyl Health, Inc. Common Stock",PASSA_FASE0,,0,0.69,2029813.9821147143,0.6323053111304587,0.9770296794031396,40.09053453725579,-11.9998979708962,9.484217581711675,79.56395534095543
BFRI,Biofrontera Inc. Common Stock,PASSA_FASE0,,0,1.17,282034.39397534926,2.5841724694921493,1.301874348703521,61.58542303801834,6.849315068493156,1.3679486110447463,67.36625250281224
TNET,"TRINET GROUP, INC.",PASSA_FASE0,,0,70.23,399806.3062281746,1.212553330700407,0.878910003658009,84.40129078494301,18.878751459959055,1.0635642791415163,40.90008553657911
LIFE,Ethos Technologies Inc. Class A Common Stock,PASSA_FASE0,,0,19.84,536678.8969846509,1.9558933148102176,0.8929077996805515,56.13025923524833,3.7575504013806382,1.0874351187166575,58.10891891231861
CTRN,"Citi Trends, Inc.",PASSA_FASE0,,0,66.64,170641.37816079365,0.8486887658369485,0.8823507921957452,63.90131810726624,8.343630096897957,1.8702908300303658,41.05595070228953
VTRS,Viatris Inc. Common Stock,PASSA_FASE0,,0,17.82,10941953.966366,0.9164247069642248,0.8581817732846924,63.75637108051688,5.0289536888325825,1.4586034615900398,29.995062902179065
WFRD,Weatherford International plc Ordinary Shares,PASSA_FASE0,,0,82.31,1334733.5964180317,0.7281332301098512,1.2054466481435107,43.005497706498055,-0.9703247850908037,2.7949659671535967,43.05296294792766
THO,"Thor Industries, Inc.",PASSA_FASE0,,0,78.07,752600.3564413968,0.7203481929711453,0.9295880642200133,55.46741743979909,3.5109119355095197,2.365965507759539,34.17021599703214
CLB,Core Laboratories Inc.,PASSA_FASE0,,0,9.87,832966.741865492,1.9259786632910485,1.4229301803986016,30.18569012936672,-12.367930391547555,5.121934196671591,44.90794488449495
STWD,"STARWOOD PROPERTY TRUST, INC.",PASSA_FASE0,,0,16.52,3372668.5780768096,0.9140820056816712,1.0433062070331194,46.12497223641844,-0.41893969076824966,1.6255930342960356,17.31555274502894
XELB,XCEL BRANDS INC.,PASSA_FASE0,,0,1.24,348079.9678338254,0.013737107107188536,0.16815109681647192,34.512041578768674,-14.216534071255627,72.1892557024391,83.20893573702632
AXS,Axis Capital Holders Limited,PASSA_FASE0,,0,105.96,672298.4269499046,3.4384952259114128,1.0011885809258407,40.90143436212279,-6.685101848508612,1.0,48.225798724663335
EBF,"Ennis, Inc.",PASSA_FASE0,,0,21.91,152225.82776657146,0.8209719891202581,0.8512748986125523,60.94274335862346,2.459783015338579,1.500801969007142,18.834709008162516
PSX,PHILLIPS 66,PASSA_FASE0,,0,206.81,2592072.9838317144,0.876176696100486,0.993078505465385,66.0072170913842,4.876682040736635,1.6808016535024988,31.212959142700882
NRT,North European Oil Royalty Trust,PASSA_FASE0,,0,8.77,53019.34603301587,0.7331539207178128,0.9228816772660732,65.15730047451893,11.705515220990925,3.9148576861186624,49.89243634107637
HLLY,Holley Inc.,PASSA_FASE0,,0,2.78,898181.627811873,0.6242518477837744,0.8949681871845944,59.58617970367066,8.003108003107972,2.8078695002015706,52.599818677792406
PFSI,"PennyMac Financial Services, Inc. Common Stock",PASSA_FASE0,,0,86.04,542747.3766875397,1.1428456735648007,0.8638804843167918,56.04592038704509,2.717157728857278,1.0,26.93213629094845
J,Jacobs Solutions Inc.,PASSA_FASE0,,0,135.91,1276693.9661849842,1.0124867303020573,0.702786642519305,61.4825744939278,4.120860178808083,1.0,27.665745025608558
RL,Ralph Lauren Corporation,PASSA_FASE0,,0,375.68,688469.6913218095,0.8435711792685595,0.8076138786529417,45.505275265614266,-1.933119368913716,1.5648518842174446,34.7859269235755
RRC,Range Resources Corp,PASSA_FASE0,,0,39.91,3045625.0964381904,1.1707260339120211,1.1016948016919834,62.507026849203335,6.684131036234109,2.1861632376953404,30.527107887742677
RILYZ,"BRC Group Holdings, Inc. 5.25% Senior Notes due 2028",PASSA_FASE0,,0,18.27,44097.86862995238,2.9749849924468252,0.6821226630683188,33.558921941416926,-2.6145358599184543,1.0,17.023988502275355
KBSX,FST Corp. Ordinary Shares,PASSA_FASE0,,1,0.89,20436.52546934921,1.1333629111630776,0.5448605644976396,41.816179203878974,-1.269080582179627,1.9370520680424832,53.1962812649287
NCDL,Nuveen Churchill Direct Lending Corp,PASSA_FASE0,,0,12.34,202513.25328158736,1.1774033721657617,0.8063176660591254,44.23001069645934,-2.1566761814145186,1.4956134360177586,23.680279884433766
BLIV,BeLive Holdings Ordinary Share,QUARENTENA,INTERRUPCAO,32,2.2,,,,,,,
YYGH,YY Group Holding Limited Class A Ordinary Shares,PASSA_FASE0,,0,1.25,1499405.581458396,1.4331385054095347,1.0269934610632416,26.78468475165799,-1.5360378101614836,5.968461686699161,134.19801962275017
PLMK,Plum Acquisition Corp. IV Class A Ordinary Shares,PASSA_FASE0,,2,10.585,72515.05880555553,0.26236524265967254,0.25449312316059447,45.978500173815966,-1.042397045762633,3.3814555565653155,27.82429567301535
ZJYL,JIN MEDICAL INTERNATIONAL LTD. Class A Ordinary Shares,PASSA_FASE0,,1,1.97,280705.2222372379,0.028640707272646813,0.06330217582622075,45.27770788412277,-0.7291619424833806,9.457483330536967,74.66989221485183
KEQU,Kewaunee Scientific Corp,PASSA_FASE0,,2,36.62,4520.5584929682545,0.5835502856789436,1.2877458764785594,50.115403221574184,0.060823427894707294,7.950039750214294,32.63071604222438
HKPD,"Cellyan Biotechnology Co., Ltd Class A Ordinary Shares",PASSA_FASE0,,0,0.3955,818383.5076869047,0.6760522356612161,1.79165470608953,47.800106968497765,-3.482441369548761,40.02052719884686,113.67831193771278
IACO,Idea Acquisition Corp. Class A Ordinary Shares,QUARENTENA,ILIQUIDEZ,7,9.93,,,,,,,
HGTY,"Hagerty, Inc.",PASSA_FASE0,,0,11.84,159535.49205352375,0.6329277203477915,0.8341453065061749,52.36754242914109,-1.3333333333333308,3.662202592184242,29.98099996428704
TWG,Top Wealth Group Holding Limited Class A Ordinary Shares,PASSA_FASE0,,0,2.34,60873.04589346032,0.15335194523267434,0.2743567598273279,44.870591027312805,-1.9850129220613355,5.594474796143546,66.68116092740095
UPC,Universe Pharmaceuticals Inc. Class A Ordinary Shares,PASSA_FASE0,,0,3.255,1427403.1952378259,0.05006114119710525,0.33772057991087184,42.26472800969578,-30.180180180180184,68.42771265329272,108.19112197594592
DRI,"Darden Restaurants, Inc.",PASSA_FASE0,,0,212.23,1284125.949424159,1.0561755517978506,1.1091524937920578,63.99968841979092,5.972467031842155,1.3137437930530662,27.88146651804093
CRC,California Resources Corporation,PASSA_FASE0,,0,50.59,830004.0319737461,0.9974355845529032,0.9032121848895583,39.339604742922596,-2.9736960711922444,1.3116071023223488,31.403800389099757
MKDW,MKDWELL Tech Inc. Ordinary Share,QUARENTENA,SERIE_CURTA,1,11.42,,,,,,,
IPDN,"Professional Diversity Network, Inc.",PASSA_FASE0,,0,0.36,73947.36172269844,0.2914625738078801,0.6489743366769676,26.655220853943206,-23.67464195986557,7.3592720317403515,78.69093741141467
EDTK,Skillful Craftsman Education Technology Limited Ordinary Share,PASSA_FASE0,,0,0.94,1905.4591035555554,2.918456759120815,1.0514264233021822,44.41671500219042,-2.02669251494354,1.0,34.178551887987254
LOW,Lowe's Companies Inc.,PASSA_FASE0,,0,215.68,3072969.982655619,0.7876434322952023,1.0095753509981582,52.62275157059407,1.5177295951387393,1.7621604357061107,31.551387643194435
DLPN,"Dolphin Entertainment, Inc.",PASSA_FASE0,,0,1.03,25867.094538285713,0.2135712069178575,0.6190372728912291,38.30961827934968,-5.76438351151184,6.648682219564871,44.56441874916931
AGNCO,"AGNC Investment Corp. Depositary Shares, each representing a 1/1,000th interest in a share of 6.50% Series E Fixed-to-Floating Cumulative Redeemable Preferred Stock",PASSA_FASE0,,0,25.37,25227.09831107936,0.3894271778251007,1.6091914030366778,47.570627517878414,0.11135760787128746,7.252128581175285,4.829024193773252
SAAQ,Space Asset Acquisition Corp. Class A Ordinary Shares,PASSA_FASE0,,3,10.2,41488.83033568255,0.04290987202087658,0.6884794708500928,48.31023773402759,0.23117042001281618,217.94087604626776,7.247331423055199
FIX,"Comfort Systems USA, Inc.",PASSA_FASE0,,0,1519.96,486457.5436296666,1.585700445382008,1.0610816883710492,34.53556127143034,-12.197021205555059,1.5619087070904258,60.60605518963785
HUBS,"HUBSPOT, INC.",PASSA_FASE0,,0,251.12,1897366.7332307142,0.8121954184503007,0.7811880211099753,65.80870132301237,18.36043089003634,1.5825559994397103,73.2849288051988
CREX,"CREATIVE REALITIES, INC.",PASSA_FASE0,,0,3.05,36679.60131514285,0.36032691540034884,1.1810426506630445,32.92006478201537,-14.096606111815236,7.448957102934331,55.84784147761288
LSH,Lakeside Holding Limited Common Stock,PASSA_FASE0,,0,0.27,120732.80772084124,1.245591669016079,1.0776390309155435,25.63181095657751,-28.873902649447114,10.969658437313123,94.76421144916687
DCOY,Decoy Therapeutics Inc. Common Stock,PASSA_FASE0,,0,4.03,244136.45334611105,0.20127438657977353,0.4156912335964211,35.8862466350711,-28.96174863387978,22.151593356416296,139.78956289596005
SVRN,OceanPal Inc. Common Stock,PASSA_FASE0,,0,6.3,17444.919538460315,0.4702381619998013,0.4935916148834227,32.83050964706199,-18.102633000349023,3.2918761522924482,73.02549110938642
NRSN,NeuroSense Therapeutics Ltd. Ordinary Shares,PASSA_FASE0,,0,0.4802,164076.83667009522,6.289510578966973,0.7455312442295211,17.567322532402343,-28.750537857768144,1.0,64.98671664486854
PCSA,"Processa Pharmaceuticals, Inc. Common",PASSA_FASE0,,0,2.03,66146.24079228572,160.34724781845748,1.1977847669287358,44.537395145133246,-10.886742756804225,1.0,190.11100272503242
GMM,Global Mofy AI Limited Class A Ordinary Shares,PASSA_FASE0,,0,2.93,4272609.80670781,5.394644226956731,2.1019894391537353,36.26807947355217,4.530859793078856,6.012282890880953,375.7063450834373
GNSS,Genasys Inc. Common Stock,PASSA_FASE0,,0,1.68,125445.99226809521,0.225274905073132,0.7568935737634445,45.52539980200163,-2.2829722262614482,16.09375462007314,61.10525290395137
CNSP,"CNS Pharmaceuticals, Inc. Common Stock",PASSA_FASE0,,0,5.0,1404249.3208264282,0.0023356711314410574,0.007377408677259037,49.76085779065125,-2.534113060428844,6.1180805972905095,71.17588850558292
QTI,"QT Imaging Holdings, Inc. Common Stock",PASSA_FASE0,,0,2.71,56284.09459209525,0.6943961180196194,0.6899592898551122,19.269760661027675,-19.61438635520949,8.474583117639462,34.05085342646535
TWAV,"TaoWeave, Inc. Common Stock",PASSA_FASE0,,0,1.1,1194784.137275746,0.12190781151405965,0.04867732660969152,33.08817010263988,-13.38582677165354,1.0,65.25519850272154
NEXR,Nexera Technologies Ltd Ordinary Shares,PASSA_FASE0,,0,0.3,10739567.833539907,0.23315458308117548,0.27292409529754086,34.365427914273255,-33.23021110381589,15.416738142973772,169.6115447062302
VMI,"Valmont Industries, Inc.",PASSA_FASE0,,0,456.29,230676.88387657137,0.9294037540220763,0.9675322730966451,25.487006451341003,-12.880274099976985,1.7855067911029967,31.911076147133688
BHFAO,"Brighthouse Financial, Inc. Depositary Shares 6.75% Non-Cum Pfd Series B",PASSA_FASE0,,0,14.28,35370.46425417461,0.8556309943381102,1.1968348365685837,32.623030643066784,-3.67545265032978,5.726615976297038,19.847679263019906
ARTW,Arts-Way Manufacturing Co Inc,PASSA_FASE0,,0,2.22,20833.202046460316,4.553258148769171,1.570345298909945,40.60825704911002,-6.937748899601736,2.1418063183477116,64.95386592089682
ZCMD,Zhongchao Inc. Class A Ordinary Shares,PASSA_FASE0,,0,1.06,4835762.760071921,0.346302842489753,2.670921758954745,24.82609730260684,-39.875212705615425,77.15779956643637,586.3158355917819
CGTL,Creative Global Technology Holdings Limited Class A Ordinary Shares,PASSA_FASE0,,0,4.5,482366.12361833337,0.03049807178756213,0.1993877152710244,40.284605451256155,-2.5590167555184173,64.10898576825329,65.65225901417169
MITQ,"Moving iMage Technologies, Inc.",PASSA_FASE0,,0,0.535,92193.92778707937,0.08142618695384489,0.6565502492180733,42.46783711423402,-6.430089284933482,54.314373251631814,71.67295045805207
ULBI,Ultralife Corporation,PASSA_FASE0,,0,5.3,41441.84609966667,0.47588060272630145,0.6661460916716267,32.76130549771392,-6.186388175944768,2.5099396876100504,29.483440179229635
AFJK,"Aimei Health Technology Co., Ltd Ordinary Share",QUARENTENA,ILIQUIDEZ,4,11.9,,,,,,,
BMI,"Badger Meter, Inc.",PASSA_FASE0,,0,133.54,527845.2586599047,0.7652968624849842,1.0466474108447186,46.60116635355656,-5.137385275480922,3.5114886197125705,60.55446942741026
PRPL,"Purple Innovation, Inc. Common Stock",PASSA_FASE0,,0,7.93,16219.102126539681,5.3743407437682205,0.9937629247907535,45.346081350568426,0.6185567010309034,1.0,90.90855944558808
GLXG,Galaxy Payroll Group Limited Class A Ordinary Shares,PASSA_FASE0,,0,1.01,3309059.408356778,0.01619450395501094,0.2198467802068737,43.97776259465125,-11.231426219626373,189.94859044267835,110.05231710301024
BOXL,Boxlight Corporation Class A Common Stock,PASSA_FASE0,,0,2.73,477351.0320587778,0.02025027641882155,0.057999105996676556,27.218236616452018,-32.00921486831455,10.965346026536995,92.2301726810845
VNTG,Vantage Corp,PASSA_FASE0,,0,0.6614,710397.6579964285,0.06017183040912404,0.10985987117125653,42.20378254571823,-4.050368479080846,5.225618929956822,43.05540116892791
EXOZ,eXoZymes Inc. Common Stock,PASSA_FASE0,,1,4.4,8858.563856777779,0.45891633968293477,1.715601846288214,24.025018186975345,-29.521063591222163,13.017436427268304,75.58894854769837
CTAA,ClearThink 1 Acquisition Corp. Class A Ordinary Shares,QUARENTENA,INTERRUPCAO,36,9.94,,,,,,,
CCG,Cheche Group Inc. Class A Ordinary Shares,PASSA_FASE0,,0,13.08,5541.365641555555,2.610728281763206,1.658462880175539,42.04647152141154,-10.55006580519816,1.9803650800442385,116.5019256631565
OGEN,Oragenics Inc.,PASSA_FASE0,,0,0.4967,43598.31141734921,0.19227808893222703,0.6370652907510869,28.190194004277785,-9.874028678094959,8.412599308123584,33.39966684061213
TGL,Treasure Global Inc. Common Stock,PASSA_FASE0,,0,2.99,57466.984425714276,0.3298102727575726,0.6750611949465943,29.341094409847415,-17.196305681330394,24.75122925151307,52.50379690342769
HTLM,HomesToLife Ltd Ordinary Shares,PASSA_FASE0,,3,1.9,8383.708079301587,1.5708268376511847,1.5310498502136904,49.836708891580955,-0.7521938988716892,2.583649957642378,71.67099146861827
IMTE,Integrated Media Technology Limited Ordinary Shares,PASSA_FASE0,,0,0.4448,85423.56552315874,0.08945960396523402,1.2344820427287237,40.76711887371506,-9.338279506333913,217.48816335846604,72.17432818345357
PLAG,Planet Green Holdings Corp.,PASSA_FASE0,,0,0.728,1238405.621894984,0.21427228309409435,3.033017698666193,32.91683166317122,-44.745510572734034,155.14418818761965,290.5434281654068
NTWK,"NetSol Technologies, Inc.",PASSA_FASE0,,0,4.39,34566.34610125397,0.2580477489252593,0.3825799923620002,49.223072969800725,-0.9867493656611215,4.176952319319344,25.612231347843345
BHAV,BHAV Acquisition Corp Class A Ordinary Shares,QUARENTENA,INTERRUPCAO,15,9.96,,,,,,,
TVA,Texas Ventures Acquisition III Corp Class A Ordinary Share,PASSA_FASE0,,0,10.505,44339.69915188889,0.870303604627775,0.7466742013458072,45.77415711731569,-0.3266780082034626,9.170074373526134,4.711293106745727
EVGN,EVOGENE LTD.,PASSA_FASE0,,0,0.4817,1691765.8514271434,0.04168941904135446,1.1774615207865755,42.9826918298896,-4.692183651059034,472.0179853273706,119.13961499067022
CLIK,Click Holdings Limited Class A Ordinary Share,PASSA_FASE0,,0,1.41,1819562.8512805873,0.025860332918362004,0.20574432885919625,41.48683061991188,-6.668873076286619,124.92088812177418,89.82783184678009
CPIX,Cumberland Pharmaceuticals Inc,PASSA_FASE0,,0,6.66,126955.20461909524,0.40585634303526674,0.9739617613987286,50.35500158015404,-2.313813208169835,8.131900985791532,107.67888560617527
WPRT,Westport Fuel Systems Inc Common Shares,PASSA_FASE0,,0,1.68,1023248.6397123017,0.07210313880382382,0.07970990015914645,32.34187031559105,-13.435527502254264,1.953028867377382,52.836612189291586
PULM,"Pulmatrix, Inc. Common Stock",PASSA_FASE0,,0,1.67,49517.998514809515,0.3571056692590561,0.42971644662568725,52.11356196241815,-1.90895741556536,3.1200030560152205,59.12177727389181
MNY,MoneyHero Limited Class A Ordinary Shares,PASSA_FASE0,,0,0.95,41113.231071761904,0.2040766248547839,0.49421987783650084,40.994467648303406,0.3987043917088151,9.06385527179072,34.910337392543525
PSBD,Palmer Square Capital BDC Inc.,PASSA_FASE0,,0,9.74,150014.7179501746,0.7093587179582211,1.3247816126698833,38.53884572238094,-2.954217107557411,7.11894038193081,21.28358595608128
SLMT,Brera Holdings PLC Class B Ordinary Shares,PASSA_FASE0,,0,3.63,107896.6180702381,0.2567373558823434,0.8457668564472052,34.50930714693611,-27.254509018036078,20.462314733920234,154.42864540047006
MSDL,Morgan Stanley Direct Lending Fund,PASSA_FASE0,,0,14.72,564260.4754722541,1.3551753881255157,0.8177572930398161,37.6164392667389,-4.038593174484173,1.2291071819834667,19.938391213232507
NCPL,Netcapital Inc. Common Stock,PASSA_FASE0,,0,0.3611,3538693.357910143,0.02354343122547425,0.03411674755671656,29.646438771993928,-20.580634519162054,8.154564507428631,53.810186190925755
DAAQ,Digital Asset Acquisition Corp. Class A Ordinary shares,PASSA_FASE0,,1,6.89,52962.02021566667,0.8268079313758253,0.9703138038897621,2.337130234604004,-32.66217031095613,7.52701286118585,142.86139756757112
BSBK,Bogota Financial Corp. Common Stock,PASSA_FASE0,,0,8.86,14506.939530809525,0.6441858816019009,0.5632902449131533,43.03854494910396,-1.6593595649037063,2.2918187162947246,12.711493284287997
LIEN,"Chicago Atlantic BDC, Inc. Common Stock",PASSA_FASE0,,0,9.35,71993.41642544443,1.1871780135828216,0.8719148448220415,35.09915962217825,-3.5311718125306313,1.7653861018355093,17.66912004458554
BPYPO,"Brookfield Property Partners L.P. 6.375% Class A Cumulative Redeemable Perpetual Preferred Units, Series 2",PASSA_FASE0,,0,15.26,12074.098049714285,1.718424632181199,1.314039521583597,52.25999301199127,0.5931435818805841,1.6080460796366374,16.908398231436607
MRNO,Murano Global Investments PLC Ordinary Shares,PASSA_FASE0,,0,0.2011,6275304.945932683,0.04603815294860719,0.046299714192322344,36.666567735902525,-13.785342222031682,4.775434903896019,74.32536711380614
SCOR,"comScore, Inc. Common Stock",PASSA_FASE0,,1,7.51,28135.92198338095,0.20090466569173898,0.3964391131269286,52.15455878795619,2.3021386732053006,4.512272889224465,62.070580515221195
AAME,Atlantic American Corp,PASSA_FASE0,,0,1.56,12612.204929047617,0.45698217975556016,0.8558552430859606,36.94992646157427,-3.9260969976905313,5.998712773157682,24.76257799483651
CDTG,CDT Environmental Technology Investment Holdings Limited ordinary shares,PASSA_FASE0,,0,0.848745,282465.1647801587,0.1568880185083724,1.1846990482123547,26.146499393997175,-46.43273860963184,36.57442842054906,184.93076880121092
LIQT,"LiqTech International, Inc.",PASSA_FASE0,,0,0.621,321706.8271890159,0.2116088135114477,0.8318006919934791,30.88976209575125,-12.872065044300562,26.156251967550972,68.96419431955657
ROK,"Rockwell Automation, Inc.",PASSA_FASE0,,0,459.39,798803.2360172063,0.9904042906029974,0.8846774568423604,47.2415875999455,-1.5585122454533584,1.2747013100802453,26.638822501102833
NVR,"NVR, Inc.",PASSA_FASE0,,0,6381.79,29077.111922666663,1.381955427480942,1.0114003155029618,47.94450283321402,-1.4570765589599466,1.920496485767603,33.745052045008904
BGMS,"Bio Green Med Solution, Inc. Common Stock",PASSA_FASE0,,0,0.88,2286797.81524711,0.004438568236039348,0.0429709578632475,48.123957759710215,-4.656139115360669,35.85466058086024,93.09121867786394
NPAC,New Providence Acquisition Corp. III Class A Ordinary Shares,PASSA_FASE0,,3,10.42,113778.63513157143,0.4469556164142188,1.713935779640835,71.59512510471384,0.3123932014767572,54.71262830849097,1.3783235092218606
CEPV,"Cantor Equity Partners V, Inc. Class A Ordinary Shares",QUARENTENA,INTERRUPCAO,13,10.44,,,,,,,
PASW,"Ping An Biomedical Co., Ltd. Class A Ordinary Shares",PASSA_FASE0,,0,0.116,608817.4102001745,0.10747721550618239,1.9900624408409906,28.28000189287725,-19.739846398671567,315.68719823240207,65.33445888119857
DAIO,Data I/O Corp,PASSA_FASE0,,0,2.97,81243.44275036508,0.6253331528072363,0.5367787231739884,30.38077335376869,-11.92170818505337,1.4326896324526057,36.7307052905685
GURE,"Gulf Resources, Inc. (NV) Common Stock",PASSA_FASE0,,3,3.17,30669.816136428566,0.05145852537816292,0.29790236700662337,37.986519041476164,-11.9779417277314,19.87677902494713,82.30698703301046
MENS,Jyong Biotech Ltd. Ordinary Shares,PASSA_FASE0,,0,2.24,91819.08018644445,0.762197918677604,0.7576068290103583,49.420809293545275,-3.197925669835777,2.9644629167941896,79.20282948826122
GENK,"GEN Restaurant Group, Inc. Class A Common Stock",PASSA_FASE0,,0,2.025,27634.996387126987,2.5020523353210553,0.6368216282867983,56.15177277968335,6.733429964422188,1.0,61.921162476185465
IBP,"INSTALLED BUILDING PRODUCTS, INC.",PASSA_FASE0,,0,230.33,492333.6643729365,0.876425945762971,0.803983898607358,53.40790835785594,1.9080380943953479,1.7304961694093215,37.58352489391155
TMCR,The Metals Royalty Company Inc. Common Stock,PASSA_FASE0,,0,6.23,75040.023474127,1.3112624758163396,0.8007192020664414,42.442154619632205,4.154476301930932,1.5386075953519338,90.11031489648698
AXIL,"AXIL Brands, Inc.",PASSA_FASE0,,0,5.97,131453.14591326984,0.0549701564751259,0.11140367365579869,47.689555511944924,-0.6567966892255139,4.717976966924993,64.47724142595848
CNR,"Core Natural Resources, Inc.",PASSA_FASE0,,0,77.92,677152.6954824765,0.9464522529181679,0.771572145710259,37.58292835797866,-5.50398079033696,1.2135011923062713,35.47115604244304
PAPL,Pineapple Financial Inc.,PASSA_FASE0,,0,1.22,691078.1931661746,0.218638071277801,1.180338456213171,65.35042383607141,22.70829683096771,51.41818868293256,120.76907862072422
AACI,Armada Acquisition Corp. III Class A Ordinary Share,QUARENTENA,INTERRUPCAO,26,9.98,,,,,,,
KWR,Quaker Houghton,PASSA_FASE0,,0,148.79,158562.37190949207,0.8435632324316463,0.8735270440919056,47.194920448346686,-2.08961902537087,1.7609372884026913,30.87738058207976
OXLCZ,Oxford Lane Capital Corp. 5.00% Notes due 2027,PASSA_FASE0,,1,24.87,4911.025855555556,4.963117832586265,0.6727279131024372,61.01183698714158,0.456213390486071,1.0,2.874581772834865
PMN,ProMIS Neurosciences Inc. Common Shares (ON),PASSA_FASE0,,0,14.06,80224.31546184127,3.278262506584981,2.496892323069784,55.89453247455857,2.6351913879876676,6.756046217394514,113.71522128032541
EZGO,EZGO Technologies Ltd. Ordinary Shares,PASSA_FASE0,,0,0.8949,1280184.7910340317,0.052870769913091954,0.11476018404412093,29.177696053246535,-22.125387784937633,10.221843126476683,79.17457519240321
SPXC,"SPX Technologies, Inc.",PASSA_FASE0,,0,187.65,740983.9792700475,1.2488740788142527,0.7771983491148052,27.922651908034723,-13.502824468121876,1.5512197816750433,48.39665828141936
GTES,Gates Industrial Corporation Ltd.,PASSA_FASE0,,0,24.92,2026069.7159962063,1.0179768849281106,0.8928927742004398,37.912108737902706,-5.924989146643,1.2825370109800112,37.52098723200386
ODYS,Odysight.ai Inc. Common Stock,PASSA_FASE0,,1,4.21,695088.7420828571,0.013654112526064565,0.03229171304629532,41.98827103121906,-7.069146294354612,8.088190229170822,58.67754955309336
BMRA,BIOMERICA INC,PASSA_FASE0,,0,1.59,14892.21409522222,0.7082979490191517,0.4135536006446394,35.73517650950241,-3.733796702731196,1.6483312147418963,33.49495706655356
CPZ,Calamos Long/Short Equity & Dynamic Income Trust Common Stock,PASSA_FASE0,,0,13.16,85975.0291654127,1.706726161938088,1.0833510774250505,55.249766900242776,0.8274593931964613,1.7483888871586253,14.659843461299463
MHH,"Mastech Digital, Inc.",PASSA_FASE0,,0,7.95,21028.78619087302,0.5692761812945615,0.45538183396939297,60.530702730874424,3.314041547839297,2.2609548972799867,31.654809081332917
VCX,"Fundrise Innovation Fund, LLC",PASSA_FASE0,,0,34.92,296143.5300832698,0.7930134633465263,0.5635108526202702,24.18830551033514,-42.51142116310655,2.1782155208458924,154.83188522711572
NBR,Nabors Industries Ltd.,PASSA_FASE0,,0,79.26,298092.9298005714,1.3136940556456276,0.8899933253611222,42.04332330771139,-2.305544770462409,1.3465961301476035,47.85692788953597
RYET,Ruanyun Edai Technology Inc. Ordinary shares,PASSA_FASE0,,0,1.0399,995470.8858773176,0.0057235141487625325,0.031008949496343436,51.203933588862455,0.8382989658231699,54.35096230219515,45.02016821803581
GTIM,Good Times Restaurants Inc.,PASSA_FASE0,,0,1.41,26560.375352222225,1.0771956239543967,1.122615526858708,55.402634268991676,-0.3885552808195025,3.51772761217569,19.793722199464074
EEIQ,EpicQuest Education Group International Limited Common Stock,PASSA_FASE0,,0,2.03,161140.14128722224,0.09327091473260235,0.43643620909792924,30.02102043581401,-18.034441685341086,4.906226592690836,65.97460430739717
GAING,Gladstone Investment Corporation 7.125% Notes due 2031,PASSA_FASE0,,0,25.0199,13087.916793650793,0.407245865330202,0.6965444076189806,49.97647912402011,-0.02938796124464238,3.7198874296435274,7.269774980664527
AMP,"Ameriprise Financial, Inc.",PASSA_FASE0,,0,540.29,673974.377925381,0.659846823278254,0.9760640538483986,67.96771922616708,4.280843565224024,2.0893990558804587,28.15939574673993
EDHL,Everbright Digital Holding Limited Ordinary Shares,PASSA_FASE0,,1,3.85,2514665.514677491,0.003678730131703589,0.14113811157784073,47.25648359650581,-4.914793776241034,365.106579283437,137.63088004373932
FULTP,"Fulton Financial Corporation Depositary Shares, Each Representing a 1/40th Interest in a Share of Fixed Rate Non-Cumulative Perpetual Preferred Stock, Series A",PASSA_FASE0,,0,18.01,13095.40764920635,0.4036679530415665,1.4923761022578343,45.99636816904433,-0.02936394584819313,9.758164622865696,12.053134955260086
DK,"Delek US Holdings, Inc.",PASSA_FASE0,,0,64.92,1235516.4589268414,0.9327846759953532,0.9899304978902121,67.09921860701513,8.177463028535726,1.5930636519114647,45.182478126831
ADAMO,"Adamas Trust, Inc. 9.250% Senior Notes Due 2031",PASSA_FASE0,,0,24.95,17790.899861349208,0.5925890136059973,1.0636855056506886,37.1086721726758,-0.3784620231317537,4.228438699118569,2.122133735944519
INM,InMed Pharmaceuticals Inc. Common Shares,PASSA_FASE0,,0,1.67,2486978.505722175,0.08970160674437343,1.1017460384645932,55.97726886154984,2.8641823221434937,233.54542946630536,65.01100154118151
TXMD,"TherapeuticsMD, Inc.",PASSA_FASE0,,0,2.06,38411.995654809514,0.5850201507868372,0.7031746042910445,51.36331041174441,1.3530135301353052,3.159461655408943,37.72451252674867
NDRA,ENDRA Life Sciences Inc. Common Stock,PASSA_FASE0,,0,4.45,30504.92608722223,0.529273641995905,0.9539565309154919,41.101285014898615,-12.715147354484369,7.103887364561469,87.66227267153141
OFAL,OFA Group Class A Ordinary Shares,PASSA_FASE0,,0,0.1022,1023922.2777701905,0.8508555960880604,1.0689091717852002,27.624106274610767,-26.947819871336655,8.697611368097245,83.18164315561462
INEO,INNEOVA Holdings Limited Class A Ordinary Shares,PASSA_FASE0,,0,0.6303,131993.81889333331,0.36459496288905874,1.723409162521317,44.160748504158605,-8.328007131886173,24.3009878490487,65.88923250470506
MBRX,"Moleculin Biotech, Inc.",PASSA_FASE0,,0,1.36,498016.08060633333,3.438342360674817,0.6019122864833814,25.107458735669624,-38.903863432165295,1.0,169.6245833299031
POLE,Andretti Acquisition Corp. II Class A Ordinary Shares,PASSA_FASE0,,0,10.8,12806.255290507937,0.23550990758676152,0.9052163055809429,62.08676720134827,0.150689695143158,20.77553050397878,1.751190455627288
OXLCO,"Oxford Lane Capital Corp. Preferred Stock Shares, 6.00% Series 2029",QUARENTENA,ILIQUIDEZ,7,23.95,,,,,,,
EGHA,EGH Acquisition Corp. Class A Ordinary Shares,PASSA_FASE0,,0,10.33,39947.494327269844,0.3286564081451685,0.7061111471926403,49.00539477283365,-0.08675912590909718,12.637519993906617,2.5417252535122103
PGAC,Pantages Capital Acquisition Corporation Class A Ordinary Shares,QUARENTENA,INTERRUPCAO,26,10.72,,,,,,,
FACT,FACT II Acquisition Corp. Class A Ordinary Shares,PASSA_FASE0,,2,10.66,92489.8466695873,0.6388529177163101,0.7621031988371498,56.866098132201785,0.19022985480874333,11.456434067282162,1.0572889714224076
BRLS,Borealis Foods Inc. Class A Common Shares,PASSA_FASE0,,0,0.77,217774.38649030164,1.2016353135617897,0.17354578145113092,32.407563333538064,-21.14654964951176,1.0,119.05338999955404
MCHPP,Microchip Technology Incorporated Depositary Shares Each Representing a 1/20th Interest in a Share of 7.50% Series A Mandatory Convertible Preferred Stock,PASSA_FASE0,,0,62.12,223324.05061976187,0.5672932097927352,1.256532892494332,31.466583952545705,-12.085423757598068,24.44661080718407,44.65856562881301
RVP,"Retractable Technologies, Inc",PASSA_FASE0,,0,0.6702,75208.65763720631,0.14698330820268882,0.4014509086745552,42.043653040584026,-3.417565551976798,7.717131717237989,26.510524364397686
SPKL,Spark I Acquisition Corp. Class A Ordinary Share,QUARENTENA,ILIQUIDEZ,5,11.55,,,,,,,
FCRS,FutureCrest Acquisition Corp.,PASSA_FASE0,,0,10.24,78302.86988557143,1.7339594346722476,0.8390128897639006,54.21377167778611,0.036634509708144414,1.0,3.3678571371725883
QUMS,Quantumsphere Acquisition Corp. Ordinary Shares,QUARENTENA,INTERRUPCAO,32,10.27,,,,,,,
LINK,"Interlink Electronics, Inc. Common Stock",PASSA_FASE0,,0,3.94,111316.57633060317,0.1560564271794279,0.184124508584668,39.94663435129388,-11.110108405058162,2.926261335188089,78.49194060287749
JXG,JX Luxventure Limited Common Stock,QUARENTENA,ILIQUIDEZ,6,6.9868,,,,,,,
TACT,Transact Technologies Inc,PASSA_FASE0,,0,4.91,72712.7223387619,0.03771972457889824,0.3967439935001779,44.624641321050944,-4.544349939246651,32.703641644344344,45.18897802445216
DHCNL,Diversified Healthcare Trust 6.25% Senior Notes Due 2046,PASSA_FASE0,,0,18.18,20875.10639276191,1.275906493546549,0.9208616010199246,36.08580284116497,-2.5394164534157992,1.0,13.32213558649854
HAO,Haoxi Health Technology Limited Class A Ordinary Shares,PASSA_FASE0,,0,0.1497,5002278.000256096,0.21995679011735653,2.6993449714143756,11.908803358988592,-68.24925501341507,104.3398449937145,386.45458940603675
MNDR,Mobile-health Network Solutions Class A Ordinary Shares,PASSA_FASE0,,0,1.45,426905.3778445398,0.38071324880846485,0.15831414318833328,17.116945784498213,-50.05167068549776,1.6722054355966878,107.20739177133822
BMGL,Basel Medical Group Ltd Ordinary Shares,PASSA_FASE0,,0,5.98,61271.12904042858,0.12503482667905497,0.6430763226853764,46.85950151238304,-5.086897865248807,41.94612123443013,189.29829274989356
CPBI,"Central Plains Bancshares, Inc. Common Stock",PASSA_FASE0,,3,19.845,3964.5432675396823,0.13949909552714054,0.8945701992681057,57.724625804298185,0.9722490404583395,44.48317707506479,22.866492557076224
QSEA,Quartzsea Acquisition Corporation Ordinary Shares,QUARENTENA,ILIQUIDEZ,13,10.66,,,,,,,
TJGC,TJGC Group Limited Ordinary Shares,QUARENTENA,INTERRUPCAO,11,5.115,,,,,,,
PODC,"PodcastOne, Inc. Common Stock",PASSA_FASE0,,0,3.49,142378.39989946035,1.1519208251800395,0.5119460739242813,37.521905067505806,-12.60798798046826,1.0,67.56762059908715
PTHS,Pelthos Therapeutics Inc.,PASSA_FASE0,,0,25.74,32988.224645571434,2.192509623572897,1.6819381666496738,45.66241711555381,-3.409197515807627,2.8511013322825502,85.5200688328194
BON,Bon Natural Life Limited Class A Ordinary Shares,PASSA_FASE0,,0,1.12,16252.285020746029,0.44136400455957114,0.5878051024705373,39.92813409333398,-4.309081666218095,4.3032812700922225,38.603063419801494
GIFT,"Giftify, Inc. Common Stock",PASSA_FASE0,,0,0.8905,79815.60609473014,0.1317184522475754,0.3477429184858694,46.49429624370696,-2.5625875350139937,5.950720428943908,47.48499364574839
TAOP,Taoping Inc. BVI Ordinary Shares (0 par),PASSA_FASE0,,1,0.7,24528.72912501587,0.7536468728478423,0.8153427749423632,19.224254132610383,-42.678409458521,4.864324944877204,108.03288526588679
EJH,E-Home Household Service Holdings Limited Ordinary Shares,PASSA_FASE0,,0,1.12,19222.819355746033,0.48983241353643614,0.5750315799199274,29.26336880422396,-33.35832396184764,4.808427954239398,139.84102553927397
ZDAI,"DirectBooking Technology Co., Ltd. Class A Ordinary Shares",PASSA_FASE0,,0,1.6439,476969.56128539663,0.03334169639073549,0.11416446464592711,30.054047792389085,-11.508616861217813,27.72960654529889,47.05279923601937
YHC,LQR House Inc. Common Stock,PASSA_FASE0,,0,1.61,320127.7213666033,5.72970661679271,3.1252839848996112,23.42807407774302,-36.775967013548005,2.481038421866613,194.73061413196908
BPYPN,"Brookfield Property Partners L.P. 5.750% Class A Cumulative Redeemable Perpetual Preferred Units, Series 3",PASSA_FASE0,,0,13.71,15969.634387190477,0.5575900164090458,1.0653316902481118,45.074105285295765,-0.904508375050761,5.7684682816919475,18.656020397995306
KTTA,Pasithea Therapeutics Corp. Common Stock,PASSA_FASE0,,0,0.45,802720.0316212543,0.5078057167412626,2.088626971814512,35.16590624050774,-7.127452093244013,3.5045565064927517,56.02095077257739
HUDI,"Huadi International Group Co., Ltd. Ordinary Shares",PASSA_FASE0,,1,0.7101,185897.9138134603,0.13288476182034126,0.1858615415809375,32.54476236268302,-14.3794994546682,7.933246974051735,73.72521817221602
CDIO,Cardio Diagnostics Holdings Inc. Common stock,PASSA_FASE0,,0,1.58,73631.10014725396,0.2156680506503641,1.2763616273707805,36.49678783308612,-10.506685093982139,77.95814813441467,46.755459437700125
CHSN,Chanson International Holding Class A Ordinary Shares,PASSA_FASE0,,0,1.08,1546711.8502835874,0.016252282282178843,1.4530815098590435,14.003128544962365,-1.8627896410722156,1691.1837718879308,82.35441369459188
BHFAN,"Brighthouse Financial, Inc. Depositary shares, each representing a 1/1,000th interest in a share of 5.375% Non-Cumulative Preferred Stock, Series C",PASSA_FASE0,,0,11.34,61233.04577109524,1.1732331389909731,0.8751551547072668,31.48674557232414,-3.971547125074093,1.535616783250054,17.779005410308166
LVO,"LiveOne, Inc. Common Stock",PASSA_FASE0,,0,4.39,69866.31060514286,1.955883184061263,0.6693340632467533,34.38123930708505,-14.76555674206389,1.0,72.94182699341404
ICCC,Immucell Corp,PASSA_FASE0,,0,11.01,29763.32927885714,0.8482096261298824,1.0970532988019872,54.651169736086885,0.426424645976331,2.224375291774282,67.37107071907627
DYAI,"Dyadic International, Inc.",PASSA_FASE0,,0,1.06,331755.56242050795,0.2434386251363952,0.8483287260091845,49.50888434860976,-6.38109958048132,13.870051223069835,133.47509216077876
BAOS,Baosheng Media Group Holdings Limited Ordinary shares,PASSA_FASE0,,1,0.6656,99791.98070963491,2.0140796742457536,0.8699712535164451,17.635180650608504,-68.25056107688602,2.715755740423605,231.36304543332625
TPCS,Techprecision Corporation,PASSA_FASE0,,0,4.41,41878.6016605397,0.2991824226023723,1.01565948109672,46.367667843475,-6.661728133763678,6.007222341892429,25.916476929175637
RNAZ,"TransCode Therapeutics, Inc. Common Stock",PASSA_FASE0,,2,4.96,60213.33531934921,0.08682512795998534,0.5197902613533263,35.33749223589608,-35.26283159852513,13.23100767446473,173.05699020703477
LICN,Lichen China Limited Class A Ordinary Shares,PASSA_FASE0,,0,1.12,1136346.4777353334,0.13186499147920996,1.4535790739689904,41.27619394718587,-14.805250126460944,157.96415112882462,185.93854064706073
BF.A,Brown-Forman Corporation Class A,PASSA_FASE0,,0,29.87,178135.92892557144,1.2594214898204894,0.8091548394199817,67.48132812384499,11.45522388059701,1.5324849194057335,39.38857777444411
PYPD,PolyPid Ltd. Ordinary Shares,PASSA_FASE0,,0,4.08,200407.43979644444,2.173868859980962,1.7284878375597896,41.94705047573962,-14.85809682804674,5.117685972602976,138.01742341386696
CRE,Cre8 Enterprise Limited Class A Ordinary Shares,PASSA_FASE0,,0,2.415,1131635.928846968,0.5907184823842746,0.5633763469018618,40.994483347780516,-15.818460680423863,5.523514483847645,121.13908991563636
SHAK,Shake Shack Inc.,PASSA_FASE0,,0,63.05,2427077.7779699685,0.536756393921019,0.7583072672193834,60.91565269469917,8.585206234392494,1.9485822943735134,46.369487912627086
BBLG,Bone Biologics Corp Common Stock,PASSA_FASE0,,0,0.9046,59800.170769571436,0.3409716650905498,0.8412579427490242,19.842150420030947,-25.794067462921653,17.755006450708354,52.349614068011675
SELF,"Global Self Storage, Inc. Common Stock",PASSA_FASE0,,0,5.12,17114.70162396825,2.476090963902779,1.0424777732241404,49.33570780735729,-0.26783540297053987,1.01559009271749,15.527122009372258
CRAC,Crown Reserve Acquisition Corp. I Class A Ordinary Shares,QUARENTENA,INTERRUPCAO,13,10.15,,,,,,,
INTG,Intergroup Corporation (The),PASSA_FASE0,,0,28.15,69219.41279873016,1.346108479841212,1.1847004484492587,27.174794607462076,-27.290103446939874,1.6563445521609848,65.20033383964264
RMCO,Royalty Management Holding Corporation Class A Common Stock,PASSA_FASE0,,0,2.2501,37482.0553423016,0.6643713361122976,0.2657707994872807,43.49270111103053,-3.5122137388213126,1.2119364162053934,50.550592695396205
BYFC,Broadway Financial Corp/Del,PASSA_FASE0,,3,10.04,6636.713255079366,0.7194207541429937,1.2029135855523005,54.55879212678,2.0765564006016923,13.155032118045515,31.720575444085192
ELWT,"Elauwit Connection, Inc. Common Stock",PASSA_FASE0,,0,8.48,35493.78782303175,0.32115507245477015,0.7399438499279527,66.52940201074304,16.438732355687378,8.731655275326542,77.61302044987532
SPCB,"SuperCom, Ltd",PASSA_FASE0,,0,10.28,92774.7995967619,1.1097079358778086,0.941296483763011,43.31987840602751,-6.543330530239344,2.30631106440394,82.52472737262936
OXLCI,Oxford Lane Capital Corp. 8.75% Notes due 2030,PASSA_FASE0,,2,25.6,4623.830530158731,4.054126330481338,0.7379319327870928,52.67093567366963,0.2539440234453405,1.3739920984415268,5.814860141988397
ADIL,"Adial Pharmaceuticals, Inc",PASSA_FASE0,,0,3.15,453646.840484873,0.18931384807002477,0.08540897490080056,68.69431222619878,11.900532859680268,1.0,54.316177587349266
BCAB,"BioAtla, Inc. Common Stock",PASSA_FASE0,,0,3.22,49185.974889793644,0.35787914411456834,1.0056009333102296,39.16108748866229,-15.257582735706299,7.727664989984549,92.88228976469051
BLIN,Bridgeline Digital Inc.,PASSA_FASE0,,0,1.15,87532.34190782538,0.7233573747138536,1.5449578039372682,46.579625129330964,-6.179889863348986,12.460833831572566,65.46714837671148
PIII,P3 Health Partners Inc. Common Stock,PASSA_FASE0,,0,10.5,1270736.673660873,0.02490002964882107,0.02099035212111018,50.64386899625672,1.439474446913347,3.2170936382822237,72.85099067496047
SSM,Sono Group N.V. Ordinary Shares,PASSA_FASE0,,3,3.8,45319.478074095234,0.07318766250081572,0.192778997748297,42.48069235527114,-6.2480725343859955,12.813632071179207,62.571937777215624
NBRG,Newbridge Acquisition Limited Class A Ordinary Share,QUARENTENA,INTERRUPCAO,41,9.97,,,,,,,
ADAMZ,"Adamas Trust, Inc. 7.000% Series G Cumulative Redeemable Preferred Stock, $0.01 par value per share",PASSA_FASE0,,0,19.08,6640.325365079366,0.19379628696622145,0.9746354958802004,58.84989860951757,1.1164678343110301,14.069999589702274,11.691953893470078
CHAR,Charlton Aria Acquisition Corporation Class A Ordinary Shares,QUARENTENA,INTERRUPCAO,30,10.89,,,,,,,
BRID,Bridgford Foods Corp,QUARENTENA,ILIQUIDEZ,6,6.39,,,,,,,
CLPS,CLPS Incorporation Common Stock,PASSA_FASE0,,0,0.8699,38165.71987482541,0.05087169864390988,1.4012085776384071,50.17269547993752,2.6230881303344944,392.58838856741113,77.39381560645197
RGS,Regis Corporation,PASSA_FASE0,,0,27.38,7256.710286984125,1.083974467481343,0.8713095846048666,44.759166523141744,-2.799208832420763,1.688660479425877,34.073418064359245
FSHP,Flag Ship Acquisition Corp. Ordinary Shares,QUARENTENA,INTERRUPCAO,45,11.185,,,,,,,
TOPP,Toppoint Holdings Inc.,PASSA_FASE0,,1,0.5881,262519.4920254445,0.16708198793767542,0.3856357213674545,33.628985776697874,-21.56653541075544,13.955460093220054,104.07152292139779
LCCC,Lakeshore Acquisition III Corp. Ordinary Shares,QUARENTENA,INTERRUPCAO,28,10.48,,,,,,,
AEMD,AETHLON MEDICAL INC,PASSA_FASE0,,0,0.5314,639738.077150746,0.031985333882476305,0.21219085460019144,21.424034920944422,-18.801427163474404,22.198869523887538,71.04698075975382
EVAC,EQV Ventures Acquisition Corp. II,PASSA_FASE0,,0,10.24,96648.36776404761,0.30124668086562906,0.6948666158072677,64.47168002312084,0.3380530106315227,11.307436029538037,2.516582652611738
SHPH,"Shuttle Pharmaceuticals Holdings, Inc. Common Stock",PASSA_FASE0,,0,2.78,2128429.74423146,0.09743170479083872,1.9332026417057016,38.60082211633139,-14.197530864197528,254.3305752099983,162.40802822335382
UG,"United-Guardian, Inc.",PASSA_FASE0,,1,7.13,6966.182247142857,2.5218170025920856,1.4162719301374138,44.26875077599974,-4.197248862090397,2.5939166166692478,54.41902602396441
FERA,Fifth Era Acquisition Corp I Class A Ordinary Shares,PASSA_FASE0,,3,10.44,78792.319241,0.5948676273462252,1.14027594115606,55.02819585852864,-0.0006226014876320463,7.604830278850462,1.6409557908473853
DXR,Daxor Corporation Common Stock,QUARENTENA,ILIQUIDEZ,5,10.53,,,,,,,
HCMA,HCM III Acquisition Corp. Class A Ordinary Share,QUARENTENA,INTERRUPCAO,16,10.3,,,,,,,
GIW,GigCapital8 Corp. Class A Ordinary Shares,QUARENTENA,ILIQUIDEZ,5,10.12,,,,,,,
BGSF,"BGSF, Inc.",PASSA_FASE0,,0,5.36,11743.235967571429,0.6671797903606542,0.7222480766989162,43.18493685002029,-4.396682422188536,5.1639624743785975,30.763873076936637
ADAMI,"Adamas Trust, Inc. 9.125% Senior Notes Due 2029",PASSA_FASE0,,1,25.11,6352.8725952380955,0.6511850250390477,0.878191502562457,47.4216257357549,0.008861796794001897,4.055576264858517,3.2448763425332663
OBTC,Osprey Bitcoin Trust Common Units of Beneficial Interest,PASSA_FASE0,,0,20.4028,10646.024306650794,0.05759302086291131,1.1707848121869637,46.497748488042596,-0.5065908995042223,94.11810074327634,29.861332470814855
RAY,Raytech Holding Limited Ordinary Shares,PASSA_FASE0,,2,2.72,13061.630906984126,0.08643637291850878,0.5509111174931736,45.59229475370365,-6.4364498824435845,22.232838795394155,150.88791917505947
WSBK,"Winchester Bancorp, Inc. Common Stock",PASSA_FASE0,,1,13.005,6735.379011539683,0.16271158581014666,0.5127267344915997,49.66912538894749,-0.327489915870427,13.461637401564815,6.500403489852601
WVVI,Willamette Valley Vineyards,PASSA_FASE0,,0,2.5408,7426.883975222223,0.2840162855697346,0.9829891722701317,41.27459946017716,-6.503848142349078,6.959161125480951,54.029735084945806
PLSM,Pulsenmore Ltd. Ordinary Shares,QUARENTENA,INTERRUPCAO,4,3.41,,,,,,,
GCL,GCL Global Holdings Ltd Ordinary Shares,PASSA_FASE0,,0,0.475,2750684.2084840476,0.057770717376378754,0.03805182141474712,54.15165984948404,7.731736635594566,1.826702830154365,86.53825286662641
TGE,The Generation Essentials Group,PASSA_FASE0,,0,0.8594,346729.35034558724,0.052478972379649824,0.15290534166189818,35.70169076590041,-10.186336701955323,8.282974280061552,46.070144671177566
CEPF,"Cantor Equity Partners IV, Inc. Class A Ordinary Shares",PASSA_FASE0,,1,10.43,56303.718277380955,0.4080014731323456,0.9660462843179763,52.61158594717668,-0.06103654814845205,12.008532126066516,3.2853381115522757
STKS,"The ONE Group Hospitality, Inc. Common Stock",PASSA_FASE0,,0,1.77,25394.351384841273,0.5525019684643423,0.6300420491562796,42.38517645365355,-5.6251666222340795,1.967604243900643,43.11779838103257
NYAX,Nayax Ltd. Ordinary Shares,PASSA_FASE0,,0,68.02,20472.852314936506,0.42648531653939586,0.5995584314670551,52.65766300450165,1.5273128920432866,5.505336978870065,47.641430862114085
CLRB,Cellectar Biosciences INC NEW,PASSA_FASE0,,0,2.48,1054428.4261913016,0.08058833002723252,0.09445671048290791,43.58825768085437,-4.980842911877392,9.278835286665457,38.55175028521487
PFAI,Pinnacle Food Group Limited Class A Common Shares,QUARENTENA,ILIQUIDEZ,7,3.11,,,,,,,
PMEC,Primech Holdings Ltd. Ordinary Shares,PASSA_FASE0,,0,0.42,271999.9574998254,0.0522794199333988,0.07035526113073853,30.877959622099922,-24.109650352379674,4.45126582278481,81.7015562180547
LEE,"Lee Enterprises, Inc.",PASSA_FASE0,,0,7.89,75690.86892280952,1.8609808927104539,0.8500302436858567,42.611258320081575,-3.492141153446271,1.1951866905259712,51.07975832440962
JL,J-Long Group Limited Class A Ordinary Shares,PASSA_FASE0,,0,5.67,40864.34326853968,0.08273716716262361,0.47642044977725956,39.66293916141109,-4.714690238717445,21.44631765749778,35.24775504928556
SWKHL,SWK Holdings Corporation 9.00% Senior Notes due 2027,QUARENTENA,ILIQUIDEZ,5,25.35,,,,,,,
NOEM,CO2 Energy Transition Corp. Common Stock,QUARENTENA,INTERRUPCAO,19,11.06,,,,,,,
ESLA,"Estrella Immunopharma, Inc. Common Stock",PASSA_FASE0,,0,0.7791,40985.18387631746,0.24328303686741687,1.2319123535255094,38.090112064371034,-8.072418073569098,25.426637248019254,81.30970729349303
AFBI,"Affinity Bancshares, Inc. Common Stock (MD)",PASSA_FASE0,,0,22.985,11420.18723936508,0.5297028302783168,1.428791688178763,86.94155403954574,1.0052183466080722,21.846985116301212,1.9286067286358015
DUO,Fangdd Network Group Ltd. Class A Ordinary Shares,PASSA_FASE0,,0,0.6097,261580.23090798414,0.04015971561587669,1.2516894142412287,40.49900342056992,-1.7476573012432772,403.4265454891322,84.795314360437
FLNT,"Fluent, Inc. Common Stock",PASSA_FASE0,,0,3.56,91560.49061723809,0.18604099088120232,0.2479598709257642,54.133670492443656,-2.612501709752424,6.279565018546079,54.21922564238564
PERF,Perfect Corp.,PASSA_FASE0,,0,1.93,201268.117705873,0.7862603981931227,2.3125427244534142,74.13286396577934,3.5407725321888295,27.297129971394888,35.47338280107543
PASG,"Passage Bio, Inc. Common Stock",PASSA_FASE0,,0,4.52,86269.16060526982,0.11421472089063202,0.565942054342506,38.61617666772765,-4.641350210970474,9.683642112460813,58.42673513679759
NXTS,Nexentis Technologies Inc. Common Stock,PASSA_FASE0,,0,1.48,1297498.9532710318,0.03940357510586783,0.08040369401894078,32.26357144247619,-46.8199784405318,11.941116732630539,81.79577874144834
PLBL,Polibeli Group Ltd Class A Ordinary Shares,PASSA_FASE0,,1,5.58,182755.78917220637,2.1397229150017574,2.21454182476973,35.00171096600532,-29.371558762103657,3.8254687891043786,179.2252034636261
BGSI,Boyd Group Services Inc.,PASSA_FASE0,,0,110.24,48926.427342587296,0.9471499518147618,0.7330106312255311,65.32471398253608,9.167430000247556,2.6256344090784736,33.565282569542596
ADAML,"Adamas Trust, Inc. 6.875% Series F Fixed-to-Floating Rate Cumulative Redeemable Preferred Stock, $0.01 par value per share",PASSA_FASE0,,0,24.45,9575.076020634924,0.3021329432544984,0.9659330223664067,56.23109911658442,0.23168071310843974,9.582946539027917,3.2940687623547626
PMTR,Perimeter Acquisition Corp. I Class A Ordinary Shares,QUARENTENA,ILIQUIDEZ,4,10.4,,,,,,,
BLZR,Trailblazer Acquisition Corp. Class A Ordinary Shares,PASSA_FASE0,,1,10.145,42863.27,0.41578722295335846,1.021946074109605,55.57215205101214,0.058683998993980246,6.703007518796993,1.9899848841303438
PTLE,PTL LTD Class A Ordinary Shares,PASSA_FASE0,,0,10.08,31839.712999190477,0.1600364521228427,1.7344699912324617,70.75581314508892,7.9951787866612944,70.12068328375084,74.79822579456618
GPAT,GP-Act III Acquisition Corp. Class A Ordinary Share,QUARENTENA,INTERRUPCAO,28,10.91,,,,,,,
WTG,Wintergreen Acquisition Corp. Ordinary Shares,QUARENTENA,INTERRUPCAO,42,10.47,,,,,,,
DLHC,DLH Holdings Corp.,PASSA_FASE0,,0,5.4,53284.09028785716,0.14951644479544685,0.47635656613592076,53.36931805910643,2.857142857142869,7.401421728488351,37.24111069910146
SPHL,Springview Holdings Ltd Class A Ordinary Shares,PASSA_FASE0,,0,2.58,1001116.2121611905,0.016785556329892225,0.8938652304700343,44.526505462664964,-6.43699002719853,703.479377041758,84.25799574370969
LHAI,Linkhome Holdings Inc. Common stock,PASSA_FASE0,,0,0.8002,8081363.773521507,0.028528628123064458,3.078809849274171,43.19719358353433,-34.24220759477029,1467.7671387358396,552.5195002514433
BUDA,"Buda Juice, Inc.",PASSA_FASE0,,0,7.97,15974.91994452381,0.7524681136271145,1.534574983682696,38.83005542246377,-15.553561239826298,13.356841690106814,82.34371097469467
ZKIN,"ZK International Group Co., Ltd Ordinary Share",PASSA_FASE0,,0,1.25,26824.651506746028,0.25390823803571605,0.39693630814447883,40.660434890887224,-8.802060343852725,10.08530318602261,72.77459574197364
ADAMH,"Adamas Trust, Inc. 9.875% Senior Notes Due 2030",PASSA_FASE0,,0,25.3,18021.393376190477,0.6279372390234201,1.497128465973442,45.41933890434802,-0.029102200090747044,5.064839809888458,3.6559263031086386
CELU,Celularity Inc. Class A Common Stock,PASSA_FASE0,,0,0.6701,152265.9006907302,1.5590603202891125,0.6062657850111806,38.391256956749515,-9.860708496714432,4.08878557374173,110.51680655508416
ELUT,Elutia Inc. Class A Common Stock,PASSA_FASE0,,0,0.88,114047.34304985714,0.246078255665555,0.804650533843059,38.52446419109792,-6.312214545028683,29.643305534795573,41.46246526111808
RGNT,Regentis Biomaterials Ltd.,PASSA_FASE0,,0,1.78,5311979.111077397,0.010044293495193791,0.03239795864479492,38.085428212469694,-36.223575779290584,13.994218694114926,175.32832928439382
MSGY,Masonglory Limited Ordinary Shares,PASSA_FASE0,,0,0.3571,863140.0251013649,0.11859489425018685,0.22150406525760089,36.06363974639239,-15.33801965409738,12.432837660837794,87.3370433512319
OXBR,Oxbridge Re Holdings Limited,PASSA_FASE0,,0,1.38,119258.53042658728,0.07333327493401903,0.42813038411185367,49.62217863511142,-8.488063660477463,14.637680420113453,107.11718403943846
RMCF,"Rocky Mountain Chocolate Factory, Inc. Common Stock",PASSA_FASE0,,0,0.8652,89874.94095103175,0.41728516265099663,0.8156831180622702,31.42998283439259,-13.677678117111814,7.925390160692485,91.02401762152924
ACFN,"Acorn Energy, Inc. Common Stock",PASSA_FASE0,,0,18.754,9971.633041476192,0.6316585933117681,1.069985058998972,51.38673120314597,0.34809348521280814,6.104449564310244,47.56914959083514
DNMX,Dynamix Corporation III Class A Ordinary Shares,QUARENTENA,ILIQUIDEZ,4,10.02,,,,,,,
YMAT,"J-Star Holding Co., Ltd. Class A Ordinary Shares",PASSA_FASE0,,0,1.73,2737154.5804930474,0.18323224365123647,0.17602517295247583,40.008388003659114,-22.030804592520813,9.421367492182004,165.9176214232036
VIVS,"VivoSim Labs, Inc. Common Stock",PASSA_FASE0,,0,0.3449,3363082.92194673,0.32392602104274115,3.100958653107643,16.23213638404357,-48.83927909219017,105.98005473386215,139.2139343602654
ALUB,Alussa Energy Acquisition Corp. II,QUARENTENA,INTERRUPCAO,32,10.1,,,,,,,
TGHL,The GrowHub Limited Class A Ordinary Shares,PASSA_FASE0,,0,0.6257,7125235.925209143,0.03202534126283013,1.9538953439125606,48.78760929215739,-10.041765809545034,610.8672431981558,316.12056232379325
NNNN,Anbio Biotechnology Class A Ordinary Shares,PASSA_FASE0,,0,11.59,36199.6323475873,1.4700405200813254,1.0220834994341037,44.84088735312216,11.145740931648728,1.5758515760778449,97.06562054898437
PCAP,ProCap Acquisition Corp Class A Ordinary Shares,QUARENTENA,INTERRUPCAO,12,10.32,,,,,,,
CINT,CI&T Inc,PASSA_FASE0,,0,3.29,173724.21368692064,0.3001085303512024,1.0197328859326849,46.34499562963319,-0.5892128720350498,10.519966614773567,73.50633331024324
ONBPO,"Old National Bancorp Depositary Shares, Each Representing a 1/40th Interest in a Share of Series C Preferred Stock",PASSA_FASE0,,0,25.025,6038.979728031748,0.2705297208428402,1.1159088977346823,53.068291796327536,0.18780459194438492,12.067968355722375,5.091394564725733
CCXI,Churchill Capital Corp XI Class A Ordinary Shares,QUARENTENA,INTERRUPCAO,11,13.52,,,,,,,
TWLV,Twelve Seas Investment Company III Class A Ordinary Shares,QUARENTENA,INTERRUPCAO,46,9.99,,,,,,,
MCHX,"Marchex, Inc. Class B",PASSA_FASE0,,0,1.757,21790.71306114286,0.20114073310504713,0.9148607013277996,54.06364589300095,0.16532694829256567,27.337293621492126,52.02044199757988
AKA,a.k.a. Brands Holding Corp.,PASSA_FASE0,,3,11.0,4415.7063583174595,0.8825748484518722,0.6141998909396268,58.60267069677541,-0.32954676220532386,1.9507005528445474,27.827584253891064
IDAI,T Stamp Inc. Class A Common Stock,PASSA_FASE0,,0,2.21,72610.12713120636,0.5992914349450064,0.7292362935747181,55.05892930945227,2.3859161454714117,7.577192502267941,76.23502051844004
OXLCG,Oxford Lane Capital Corp. 7.95% Notes due 2032,PASSA_FASE0,,1,25.15,6333.567006349209,0.2379798932400993,0.5143266727476684,52.69752374458302,0.2252977020112512,5.286581705524774,4.759842957029938
ELOG,Eastern International Ltd. Ordinary Shares,PASSA_FASE0,,0,0.9,210638.51170861904,0.007975749478917613,0.03781805779571525,51.427826958223015,4.580631667015278,14.643452380952382,76.33890601284531
MBINM,"Merchants Bancorp Depositary Shares, Each Representing a 1/40th Interest in a Share of 8.25% Fixed-Rate Reset Series D Non-Cumulative Perpetual Preferred Stock",PASSA_FASE0,,0,25.53,7439.924007936507,0.8035460971943599,1.008935422860849,54.48264639740118,0.34687079308615143,2.337277957548589,7.356152236399334
SNT,Senstar Technologies Corporation Common Shares,PASSA_FASE0,,0,1.68,28442.02615590476,0.5366326757572196,0.7306522878060033,30.889172891059474,-6.2761506276150625,3.9522458761922676,42.7721752748511
CHMG,Chemung Financial Corp,PASSA_FASE0,,0,81.84,52165.80807830159,1.0336584751081188,1.2847202087141898,68.34699242188586,6.9066754623446025,1.8376008454876958,37.229211680503994
ATLCZ,Atlanticus Holdings Corporation 9.25% Senior Notes due 2029,PASSA_FASE0,,0,25.5,15584.628996825395,0.6999845811037385,1.1407278334069653,56.72865084082909,0.6087222238551959,4.603905032541937,5.216684083379483
METCZ,"Ramaco Resources, Inc. 8.375% Senior Notes due 2029",PASSA_FASE0,,0,25.31,5004.025847142857,0.9274211688274502,0.8822488831708796,45.315933860791404,-0.33567307580611994,3.299152987298957,6.203506910970826
WLII,Willow Lane Acquisition Corp. II Class A Ordinary Shares,QUARENTENA,INTERRUPCAO,24,10.25,,,,,,,
VEEA,Veea Inc. Common Stock,PASSA_FASE0,,0,0.1559,1399707.2803173652,0.29710830198561816,0.9740935774422825,25.308289227574036,-19.109635241010725,12.980029981510906,84.62615185532476
BGIN,Bgin Blockchain Limited Class A Ordinary Shares,PASSA_FASE0,,0,1.8,16085.579489412696,0.5486280432612635,0.5618779161639015,40.55827103412081,-5.86291024812966,11.110821529745042,88.13410860570563
ZTG,Zenta Group Company Limited Class A Ordinary Shares,PASSA_FASE0,,2,2.72,365834.99144360324,1.5026358398107027,0.23313717171255935,50.92332732616787,-1.6985905312612792,1.0,126.5815484556279
WENN,Wen Acquisition Corp Class A Ordinary Shares,QUARENTENA,INTERRUPCAO,12,10.33,,,,,,,
FKWL,Franklin Wireless Corp. Common Stock,PASSA_FASE0,,0,2.31,34157.754162777775,0.3832219161019776,0.8413300660927577,30.100764621450764,-3.0226700251889227,7.160427807486631,24.379852354111726
RMTI,"Rockwell Medical, Inc. (DE) Common Stock",PASSA_FASE0,,0,6.88,35964.895663111114,0.5855069571242688,1.1907719367632215,60.632569686175486,13.470498495031546,4.801390550691475,61.700994224830076
LGHL,Lion Group Holding Ltd. American Depositary Share,PASSA_FASE0,,0,1.08,2073901.247638794,4.659271502308271,2.970340631541153,25.47790739287693,-46.42764135290046,5.495076416091382,199.84890357039825
MKC.V,"McCormick & Company, Incorporated Voting CS",PASSA_FASE0,,1,51.71,4924.653773317461,0.6543644179536243,0.7687914675267749,53.89864836509226,0.003384372899883914,4.334099655666801,35.8814876484785
FSI,"Flexible Solutions International, Inc.",PASSA_FASE0,,0,5.07,20794.13283939683,1.520318853600101,1.004599087028144,28.428002816480216,-11.28220832057395,3.66629609941853,50.42657908705872
GEG,"Great Elm Group, Inc. Common Stock",PASSA_FASE0,,0,2.19,10029.80454879365,0.12940364826512057,0.45146226012396423,49.05777329564972,0.5740528128588052,16.198475868547902,28.625286567572587
MDIA,Mediaco Holding Inc. Class A Common Stock,PASSA_FASE0,,0,0.985,112242.65976109524,0.038433012093457425,0.3895397184797019,52.99814655533058,-1.8709278925660877,49.54160825077799,57.22161059240803
NAII,Natural Alternatives International Inc.,PASSA_FASE0,,0,2.22,20323.32242898412,0.6176354896627718,0.60755681678752,40.5570676153272,-2.993227004588128,2.8620335806240544,46.14544498944408
LANDO,Gladstone Land Corporation 6.00% Series B Cumulative Redeemable Preferred Stock,PASSA_FASE0,,0,21.55,15007.226783492062,1.7946284605777807,1.1720392843898348,69.92468901080242,3.0581489465233425,1.0271634425637797,7.8466123974636774
GECCI,Great Elm Capital Corp. 8.50% NOTES DUE 2029,QUARENTENA,INTERRUPCAO,21,25.19,,,,,,,
MEGL,Magic Empire Global Limited Class A Ordinary Shares,PASSA_FASE0,,0,1.135,40915.997691127,0.3332926182796541,0.7715375560522101,44.693838899909935,-4.742721420718232,8.667888831854514,54.8602326901902
AURE,Aurelion Inc. Class A Ordinary Shares,PASSA_FASE0,,1,1.7521,56933.65145555556,0.04982993234176563,1.756135520018428,42.79936621810574,-1.1238618183254778,531.2327568449066,127.56973542049094
PTOR,Praetorian Acquisition Corp. Class A Ordinary Shares,QUARENTENA,ILIQUIDEZ,5,9.95,,,,,,,
APXT,Apex Treasury Corporation Class A Ordinary Share,PASSA_FASE0,,0,10.12,213294.68554695236,1.1056159200370173,1.7157886192140483,61.37751801414513,0.3102480993586898,19.950552934242776,3.4557963381965617
TCBS,"Texas Community Bancshares, Inc. Common Stock",QUARENTENA,ILIQUIDEZ,10,17.55,,,,,,,
SFWL,Shengfeng Development Limited Class A Ordinary Shares,PASSA_FASE0,,3,0.8008,22121.30798173016,0.6672736840511866,0.9594202526531639,49.22060507769088,0.7403307271846682,15.966698811203257,119.19712072514199
AWX,Avalon Holdings Corp.,PASSA_FASE0,,0,2.5415,7343.07358,0.2986923222414448,0.7452866545972973,48.7235437238917,-1.0037900181905313,8.084222468799238,25.08248818518638
CCEL,Cryo-Cell International Inc.,PASSA_FASE0,,1,3.37,9407.928633809524,1.5261534242937895,1.2978940680118278,46.51926646960721,-2.4678245115432373,5.227276993204285,48.71194619909275
CUB,Lionheart Holdings Class A Ordinary Shares,QUARENTENA,ILIQUIDEZ,4,10.82,,,,,,,
EVOX,Evolution Global Acquisition Corp Class A Ordinary Shares,QUARENTENA,INTERRUPCAO,20,10.06,,,,,,,
BOLT,"Bolt Biotherapeutics, Inc. Common Stock",PASSA_FASE0,,0,3.85,24855.96261063492,0.3024108400365828,0.6165459360581387,42.72710007621421,-4.489371651701246,5.264275459953924,65.54216824752392
NDLS,Noodles & Company Class A,PASSA_FASE0,,0,15.94,52874.89478892064,1.6477733988844983,1.0910652578553843,64.15875169663447,22.436439050618297,4.788790920484539,113.42690556419419
UONE,"Urban One, Inc. Class A Common Stock",PASSA_FASE0,,0,5.1202,107338.52945304762,0.16378755782833987,0.0774554490956271,47.34355827636026,1.604171958343903,1.368627081994319,46.76914563090223
INBKZ,First Internet Bancorp 6.0% Fixed-to-Floating Rate Subordinated Notes Due 2029,QUARENTENA,ILIQUIDEZ,6,25.22,,,,,,,
XCBE,X3 Acquisition Corp. Ltd. Class A Ordinary Shares,QUARENTENA,INTERRUPCAO,29,9.95,,,,,,,
NEWTI,"NewtekOne, Inc. 8.00% Fixed Rate Senior Notes due 2028",QUARENTENA,ILIQUIDEZ,11,25.4,,,,,,,
CCII,Cohen Circle Acquisition Corp. II Class A Ordinary Shares,QUARENTENA,INTERRUPCAO,6,10.34,,,,,,,
JSM,"Navient Corporation 6% Senior Notes due December 15, 2043",PASSA_FASE0,,0,17.46,11710.604074603176,0.6047270452391219,1.1819661190679471,39.450899429096545,-1.4428796290729684,4.425931895913973,13.23786256015636
EMIS,Emmis Acquisition Corp. Class A Ordinary Shares,QUARENTENA,INTERRUPCAO,57,10.2,,,,,,,
OPHC,"OptimumBank Holdings, Inc.",PASSA_FASE0,,0,7.19,36693.355988841264,8.812299335997889,1.2816981840868449,85.94126789846452,17.57491517108869,1.0,36.833986614211504
XCUR,"Exicure, Inc. Common Stock",PASSA_FASE0,,0,1.73,395312.24329722225,0.06768618997687395,3.004273464016173,39.279490652468894,-3.0540767722050943,464.4580676208489,95.26611615894531
THCH,TH International Limited Ordinary shares,PASSA_FASE0,,3,1.8,7387.419553492065,1.8457053780781514,0.921769480769658,52.261107553370834,2.084508959333542,2.2045691375137517,101.57546533907853
ANTA,Antalpha Platform Holding Company Class A Ordinary Shares,PASSA_FASE0,,2,3.35,3609.4181601746027,0.5984597935572827,1.4291531304315443,20.946601192827288,-22.273601562880675,15.304985839334622,64.01430386101146
CEPS,"Cantor Equity Partners VI, Inc. Class A Ordinary Shares",QUARENTENA,INTERRUPCAO,25,10.4,,,,,,,
DSWL,Deswell Industries Inc,PASSA_FASE0,,0,3.23,12627.770025936506,3.00076024152885,1.1817976508083612,37.707658129014064,-7.865649290451415,1.6916952346450826,56.42212828985894
HURC,Hurco Cos Inc,PASSA_FASE0,,0,20.35,34983.02353279365,0.6888936365780007,1.2103407218892475,38.53142401543862,-7.270283201567507,6.014285769674938,31.946489387866674
DCX,Digital Currency X Technology Inc. Class A Ordinary Shares,PASSA_FASE0,,0,1.08,581768.9181886667,18.655199029598872,2.3658416409020746,48.15701902238348,18.92570446962438,1.5823884059950795,148.87373020537711
PRPO,"Precipio, Inc. Common Stock",PASSA_FASE0,,0,21.85,56357.81117404762,2.0859271953793472,1.788322559119564,39.70196191322459,-9.55938657670895,2.168442381490558,64.625340458205
LEDS,SemiLEDS Corporation,PASSA_FASE0,,0,1.78,910481.2268223173,0.08902834489284729,3.0396546491318195,43.55730119556561,-13.022233080869771,547.5203875289752,194.058171672433
SGA,"Saga Communications, Inc. Class A Common Stock (FL)",PASSA_FASE0,,0,8.62,17338.500317761904,0.29475123028746936,0.8229036759300147,41.71025932843026,-3.3008946349945334,15.041227663362593,27.961349601804454
IBAC,IB Acquisition Corp. Common Stock,QUARENTENA,INTERRUPCAO,24,10.8,,,,,,,
LEGO,Legato Merger Corp. IV,QUARENTENA,ILIQUIDEZ,14,9.98,,,,,,,
GMHS,Gamehaus Holdings Inc. Class A Ordinary Shares,PASSA_FASE0,,0,0.8681,1030405.5863301588,0.033352554912283214,0.02980060524008172,45.04967149247355,-3.3134710697777847,2.835732713603998,49.17459042812
BEAG,Bold Eagle Acquisition Corp. Class A Ordinary Shares,QUARENTENA,ILIQUIDEZ,6,10.67,,,,,,,
BHM,"Bluerock Homes Trust, Inc.",PASSA_FASE0,,3,8.5,10117.932252285715,0.10263558206425075,0.9538733999449064,40.62409132909774,-3.040534759968294,124.26804099524057,28.672794174920103
WCT,Wellchange Holdings Company Limited Class A Ordinary shares,PASSA_FASE0,,0,0.8105,3049952.87233392,0.03403204418059481,0.07360832508105414,38.47167027272256,-21.556292191923355,22.384720123156345,163.524961028776
NWAX,New America Acquisition I Corp.,PASSA_FASE0,,0,10.14,42274.05994625397,0.7986694451142217,1.0343795948530565,52.5276204122092,0.03482474668201618,5.50122915617688,1.6855368752910767
EBON,Ebang International Holdings Inc. Class A Ordinary Shares,PASSA_FASE0,,2,2.0,9776.075751460317,0.488979435259177,0.5639488022508885,44.566320963322525,-4.410727983998375,4.364587818546953,74.75692507432512
CABR,"Caring Brands, Inc. Common Stock",PASSA_FASE0,,0,1.56,80996.63447434916,0.49952666135545765,0.871282148345918,65.21524168496694,12.615051434759073,4.1635998500681355,92.9552753696123
SLE,"Super League Enterprise, Inc. Common Stock",PASSA_FASE0,,0,2.76,775055.4488493494,0.008832874357781179,0.02136351446690936,41.81632479391135,-4.2665552088879455,7.581384963212064,63.55996189226667
PLUT,Plutus Financial Group Limited Ordinary Shares,QUARENTENA,ILIQUIDEZ,9,2.9821,,,,,,,
INTJ,Intelligent Group Limited Class A Ordinary Shares,QUARENTENA,ILIQUIDEZ,8,3.3006,,,,,,,
SAIH,SAIHEAT Limited Class A Ordinary Shares,QUARENTENA,ILIQUIDEZ,9,19.2,,,,,,,
HYNE,"Hoyne Bancorp, Inc. Common Stock",PASSA_FASE0,,0,16.35,18432.509039428573,0.4914865458967842,0.37507518677795415,42.57148937983778,-1.5505042902303146,1.5352238623557402,10.75150175285377
AXIN,Axiom Intelligence Acquisition Corp 1 Class A Ordinary Shares,QUARENTENA,INTERRUPCAO,8,10.28,,,,,,,
TLF,"Tandy Leather Factory, Inc. Common Stock",PASSA_FASE0,,0,2.3879,34145.06370063492,0.2500428692959575,0.5661635441506156,51.96091174981304,0.2838976288668471,15.881626798281047,24.010935231946267
RILYT,"BRC Group Holdings, Inc. 6.00% Senior Notes Due 2028",PASSA_FASE0,,0,19.6,28463.657657492055,1.0196181548143712,0.7629249443486095,35.121260959610865,-3.2978962306844717,1.3931247428486484,16.05598642078614
VTVT,vTv Therapeutics Inc. Class A Common Stock,PASSA_FASE0,,0,31.48,58090.63986912698,3.708262018705792,1.4111823713585476,43.013076479745486,-3.86612105295302,1.0,41.36798014927064
FUND,"Sprott Focus Trust, Inc.",PASSA_FASE0,,0,9.915,27387.33440692064,0.8607390017862833,1.3311420847966,57.379394217735495,1.6584215517904122,4.226623266582442,8.44132172505204
WAFU,Wah Fu Education Group Limited Ordinary Shares,PASSA_FASE0,,1,1.54,17556.5500114127,0.08190675269715422,0.26852024725446966,44.29105602761809,-1.6684438711984328,7.199582753824756,29.659953907681274
ASPC,A SPAC III Acquisition Corp. Class A Ordinary Shares,PASSA_FASE0,,3,10.81,5546.206975777777,0.2728736654815817,0.6044515305940005,50.655852344990286,0.4084608757642716,17.841220359750285,23.085757772970247
ACAA,Averin Capital Acquisition Corp. Class A Ordinary Shares,QUARENTENA,ILIQUIDEZ,22,10.0,,,,,,,
HUHU,HUHUTECH International Group Inc. Ordinary Shares,PASSA_FASE0,,0,6.45,67294.0477325397,0.6355729972283811,0.5568825730664023,48.670516815340385,5.237395986294668,3.719259496509105,131.42772868122415
KRAQ,KRAKacquisition Corp Class A Ordinary Shares,QUARENTENA,INTERRUPCAO,14,9.99,,,,,,,
GIX,GigCapital9 Corp. Class A Ordinary Share,QUARENTENA,INTERRUPCAO,19,9.94,,,,,,,
MUZE,Muzero Acquisition Corp Class A Ordinary Shares,QUARENTENA,INTERRUPCAO,27,9.95,,,,,,,
JZXN,"Jiuzi Holdings, Inc. Ordinary Shares",PASSA_FASE0,,0,1.27,6214225.285700255,0.03571088694380884,1.6492932674512575,49.2183071585788,-3.4220532319391594,659.1162304740802,361.93561789694644
GEGGL,"Great Elm Group, Inc. 7.25% Notes due 2027",QUARENTENA,INTERRUPCAO,12,24.72,,,,,,,
TVGN,Tevogen Bio Holdings Inc. Common Stock,PASSA_FASE0,,0,5.94,26592.6267844127,0.4712971795379857,0.6162437113322545,51.02474715065888,18.350268977884056,2.9688984753886336,111.73141929151913
NMFCZ,New Mountain Finance Corporation 8.250% Notes due 2028,PASSA_FASE0,,0,25.5001,10363.970158730159,0.5137027527540007,1.1273921423015374,53.70089035473365,-0.07314225433713295,7.553906836964688,2.54592160028224
KPLT,"Katapult Holdings, Inc. Common Stock",PASSA_FASE0,,0,6.35,14080.965525190479,0.537971915807068,0.7011670451956769,38.38009540452856,-11.092442857642904,4.854933154450518,57.832959570978836
CLBR,Colombier Acquisition Corp. III,QUARENTENA,INTERRUPCAO,7,10.3,,,,,,,
GBLI,"Global Indemnity Group, LLC Class A Common Stock",QUARENTENA,ILIQUIDEZ,6,27.49,,,,,,,
MLCIL,Mount Logan Capital Inc. 8.00% Notes Due 2031,QUARENTENA,INTERRUPCAO,15,22.7,,,,,,,
MWG,Multi Ways Holdings Limited,QUARENTENA,ILIQUIDEZ,4,1.23,,,,,,,
PFX,PhenixFIN Corporation Common Stock,QUARENTENA,INTERRUPCAO,28,43.01,,,,,,,
CPHC,Canterbury Park Holding Corporation 'New' Common Stock,QUARENTENA,ILIQUIDEZ,5,15.58,,,,,,,
LSE,"Leishen Energy Holding Co., Ltd. Class A Ordinary Shares",PASSA_FASE0,,1,4.95,15133.546214158732,0.3628120365379426,0.6108652959608979,60.790556650778115,9.828058073527114,7.988332533016948,76.27049945146723
PW,Power REIT,PASSA_FASE0,,0,8.86,14687.236353317461,0.1294661111360478,0.558762117101515,44.56101867061263,-4.127041927635988,11.453687231137632,28.002548586060698
IRAB,Iris Acquisition Corp II,QUARENTENA,INTERRUPCAO,33,9.93,,,,,,,
METCI,"Ramaco Resources, Inc. 8.250% Senior Notes due 2030",PASSA_FASE0,,0,25.03,4374.481139682539,1.4233130058601295,0.8044033835417032,37.64439729624647,-0.8929729237463824,1.8521975462010805,6.96975797886142
COLA,Columbus Acquisition Corp Ordinary Shares,QUARENTENA,INTERRUPCAO,9,10.675,,,,,,,
GTEN,"Gores Holdings X, Inc. Class A ordinary shares",QUARENTENA,INTERRUPCAO,14,10.45,,,,,,,
KELYB,Kelly Services Inc,QUARENTENA,ILIQUIDEZ,8,22.99,,,,,,,
BPYPM,"Brookfield Property Partners L.P. 6.25% Class A Cumulative Redeemable Preferred Units, Series 1",PASSA_FASE0,,0,15.8,20196.442703492063,0.5704923203138048,1.8701535076976352,42.504140831380674,-0.7238987107301864,3.1680235397248784,15.99419028790383
RWAYI,Runway Growth Finance Corp. 7.25% Notes due 2031,PASSA_FASE0,,0,24.75,11755.781253968255,0.5601785927904255,0.4437350344741356,48.1311615023151,-0.3254223936759226,1.5663587148235543,8.144493613840138
MMTX,Miluna Acquisition Corp Class A Ordinary Share,QUARENTENA,INTERRUPCAO,33,10.1,,,,,,,
OMH,Ohmyhome Limited Class A Ordinary Shares,PASSA_FASE0,,0,0.1272,12530700.432222223,1.316618452838169,3.107776343784597,38.51622876583779,-65.52168108910288,18.473668812660136,684.2085508811573
LPCV,Launchpad Cadenza Acquisition Corp I Class A Ordinary Share,QUARENTENA,INTERRUPCAO,43,9.99,,,,,,,
PALO,Paloma Acquisition Corp I Class A Ordinary Shares,QUARENTENA,INTERRUPCAO,22,9.93,,,,,,,
SPPL,SIMPPLE LTD. Ordinary Shares,PASSA_FASE0,,0,3.32,1224029.1537256192,0.031308998918330166,0.09665261584081487,47.68238638047119,-2.2192115687631575,9.187009020136742,64.16130154568889
JBDI,JBDI Holdings Limited Ordinary Shares,PASSA_FASE0,,0,1.21,122478.04636714287,4.175273327001626,0.8851924693749433,50.384969576086036,-1.6260162601625994,1.0,120.47696379714436
DRDB,Roman DBDR Acquisition Corp. II Ordinary shares,QUARENTENA,SERIE_CURTA,2,10.61,,,,,,,
RILYN,"BRC Group Holdings, Inc. 6.50% Senior Notes Due 2026",PASSA_FASE0,,0,24.87,31554.227312666666,0.16045393695847476,0.5787568894982601,50.525875471911974,-0.04467243529882037,11.803081177167687,5.286523832905068
CVR,Chicago Rivet & Machine Co.,PASSA_FASE0,,2,10.5,3964.211719666666,0.21871513463789094,0.6738667190118248,55.37909061361072,3.564543642838447,16.686125593129027,39.71092686955183
MDRR,"Medalist Diversified, Inc. Common Stock",QUARENTENA,INTERRUPCAO,20,11.7159,,,,,,,
TMUSL,"T-Mobile US, Inc. 6.250% Senior Notes due 2069",PASSA_FASE0,,0,22.74,40117.724455634925,0.5732827400376044,1.2498858063659934,29.14623301031726,-1.3481123173866405,3.9552799691844776,6.378687080743091
BCSS,Bain Capital GSS Investment Corp.,QUARENTENA,ILIQUIDEZ,5,10.23,,,,,,,
FSEA,"First Seacoast Bancorp, Inc. Common Stock",PASSA_FASE0,,0,16.94,37270.28960706349,0.24377832305005956,0.236617273680338,64.07178153819281,0.26949646837102215,4.010636408883347,2.3389708619362826
ATHR,"Aether Holdings, Inc. Common Stock",PASSA_FASE0,,1,3.5,14099.744210682542,2.910704091561199,1.4815504138382365,40.12923575328303,-19.0342404197265,1.4931163125205584,89.01223255427762
AUBN,Auburn National Bancorporation,PASSA_FASE0,,2,26.29,3016.395156222223,0.8850202184197277,0.5834823592888494,49.94336112089701,-1.1728441470566286,1.9210228071502282,38.684868612842465
TACH,Titan Acquisition Corp. Class A Ordinary Shares,QUARENTENA,INTERRUPCAO,18,10.44,,,,,,,
APLM,Apollomics Inc. Class A Ordinary Shares,PASSA_FASE0,,1,17.48,17429.537187507933,0.5242457961849334,1.6696671032067103,47.474494129463984,-6.196806398365206,16.93008147045423,169.5123218284916
JYD,Jayud Global Logistics Limited Class A Ordinary Shares,PASSA_FASE0,,0,0.9906,641373.6727810475,0.01991974498205117,0.3001037131496173,54.560339348713505,22.4732020325656,171.91130019505323,78.08795464895752
AENT,Alliance Entertainment Holding Corporation Class A Common Stock,PASSA_FASE0,,0,5.85,22616.048565793648,0.08773874729828898,0.6142761900773483,48.04294747663362,-1.2491559756920956,17.918994076194295,30.032637992473393
FTRK,FAST TRACK GROUP Ordinary shares,PASSA_FASE0,,0,0.4283,3160080.9432741744,0.023737683099433107,3.116610769751034,46.32449931441778,-4.92680273920908,2063.408981843067,198.76751904912905
BMHL,Bluemount Holdings Limited Class B Ordinary Shares,QUARENTENA,ILIQUIDEZ,6,5.6,,,,,,,
SSAC,SPACSphere Acquisition Corp. Class A Ordinary Shares,QUARENTENA,ILIQUIDEZ,4,10.04,,,,,,,
ZJK,"ZJK Industrial Co., Ltd. Class A Ordinary Shares",PASSA_FASE0,,0,1.7,27391.380055904763,0.3589815474770246,0.45924583266801344,34.31300832036324,-11.835557756785409,4.229469791721753,71.67343811500645
USIO,"Usio, Inc. Common Stock",PASSA_FASE0,,0,1.97,133838.86992692063,1.5102713592125343,1.2239627638756694,46.24975802663858,-9.425287356321832,2.1169799338665176,75.26634528512214
ANGH,Anghami Inc. Ordinary Shares,PASSA_FASE0,,1,3.6834,27200.343164,2.222271494537678,1.5189962819525697,51.13058363675992,7.729631790682667,2.805476237006616,58.40071953330164
ADSE,ADS-TEC ENERGY PLC Ordinary Shares,PASSA_FASE0,,0,12.08,9344.428753190476,2.7348417291184925,1.8758882776825738,54.393779135025774,0.0,1.4084239603453348,19.019384177591085
BVC,BitVentures Limited Ordinary Shares,QUARENTENA,ILIQUIDEZ,7,10.46,,,,,,,
ANSC,Agriculture & Natural Solutions Acquisition Corporation Class A Ordinary Shares,QUARENTENA,ILIQUIDEZ,23,11.47,,,,,,,
GYRO,"Gyrodyne, LLC Common Stock",QUARENTENA,INTERRUPCAO,33,5.5,,,,,,,
CSBR,"Champions Oncology, Inc.",PASSA_FASE0,,0,5.46,8914.002886222223,1.2963536300690313,0.9925960280903396,36.96729607318625,-7.427109445401903,2.7235649938991147,47.99404185752337
CLRO,"ClearOne, Inc. Common Stock",QUARENTENA,ILIQUIDEZ,5,4.5,,,,,,,
HNNA,"Hennessy Advisors, Inc.",PASSA_FASE0,,1,9.8,6696.16513009524,1.4134162040692366,0.7424442187672408,42.417923492825146,-2.2182639909412827,1.6603736630403212,17.78402872391322
IMPPP,Imperial Petroleum Inc. 8.75% Series A Cumulative Redeemable Perpetual Preferred Shares,QUARENTENA,INTERRUPCAO,14,26.07,,,,,,,
MKZR,"MacKenzie Realty Capital, Inc. Common Stock",PASSA_FASE0,,0,1.26,25658.32057660317,0.5093296364032764,0.9442181416909144,25.147871432990755,-20.854519929271575,6.518676495101184,90.18438068936698
GOAI,Eva Live Inc. Common Stock,PASSA_FASE0,,0,1.93,300608.6860103492,0.4599609656496744,2.169277427008878,29.889293330894276,-17.114021902512356,80.58939278076481,61.0731797134599
TDAC,Translational Development Acquisition Corp. Ordinary Shares,QUARENTENA,INTERRUPCAO,16,10.82,,,,,,,
RFAI,RF Acquisition Corp II Ordinary Shares,QUARENTENA,INTERRUPCAO,41,11.1,,,,,,,
JATT,JATT II Acquisition Corp Ordinary Shares,QUARENTENA,INTERRUPCAO,19,11.5,,,,,,,
MGYR,"Magyar Bancorp, Inc.",PASSA_FASE0,,3,19.185,3230.3340249841276,0.38089153953856075,1.1138827274735712,73.5090976333456,8.057264436149225,10.386199232140198,25.760307164365955
JCTC,Jewett-Cameron Trading,PASSA_FASE0,,1,2.55,29812.312901460322,0.16933655623052024,0.7559774228384685,54.75877158028227,-0.9900990099009799,9.586939157355177,44.0043208517509
HWH,HWH International Inc. Common Stock,PASSA_FASE0,,0,1.41,637737.9664474287,0.05109527896154532,0.04175378497548656,56.52606695151623,9.620991253644306,2.717521165990438,79.63942075430373
BIXI,Bitcoin Infrastructure Acquisition Corp Ltd. Class A Ordinary Shares,QUARENTENA,INTERRUPCAO,26,10.01,,,,,,,
OFSSO,OFS Capital Corporation 7.50% Notes due 2028,QUARENTENA,INTERRUPCAO,41,25.55,,,,,,,
SANG,Sangoma Technologies Corporation Common Shares,QUARENTENA,ILIQUIDEZ,4,4.12,,,,,,,
PHOE,Phoenix Asia Holdings Limited Ordinary Shares,PASSA_FASE0,,3,21.01,77459.40653636507,0.9338790735252978,0.7988016908443718,49.38001730987574,-7.664586446339106,4.684958349457661,236.51197225190276
MDBH,"MDB Capital Holdings, LLC Class A common",QUARENTENA,INTERRUPCAO,7,3.05,,,,,,,
BGLC,BioNexus Gene Lab Corp Common stock,PASSA_FASE0,,1,1.36,98133.31915331745,0.9487705175296978,0.05911397571895836,26.300971567515063,-19.645969595452893,1.0,69.73211687001672
DRIO,DarioHealth Corp. Common Stock,PASSA_FASE0,,0,7.1,12447.970332650795,0.9711631436243667,1.6544758757441802,49.22470925488882,-0.19616373733035708,15.04590961319413,72.2422006130556
WHFCL,"WhiteHorse Finance, Inc. 7.875% Notes due 2028",QUARENTENA,ILIQUIDEZ,13,25.4,,,,,,,
INLF,INLIF LIMITED Class A Ordinary Shares,PASSA_FASE0,,0,4.27,1996264.3699689682,0.36774139933099725,2.5721347618383428,21.128420837057206,13.39795511884212,69.51214626355434,412.65382840178677
BYSI,BeyondSpring Inc. Ordinary Shares,PASSA_FASE0,,0,1.15,24132.90351192064,0.2744800266875481,1.2533937029192839,32.79232171485218,-16.651567312919003,12.452966004227052,73.53384970440703
KBON,Karbon Capital Partners Corp. Class A Ordinary Shares,QUARENTENA,INTERRUPCAO,18,10.1,,,,,,,
GSIW,Garden Stage Limited Class A Ordinary Shares,QUARENTENA,ILIQUIDEZ,8,23.16,,,,,,,
CAQ,Cambridge Acquisition Corp. Class A Ordinary Shares,QUARENTENA,INTERRUPCAO,30,9.94,,,,,,,
PARK,"Park Dental Partners, Inc. Common Stock",PASSA_FASE0,,0,17.66,27972.606257428568,0.27687515524025275,1.0213739307885426,39.26846044304197,-10.738204149713159,10.51334334686517,51.34743701298338
MLCI,Mount Logan Capital Inc. Common Stock,PASSA_FASE0,,0,3.12,29631.09643695238,0.8938208903728312,0.5493636221726071,43.221747831971406,-7.1082992184592575,1.9021635465923912,63.057998526156375
GDHG,Golden Heaven Group Holdings Ltd. Class A Ordinary Shares,PASSA_FASE0,,2,1.4,379294.31254907936,0.012620806169827761,0.23197895318418363,47.85054448449071,-1.4445414355306552,105.63987905264256,114.95323321907298
PMCB,"PharmaCyte Biotech, Inc. Common Stock",PASSA_FASE0,,0,0.5855,172778.1947479524,0.27461220189975566,0.5646460571625816,32.21380994356002,-11.016884755087442,3.5057607803890574,41.18901360049091
CAAS,"China Automotive Systems, Inc. Ordinary Share",PASSA_FASE0,,0,4.33,26242.492973555556,0.5942865565293503,0.4033666760115668,41.83523008414688,-1.6802906448682986,2.2219417209768477,14.271596212614751
RYOJ,"rYojbaba Co., Ltd. Common Shares",PASSA_FASE0,,0,4.55,1170184.2455222702,0.020275492371212633,0.11191632485117708,59.57024896696114,16.868939831760123,29.182816280931235,181.25678626615064
DGICB,Donegal Group Inc,QUARENTENA,INTERRUPCAO,15,21.9,,,,,,,
MBVI,M3-Brigade Acquisition VI Corp. Class A Ordinary Shares,QUARENTENA,ILIQUIDEZ,13,10.17,,,,,,,
OCCIN,"OFS Credit Company, Inc. 5.25% Series E Term Preferred Stock Due 2026",QUARENTENA,ILIQUIDEZ,9,24.8,,,,,,,
NTIP,"Network-1 Technologies, Inc.",PASSA_FASE0,,0,1.64,71198.61978041269,0.2800480607839731,0.6596269676602682,67.78892498919431,8.501488587495864,16.726590138858977,31.61957666365258
RDAG,Republic Digital Acquisition Company Class A Ordinary Shares,QUARENTENA,ILIQUIDEZ,13,10.36,,,,,,,
SVCC,Stellar V Capital Corp. Class A Ordinary Shares,QUARENTENA,INTERRUPCAO,40,10.62,,,,,,,
RWAYL,Runway Growth Finance Corp. 7.50% Notes due 2027,PASSA_FASE0,,2,25.36,3110.541368841269,1.113336744108328,0.9543719641336456,52.41954588786177,0.051524957253223924,2.5370710465828106,2.9639625991108467
GRAN,Grande Group Limited Class A Ordinary Shares,PASSA_FASE0,,2,1.49,483385.71971447614,0.004756036238219784,0.037874789025240864,52.15210656069512,1.6658876830753844,40.11089511352762,137.668862236174
AGNCL,"AGNC Investment Corp. Depositary Shares Each Representing a 1/1,000th Interest in a Share of 7.75% Series G Fixed-Rate Reset Cumulative Redeemable Preferred Stock",PASSA_FASE0,,0,24.94,11508.389922492062,0.27997176161913473,1.0680550996345055,53.08049802526246,0.36706012646894326,8.370441165525696,6.565206929787687
RDIB,"Reading International, Inc (Class B",QUARENTENA,INTERRUPCAO,34,8.45,,,,,,,
ARCI,Archimedes Tech SPAC Partners III Co. Ordinary Share,QUARENTENA,INTERRUPCAO,17,10.1,,,,,,,
CRD.B,Crawford & Company Class B,PASSA_FASE0,,0,10.4,5363.616751603176,1.09052758071346,0.7824323550700417,52.974248562573926,1.4733144697043787,4.687902356094162,32.62114069981907
DSAC,Daedalus Special Acquisition Corp. Class A Ordinary Shares,QUARENTENA,INTERRUPCAO,22,10.18,,,,,,,
BLRK,Bluerock Acquisition Corp. Class A Ordinary Shares,QUARENTENA,INTERRUPCAO,25,10.07,,,,,,,
APAC,StoneBridge Acquisition II Corporation Class A Ordinary Shares,QUARENTENA,INTERRUPCAO,37,10.18,,,,,,,
MTAL,Metals Acquisition Corp. II,QUARENTENA,INTERRUPCAO,17,10.15,,,,,,,
VNME,Vendome Acquisition Corporation I Class A Ordinary Shares,QUARENTENA,INTERRUPCAO,28,10.24,,,,,,,
WSTN,Westin Acquisition Corp Class A Ordinary Share,QUARENTENA,INTERRUPCAO,49,10.14,,,,,,,
GRNQ,Greenpro Capital Corp. Common Stock,PASSA_FASE0,,2,1.08,21111.809449920638,0.07204498556165766,0.29455550361048644,31.533267078161884,-18.378760339635047,19.002629761329118,72.87366335139154
OXSQG,Oxford Square Capital Corp. 5.50% Notes due 2028,QUARENTENA,ILIQUIDEZ,16,24.02,,,,,,,
UYSC,UY Scuti Acquisition Corp. Ordinary Shares,QUARENTENA,INTERRUPCAO,54,10.78,,,,,,,
UTSI,UTStarcom Holdings Corp Ordinary Shares (Cayman Islands),QUARENTENA,ILIQUIDEZ,4,2.32,,,,,,,
REFR,Research Frontiers Inc,PASSA_FASE0,,0,0.391,47493.26912098413,2.4904823456286227,1.2547052118332933,20.45233536833892,-23.730383981430002,1.0086319915965458,57.29329493643453
GIGM,GigaMedia Ltd,PASSA_FASE0,,0,1.33,6631.904544492064,0.1435485076139487,1.0408829186682307,40.83825825931352,-4.966398833873398,31.768907563025213,34.1085936195791
KXIN,Kaixin Holdings Ordinary Shares,PASSA_FASE0,,0,5.42,208108.6845654286,0.017893459409327322,0.2980090073879242,55.06003112855337,7.180182344734565,113.04158089957036,107.88092985113238
PETZ,"TDH Holdings, Inc. Common Shares",PASSA_FASE0,,2,1.16,436727.2209136984,0.008361708007025348,0.049863041345328145,47.356644962330535,-0.8330875532701842,65.83617900804963,94.89787772943417
LKSP,Lake Superior Acquisition Corp. Class A Ordinary Shares,QUARENTENA,ILIQUIDEZ,5,10.17,,,,,,,
GECCG,Great Elm Capital Corp. 7.75% Notes Due 2030,QUARENTENA,INTERRUPCAO,17,24.85,,,,,,,
IEAG,Infinite Eagle Acquisition Corp. Class A Ordinary Shares,QUARENTENA,INTERRUPCAO,22,10.22,,,,,,,
TMTS,Spartacus Acquisition Corp. II Class A Ordinary Shares,QUARENTENA,INTERRUPCAO,38,10.07,,,,,,,
HVII,Hennessy Capital Investment Corp. VII Ordinary Shares,PASSA_FASE0,,2,10.49,46650.46837338097,1.781300053300568,0.2858021519374021,65.29192472741398,0.24832724341470325,1.0,1.417230511607853
ELTK,Eltek Ltd,PASSA_FASE0,,2,8.66,8209.728855634921,0.20218822608991346,1.042302235740308,46.05920072829301,-2.806817888483737,68.2313347886897,64.63881815262914
RDAC,Rising Dragon Acquisition Corp. Ordinary Shares,QUARENTENA,ILIQUIDEZ,4,6.49,,,,,,,
RAND,Rand Capital Corp,QUARENTENA,ILIQUIDEZ,7,10.1,,,,,,,
UONEK,"Urban One, Inc. Class D Common Stock",PASSA_FASE0,,1,4.96,50561.818164761906,0.11732799662521659,2.5563162269712385,58.35093621480983,9.238950292974035,386.14777672736875,70.93988490432773
AVEX,AEVEX Corp.,PASSA_FASE0,,0,14.36,2311426.6884191586,0.4828985741461634,1.0456772849503178,39.900194101603134,-11.717693348088055,7.500055550060096,97.60817506990051
ARKR,Ark Restaurants Corp,QUARENTENA,INTERRUPCAO,14,5.76,,,,,,,
SBXD,SilverBox Corp IV,QUARENTENA,ILIQUIDEZ,8,10.845,,,,,,,
DHCNI,Diversified Healthcare Trust 5.625% Senior Notes due 2042,PASSA_FASE0,,0,17.4,22738.228352079357,0.6900128434397228,1.043835627804287,34.94405395354556,-3.922926308884467,4.204381627003797,19.439865349651893
SDHI,Siddhi Acquisition Corp Class A Common stock,QUARENTENA,INTERRUPCAO,33,10.47,,,,,,,
IFBD,"Infobird Co., Ltd Ordinary Shares",PASSA_FASE0,,2,1.1,81900.142692127,0.0958562189386109,0.13590154297093737,50.991625715922865,-1.9170753455193812,8.664455527056516,60.738070097386874
UAC,United Acquisition Corp. I,QUARENTENA,INTERRUPCAO,37,9.94,,,,,,,
MAYS,Mays (J.W.) Inc,QUARENTENA,INTERRUPCAO,42,39.0,,,,,,,
NCEW,New Century Logistics (BVI) Limited Ordinary Shares,QUARENTENA,INTERRUPCAO,14,18.0,,,,,,,
CHEC,Chenghe Acquisition III Co. Class A Ordinary Share,QUARENTENA,INTERRUPCAO,36,10.2,,,,,,,
COPL,Copley Acquisition Corp,QUARENTENA,ILIQUIDEZ,17,10.47,,,,,,,
ADAC,American Drive Acquisition Company Class A Ordinary Shares,QUARENTENA,INTERRUPCAO,30,10.09,,,,,,,
NEWTG,"NewtekOne, Inc. 8.50% Fixed Rate Senior Notes due 2029",PASSA_FASE0,,3,25.6501,3518.9469533492065,0.6231978001011871,0.9100086609581294,55.532755571906684,0.1520626461399166,3.8408572731418147,6.061419151596288
ALMR,"Alamar Biosciences, Inc. Common Stock",PASSA_FASE0,,0,24.37,288597.04329449206,1.0223506021817619,0.9329960635845462,47.44976773654991,-5.18985371926547,2.843990631331219,59.970458641956526
VRM,"Vroom, Inc. Common Stock",PASSA_FASE0,,0,6.99,24501.838202650797,0.1763982291145978,0.5226469323376957,40.04037713207916,-5.353421697220318,8.409396301372167,70.98048225100581
ARBB,ARB IOT Group Limited Ordinary Shares,PASSA_FASE0,,2,4.0792,39165.68197212699,0.15692309416120773,0.06655174966454044,39.14865579822548,-7.446252142710463,1.547130925154572,69.40813629887722
ATLCL,Atlanticus Holdings Corporation 6.125% Senior Notes due 2026,PASSA_FASE0,,0,25.03,6701.9002634920635,0.9492894179068282,1.0871682229725603,40.93970274606084,-0.4797686263961376,4.611261351110014,6.0965740969552265
MTEX,Mannatech Inc.,PASSA_FASE0,,2,4.82,30704.57865230158,0.12467106434997634,0.27012827693951363,49.46133763162286,0.7524030597794162,4.646055449811602,96.4233375131294
LSBK,"Lake Shore Bancorp, Inc.",PASSA_FASE0,,0,17.125,9794.164309031745,0.9538314658847654,0.8504628494866926,55.06537963203567,0.27961176418920264,4.439715090012857,17.33657719297109
PAAC,Proem Acquisition Corp I Ordinary Shares,QUARENTENA,INTERRUPCAO,38,9.96,,,,,,,
MKLY,McKinley Acquisition Corporation Class A Ordinary Shares,QUARENTENA,ILIQUIDEZ,15,10.18,,,,,,,
GDEV,GDEV Inc. Ordinary Shares,QUARENTENA,ILIQUIDEZ,6,11.81,,,,,,,
OIMAU,OneIM Acquisition Corp. Units,QUARENTENA,INTERRUPCAO,47,10.19,,,,,,,
BACC,Blue Acquisition Corp. Class A Ordinary Shares,PASSA_FASE0,,1,10.5,189312.46358839681,0.5731740950554649,2.447687016520348,44.99634008688045,-1.7750648986178397,20.481202575196527,19.443608085394626
STFS,Star Fashion Culture Holdings Limited Class A Ordinary Shares,PASSA_FASE0,,2,4.78,349559.5976590793,45.399214102276005,1.065048927943318,35.982859892115044,-56.20719493799149,1.0,332.61186699313646
IPCX,Inflection Point Acquisition Corp. III Class A Ordinary Shares,QUARENTENA,ILIQUIDEZ,6,9.35,,,,,,,
KLRA,"Kailera Therapeutics, Inc. Common Stock",PASSA_FASE0,,0,16.88,695868.366472524,0.7566451648147877,0.8967497835013873,35.014639052644355,-12.821174951581693,3.1303354120375664,53.67946362960492
KRSP,Rice Acquisition Corporation 3,QUARENTENA,INTERRUPCAO,9,10.46,,,,,,,
NSTS,"NSTS Bancorp, Inc. Common Stock",PASSA_FASE0,,1,13.785,15869.06607488889,0.6856736211602286,0.5304252376937019,54.537666365675186,-0.051696148455682156,2.6072447385350612,1.3680884376368811
VALU,Value Line Inc,PASSA_FASE0,,0,35.45,2762.383396952381,1.1138499468953478,0.9580400897535588,38.683963434087005,-8.951400080903538,3.51982608619912,38.634234730778054
AEAQ,Activate Energy Acquisition Corp. Class A Ordinary Share,QUARENTENA,INTERRUPCAO,28,10.03,,,,,,,
OBA,Oxley Bridge Acquisition Limited Class A Ordinary Shares,QUARENTENA,INTERRUPCAO,41,10.26,,,,,,,
GSRF,GSR IV Acquisition Corp. Class A ordinary share,QUARENTENA,INTERRUPCAO,30,10.16,,,,,,,
DTSQ,DT Cloud Star Acquisition Corporation Ordinary Shares,QUARENTENA,INTERRUPCAO,23,11.365,,,,,,,
ALIS,Calisa Acquisition Corp Ordinary shares,QUARENTENA,ILIQUIDEZ,8,10.17,,,,,,,
NYC,American Strategic Investment Co.,PASSA_FASE0,,1,9.61,41253.409983587306,2.214701767353274,1.4744563457857132,64.23825682250603,11.701973091564245,6.071626963541438,65.4550686291826
AACB,Artius II Acquisition Inc. Class A Ordinary Shares,QUARENTENA,INTERRUPCAO,14,10.53,,,,,,,
EHLD,Euroholdings Ltd. Common Stock,PASSA_FASE0,,2,7.91,7463.309978396825,0.06002336782160936,0.33953794325642345,44.14710765354145,-2.6371065865197107,25.840328881428125,51.4248914887095
CMII,Columbus Circle Capital Corp II Class A Ordinary Shares,QUARENTENA,INTERRUPCAO,12,10.0,,,,,,,
SSBI,Summit State Bank,QUARENTENA,INTERRUPCAO,7,13.12,,,,,,,
HACQ,HCM IV Acquisition Corp. Class A Ordinary Share,QUARENTENA,INTERRUPCAO,21,10.06,,,,,,,
PACH,Pioneer Acquisition I Corp Class A Ordinary Shares,QUARENTENA,INTERRUPCAO,20,10.27,,,,,,,
KTWO,K2 Capital Acquisition Corporation Class A Ordinary Share,QUARENTENA,INTERRUPCAO,22,9.97,,,,,,,
RAC,Rithm Acquisition Corp.,QUARENTENA,INTERRUPCAO,21,10.48,,,,,,,
BEBE,TGE Value Creative Solutions Corp,QUARENTENA,INTERRUPCAO,47,9.99,,,,,,,
WFCF,"Where Food Comes From, Inc. Common Stock",QUARENTENA,ILIQUIDEZ,4,12.01,,,,,,,
MNSBP,"MainStreet Bancshares, Inc. Depositary Shares",QUARENTENA,INTERRUPCAO,20,25.096,,,,,,,
TLNC,Talon Capital Corp. Class A Ordinary Shares,QUARENTENA,INTERRUPCAO,19,10.3,,,,,,,
TISI,"Team, Inc.",PASSA_FASE0,,0,17.64,8546.430555317462,0.276840721361494,0.7469781714692542,62.18691738187151,4.92817416649316,21.972506192730346,31.194137265007654
FVN,Future Vision II Acquisition Corporation Ordinary shares,QUARENTENA,INTERRUPCAO,24,9.33,,,,,,,
BUUU,BUUU Group Limited Class A Ordinary Share,PASSA_FASE0,,2,22.99,40358.47539204762,2.9397381093433945,1.4670283195178964,56.513640908809265,9.550397829005597,1.5037787061686096,112.47234400333346
NTIC,Northern Technologies International Corp.,PASSA_FASE0,,0,7.965,12908.307849507937,0.6538212365551633,0.7523839473018318,40.80107933908649,-3.3754890364843915,2.9526637001642873,23.857677383331435
BDCI,BTC Development Corp. Class A Ordinary Shares,QUARENTENA,INTERRUPCAO,14,10.07,,,,,,,
LWAC,LightWave Acquisition Corp. Class A Ordinary Shares,QUARENTENA,INTERRUPCAO,35,10.2602,,,,,,,
PAII,Pyrophyte Acquisition Corp. II,QUARENTENA,INTERRUPCAO,34,10.24,,,,,,,
FOXX,Foxx Development Holdings Inc. Common Stock,QUARENTENA,INTERRUPCAO,6,2.33,,,,,,,
BSAA,BEST SPAC I Acquisition Corp. Class A Ordinary Shares,QUARENTENA,INTERRUPCAO,10,11.47,,,,,,,
DIT,AMCON Distributing Co.,QUARENTENA,INTERRUPCAO,28,62.02,,,,,,,
VHCP,Vine Hill Capital Investment Corp. II Class A Ordinary Shares,QUARENTENA,INTERRUPCAO,24,10.0,,,,,,,
FGII,FG Imperii Acquisition Corp. Class A Ordinary Shares,QUARENTENA,INTERRUPCAO,16,9.95,,,,,,,
GAINZ,Gladstone Investment Corporation 4.875% Notes due 2028,QUARENTENA,ILIQUIDEZ,5,23.94,,,,,,,
OYSE,Oyster Enterprises II Acquisition Corp Class A Ordinary Shares,QUARENTENA,INTERRUPCAO,38,10.32,,,,,,,
IGAC,Invest Green Acquisition Corporation Class A Ordinary Shares,QUARENTENA,INTERRUPCAO,37,10.03,,,,,,,
MBBC,"Marathon Bancorp, Inc. Common Stock",QUARENTENA,ILIQUIDEZ,8,14.95,,,,,,,
HLXC,Helix Acquisition Corp. III Class A Ordinary Shares,QUARENTENA,INTERRUPCAO,19,10.51,,,,,,,
SUGP,SU Group Holdings Limited Class A Ordinary Shares,PASSA_FASE0,,2,0.48,7540966.932322097,0.02494501012074791,0.6559312399954014,31.383744379242273,-19.475922462023664,444.3752279249011,107.95652391517238
TRAX,"First Tracks Biotherapeutics, Inc. Ordinary Shares",PASSA_FASE0,,1,41.87,710252.9099225395,0.8197365204297399,1.4459177472865288,77.1330435710297,27.521224349944774,7.750744518047923,170.8839601883701
SOCA,Solarius Capital Acquisition Corp. Class A Ordinary Share,QUARENTENA,INTERRUPCAO,39,10.305,,,,,,,
BWBBP,"Bridgewater Bancshares, Inc. Depositary Shares, Each Representing a 1/100th Interest in a Share of 5.875% Non-Cumulative Perpetual Preferred Stock, Series A",QUARENTENA,ILIQUIDEZ,10,19.91,,,,,,,
XFLH,XFLH Capital Corporation,QUARENTENA,INTERRUPCAO,24,10.0,,,,,,,
DYOR,Insight Digital Partners II Class A Ordinary Shares,QUARENTENA,INTERRUPCAO,17,10.07,,,,,,,
FUSB,"First US Bancshares, Inc. Common Stock",QUARENTENA,ILIQUIDEZ,4,16.5,,,,,,,
AIIA,AI Infrastructure Acquisition Corp.,QUARENTENA,ILIQUIDEZ,12,10.19,,,,,,,
WLYB,"John Wiley & Sons, Inc. Class B",QUARENTENA,INTERRUPCAO,34,51.9,,,,,,,
LPBB,Launch Two Acquisition Corp. Class A Ordinary Shares,QUARENTENA,INTERRUPCAO,19,10.765,,,,,,,
TRGS,TRG Latin America Acquisitions Corp. Class A Ordinary Shares,QUARENTENA,INTERRUPCAO,39,9.92,,,,,,,
ILLU,Illumination Acquisition Corp I Class A Ordinary Shares,QUARENTENA,INTERRUPCAO,43,9.9199,,,,,,,
TDWD,Tailwind 2.0 Acquisition Corp. Class A Ordinary Shares,QUARENTENA,INTERRUPCAO,39,10.04,,,,,,,
TRAD,APEX Tech Acquisition Inc.,QUARENTENA,INTERRUPCAO,8,9.94,,,,,,,
MZYX,MOZAYYX Acquisition Corp.,QUARENTENA,INTERRUPCAO,18,9.955,,,,,,,
MESH,Meshflow Acquisition Corp. Class A Ordinary Shares,QUARENTENA,INTERRUPCAO,27,10.01,,,,,,,
SORN,Soren Acquisition Corp. Class A Ordinary Shares,QUARENTENA,INTERRUPCAO,45,9.96,,,,,,,
ITHA,ITHAX Acquisition Corp III Class A Ordinary Shares,QUARENTENA,INTERRUPCAO,35,9.98,,,,,,,
ATII,Archimedes Tech SPAC Partners II Co. Ordinary Shares,PASSA_FASE0,,1,10.65,265822.91336766665,1.62592762035604,0.7987933650810239,32.81308283641978,-1.075168938531923,1.5669058605996484,5.237559522758598
SUMA,SUMA Acquisition Corporation Class A Ordinary Shares,QUARENTENA,INTERRUPCAO,20,9.92,,,,,,,
BDL,Flanigan's Enterprises Inc,QUARENTENA,ILIQUIDEZ,7,37.99,,,,,,,
LFAC,Leapfrog Acquisition Corporation Class A Ordinary Shares,QUARENTENA,INTERRUPCAO,37,10.0,,,,,,,
HCIC,Hennessy Capital Investment Corp. VIII Class A Ordinary Shares,QUARENTENA,INTERRUPCAO,21,9.97,,,,,,,
JENA,Jena Acquisition Corporation II,QUARENTENA,INTERRUPCAO,35,10.39,,,,,,,
FRMEP,First Merchants Corporation Depository Shares,QUARENTENA,INTERRUPCAO,29,25.6,,,,,,,
SAC,Safeguard Acquisition Corp.,QUARENTENA,INTERRUPCAO,20,10.13,,,,,,,
INAC,Indigo Acquisition Corp. Ordinary Shares,QUARENTENA,INTERRUPCAO,21,10.29,,,,,,,
TAVI,Tavia Acquisition Corp. Ordinary Shares,QUARENTENA,INTERRUPCAO,25,10.7,,,,,,,
IPEX,Inflection Point Acquisition Corp. V Class A Ordinary Shares,QUARENTENA,INTERRUPCAO,17,10.54,,,,,,,
MACI,Melar Acquisition Corp. I Class A Ordinary Shares,QUARENTENA,INTERRUPCAO,38,10.92,,,,,,,
XSLL,Xsolla SPAC 1 Class A Ordinary Shares,QUARENTENA,INTERRUPCAO,20,9.91,,,,,,,
TRSG,Tungray Technologies Inc Class A Ordinary Shares,QUARENTENA,ILIQUIDEZ,12,1.48,,,,,,,
KVAC,Keen Vision Acquisition Corporation Ordinary Shares,QUARENTENA,INTERRUPCAO,44,13.38,,,,,,,
AGM.A,Federal Agricultural Mortgage Corporation Class A Voting,QUARENTENA,INTERRUPCAO,35,153.0,,,,,,,
GECCH,Great Elm Capital Corp. 8.125% Notes Due 2029,QUARENTENA,INTERRUPCAO,21,25.14,,,,,,,
ATGL,Alpha Technology Group Limited Class A Ordinary Shares,QUARENTENA,INTERRUPCAO,11,8.99,,,,,,,
FIGX,FIGX Capital Acquisition Corp. Class A Ordinary Share,QUARENTENA,INTERRUPCAO,32,10.25,,,,,,,
LPAA,Launch One Acquisition Corp. Class A Ordinary shares,QUARENTENA,INTERRUPCAO,19,10.77,,,,,,,
SIMA,SIM Acquisition Corp. I Class A Ordinary Shares,QUARENTENA,INTERRUPCAO,10,10.94,,,,,,,
KFFB,Kentucky First Federal Bancorp,QUARENTENA,ILIQUIDEZ,13,5.35,,,,,,,
AIRT,Air T Inc,QUARENTENA,INTERRUPCAO,23,27.16,,,,,,,
BIII,Black Spade Acquisition III Co,QUARENTENA,INTERRUPCAO,40,9.95,,,,,,,
JWEL,Jowell Global Ltd. Ordinary Shares,QUARENTENA,ILIQUIDEZ,11,1.8977,,,,,,,
LBTYB,Liberty Global Ltd. Class B Common Shares,QUARENTENA,ILIQUIDEZ,13,12.4,,,,,,,
GREEL,Vulcan Infrastructure and Power Inc. 8.50% Senior Notes due 2026,PASSA_FASE0,,3,24.77,4142.1868995714285,0.18734065333466457,1.367004523766385,72.31693178739496,3.4043923697827827,52.14144922680413,25.3518703212127
AACO,Abony Acquisition Corp. I Class A Ordinary Share,QUARENTENA,INTERRUPCAO,33,9.94,,,,,,,
SENEB,Seneca Foods Corp,QUARENTENA,INTERRUPCAO,47,170.91,,,,,,,
HVT.A,"Haverty Furniture Companies, Inc. Class A",QUARENTENA,INTERRUPCAO,49,29.4,,,,,,,
ALP,Alpha Compute Corp Common Stock,PASSA_FASE0,,2,0.1876,17904788.49298875,0.11823802274721068,0.21185927210338723,38.31370196085958,-22.07846150651076,7.254722162064215,194.9723811093673
GTN.A,"Gray Media, Inc. Class A",QUARENTENA,INTERRUPCAO,13,6.8,,,,,,,
NEWTO,"NewtekOne, Inc. 8.50% Fixed Rate Senior Notes due 2031",QUARENTENA,INTERRUPCAO,48,25.78,,,,,,,
PBHC,Pathfinder Bancorp Inc,QUARENTENA,ILIQUIDEZ,9,16.0,,,,,,,
IOR,"Income Opportunity Realty Investors, Inc.",QUARENTENA,INTERRUPCAO,34,21.2961,,,,,,,
SSEA,Starry Sea Acquisition Corp Ordinary Shares,QUARENTENA,ILIQUIDEZ,15,10.28,,,,,,,
SVAQ,Silicon Valley Acquisition Corp. Class A Ordinary Shares,QUARENTENA,INTERRUPCAO,23,10.015,,,,,,,
RFAM,RF Acquisition Corp III Ordinary Shares,QUARENTENA,INTERRUPCAO,26,9.89,,,,,,,
ELSE,Electro-Sensors Inc,PASSA_FASE0,,2,7.74,8690.595360380952,17.81398436817955,1.4031871102229585,68.32235081347434,0.4608348762637826,1.0,1.6467770302408467
OFSSH,OFS Capital Corporation 4.95% Notes due 2028,QUARENTENA,INTERRUPCAO,41,23.6,,,,,,,
SCII,SC II Acquisition Corp. Class A ordinary share,QUARENTENA,INTERRUPCAO,27,10.1,,,,,,,
ELLO,Ellomay Capital LTD,QUARENTENA,ILIQUIDEZ,8,19.3,,,,,,,
ALF,Centurion Acquisition Corp. Class A Ordinary Shares,QUARENTENA,INTERRUPCAO,21,10.84,,,,,,,
GSHR,Gesher Acquisition Corp. II Class A Ordinary Shares,QUARENTENA,INTERRUPCAO,52,10.49,,,,,,,
NTWO,Newbury Street II Acquisition Corp Class A Ordinary Shares,QUARENTENA,INTERRUPCAO,44,10.74,,,,,,,
SPEG,Silver Pegasus Acquisition Corp Class A Ordinary Shares,QUARENTENA,INTERRUPCAO,26,10.33,,,,,,,
EURK,Eureka Acquisition Corp Class A Ordinary Share,QUARENTENA,INTERRUPCAO,28,12.185,,,,,,,
YHNA,YHN Acquisition I Limited Ordinary Shares,QUARENTENA,INTERRUPCAO,57,10.93,,,,,,,
CAPN,Cayson Acquisition Corp Ordinary shares,QUARENTENA,INTERRUPCAO,53,11.1,,,,,,,
KFII,K&F Growth Acquisition Corp. II Class A Ordinary shares,QUARENTENA,INTERRUPCAO,21,10.6,,,,,,,
MEVO,M Evo Global Acquisition Corp II Class A Ordinary Shares,QUARENTENA,INTERRUPCAO,19,9.96,,,,,,,
DETX,"Liberty Defense Holdings, Ltd. Common Shares",PASSA_FASE0,,3,3.1,29469.096603571434,0.13717500927768816,0.3828040376298078,26.123013271910935,-12.088036741528896,6.213735641163385,39.26986388544639
GTERA,Globa Terra Acquisition Corporation Class A Ordinary Shares,QUARENTENA,INTERRUPCAO,39,10.36,,,,,,,
YSWY,"Yesway, Inc. Class A Common Stock",PASSA_FASE0,,3,20.24,491761.3485802698,1.0258728524648444,0.6440045056483448,48.773841627821646,0.21290290637223652,1.2416580620997146,48.64780747508174
NHP,"National Healthcare Properties, Inc. Class A Common Stock",PASSA_FASE0,,3,15.88,740288.9191177303,0.40747279014050475,0.6993904067901637,58.87063738307764,2.4615285350195304,4.015618587078382,32.761155732522944
BIO.B,"Bio-Rad Laboratories, Inc. Class B",QUARENTENA,INTERRUPCAO,58,309.374,,,,,,,
INLX,"Intellinetics, Inc.",QUARENTENA,INTERRUPCAO,25,5.4,,,,,,,
CRAQ,Cal Redwood Acquisition Corp. Class A Ordinary Shares,QUARENTENA,INTERRUPCAO,45,10.35,,,,,,,
ZKP,Lafayette Digital Acquisition Corp. I Class A Ordinary Shares,QUARENTENA,INTERRUPCAO,40,9.98,,,,,,,
KCHV,Kochav Defense Acquisition Corp. Class A Ordinary Shares,QUARENTENA,INTERRUPCAO,26,10.37,,,,,,,
LABT,Lakewood-Amedex Biotherapeutics Inc. Common Stock,QUARENTENA,SERIE_CURTA,4,1.98,,,,,,,
ELMT,The Elmet Group Co. Common Stock,QUARENTENA,SERIE_CURTA,4,12.74,,,,,,,
CHPG,ChampionsGate Acquisition Corporation Class A Ordinary Share,QUARENTENA,INTERRUPCAO,50,10.42,,,,,,,
ALDF,Aldel Financial II Inc. Class A Ordinary Shares,QUARENTENA,INTERRUPCAO,26,10.74,,,,,,,
QETA,Quetta Acquisition Corporation Common Stock,QUARENTENA,INTERRUPCAO,56,11.74,,,,,,,
YCY,AA Mission Acquisition Corp. II,QUARENTENA,INTERRUPCAO,38,10.205,,,,,,,
FNRN,First Northern Community Bancorp Common stock,QUARENTENA,SERIE_CURTA,5,18.7,,,,,,,
EFOR,"Everforth, Inc.",QUARENTENA,SERIE_CURTA,5,23.41,,,,,,,
RIBB,Ribbon Acquisition Corp Class A Ordinary Shares,QUARENTENA,INTERRUPCAO,53,10.82,,,,,,,
NHIC,NewHold Investment Corp III Class A Ordinary shares,QUARENTENA,INTERRUPCAO,8,10.7,,,,,,,
ORIQ,Origin Investment Corp I Ordinary Shares,QUARENTENA,INTERRUPCAO,46,10.34,,,,,,,
XE,"X-Energy, Inc. Class A Common Stock",QUARENTENA,SERIE_CURTA,5,15.27,,,,,,,
NMP,NMP Acquisition Corp. Class A Ordinary Shares,QUARENTENA,INTERRUPCAO,43,10.3,,,,,,,
VIVK,"Vivakor, Inc. Common Stock",QUARENTENA,SERIE_CURTA,6,2.4,,,,,,,
BKHA,Black Hawk Acquisition Corporation Class A Ordinary Shares,QUARENTENA,INTERRUPCAO,48,12.1,,,,,,,
ZSQR,Z Squared Inc. Common Stock,QUARENTENA,SERIE_CURTA,6,5.29,,,,,,,
WSO.B,"Watsco, Inc. Class B",QUARENTENA,INTERRUPCAO,64,317.63,,,,,,,
VBIO,"Valion Bio, Inc. Common Stock",QUARENTENA,SERIE_CURTA,7,0.28,,,,,,,
PRHIZ,"Presurance Holdings, Inc. 9.75% Senior Unsecured Notes due 2028",QUARENTENA,INTERRUPCAO,53,17.54,,,,,,,
SBXE,SilverBox Corp V,QUARENTENA,INTERRUPCAO,39,10.17,,,,,,,
FABC,"Fabric.AI, Inc. Common Stock",QUARENTENA,SERIE_CURTA,8,2.36,,,,,,,
AIFC,AI Financial Corporation Common Stock,QUARENTENA,SERIE_CURTA,8,0.3697,,,,,,,
TAP.A,Molson Coors Beverage Company Class A,QUARENTENA,INTERRUPCAO,55,42.0,,,,,,,
OACC,Oaktree Acquisition Corp. III Life Sciences Class A Ordinary Share,QUARENTENA,INTERRUPCAO,39,10.72,,,,,,,
TVAI,Thayer Ventures Acquisition Corporation II Class A Ordinary Shares,QUARENTENA,INTERRUPCAO,42,10.36,,,,,,,
PS,Pershing Square Inc.,QUARENTENA,SERIE_CURTA,8,32.89,,,,,,,
SCPQ,Social Commerce Partners Corporation Class A Ordinary Shares,QUARENTENA,INTERRUPCAO,48,10.0,,,,,,,
QXL,Quantum X Labs Inc. Common Stock,QUARENTENA,SERIE_CURTA,9,4.21,,,,,,,
BGDE,"Big Digital Energy, Inc. Common Stock",QUARENTENA,SERIE_CURTA,9,4.72,,,,,,,
SBMT,Silver Bow Mining Corp.,QUARENTENA,SERIE_CURTA,9,6.3,,,,,,,
AVLN,Avalyn Pharma Inc. Common Stock,QUARENTENA,SERIE_CURTA,9,28.1,,,,,,,
DYNC,Dynamix Corporation Class A Ordinary Shares,QUARENTENA,SERIE_CURTA,10,10.86,,,,,,,
COAG,"Hemab Therapeutics Holdings, Inc. Common Stock",QUARENTENA,SERIE_CURTA,10,44.75,,,,,,,
SPTX,"Seaport Therapeutics, Inc. Common Stock",QUARENTENA,SERIE_CURTA,10,19.74,,,,,,,
HAVAR,Harvard Ave Acquisition Corporation Rights that convert on a 1/10th of 1 basis to Class A ordinary Shares,QUARENTENA,INTERRUPCAO,56,0.118,,,,,,,
ONT,"Onterris, Inc.",QUARENTENA,SERIE_CURTA,11,20.23,,,,,,,
AYA,Aya Gold & Silver Inc. Common Shares,QUARENTENA,SERIE_CURTA,11,19.22,,,,,,,
CHRN,ChronoScale Holdings Corporation Common Stock,QUARENTENA,SERIE_CURTA,12,18.52,,,,,,,
PONO,"Pono Capital Four, Inc. Class A Ordinary Shares",QUARENTENA,INTERRUPCAO,42,9.97,,,,,,,
APUS,"Apimeds Pharmaceuticals US, Inc.",QUARENTENA,SERIE_CURTA,12,5.75,,,,,,,
REA,"Rare Earths Americas, Inc.",QUARENTENA,SERIE_CURTA,13,9.08,,,,,,,
QRED,QuasarEdge Acquisition Corporation,QUARENTENA,INTERRUPCAO,23,10.0,,,,,,,
HAWK,"HawkEye 360, Inc.",QUARENTENA,SERIE_CURTA,14,19.0,,,,,,,
SUJA,"Suja Life, Inc. Class A Common Stock",QUARENTENA,SERIE_CURTA,14,10.13,,,,,,,
AGNT,"AGNT, Inc. Common Stock",QUARENTENA,SERIE_CURTA,15,3.83,,,,,,,
ENHA,Enhanced Group Inc.,QUARENTENA,SERIE_CURTA,15,2.65,,,,,,,
WHLRL,"Wheeler Real Estate Investment Trust, Inc. 7.00% Senior Subordinated Convertible Notes Due 2031",QUARENTENA,INTERRUPCAO,65,80.0,,,,,,,
ODTX,"Odyssey Therapeutics, Inc. Common Stock",QUARENTENA,SERIE_CURTA,15,18.05,,,,,,,
MOBI,"Mobia Medical, Inc. Common Stock",QUARENTENA,SERIE_CURTA,15,10.43,,,,,,,
WSE,Wise Group plc Class A Ordinary Shares,QUARENTENA,SERIE_CURTA,16,11.92,,,,,,,
BRUN,Boost Run Inc. Class A Common Stock,QUARENTENA,SERIE_CURTA,16,15.64,,,,,,,
BWIV,Blue Water Acquisition Corp. IV,QUARENTENA,INTERRUPCAO,35,9.91,,,,,,,
BOT,"RoboStrategy, Inc. Common Stock",QUARENTENA,SERIE_CURTA,16,27.22,,,,,,,
PLGO,Pelagos Insurance Capital Limited,QUARENTENA,SERIE_CURTA,17,25.48,,,,,,,
RTB,"RTB Digital, Inc. Common Stock",QUARENTENA,SERIE_CURTA,18,16.87,,,,,,,
WENC,West Enclave Merger Corp.,QUARENTENA,INTERRUPCAO,29,9.95,,,,,,,
FRVO,Fervo Energy Company Class A common stock,QUARENTENA,SERIE_CURTA,18,17.08,,,,,,,
GMRS,GMR Solutions Inc.,QUARENTENA,SERIE_CURTA,18,12.93,,,,,,,
BXDC,Blackstone Digital Infrastructure Trust Inc.,QUARENTENA,SERIE_CURTA,19,20.1,,,,,,,
AIAI,AIAI Holdings Corporation Class A Common Stock,QUARENTENA,SERIE_CURTA,19,4.63,,,,,,,
EROK,"EagleRock Land, LLC",QUARENTENA,SERIE_CURTA,19,20.81,,,,,,,
CBRS,Cerebras Systems Inc. Class A Common Stock,QUARENTENA,SERIE_CURTA,19,169.39,,,,,,,
DUKR,DUKE Robotics Corp. Common Stock,QUARENTENA,SERIE_CURTA,20,5.17,,,,,,,
VIDA,VIDA Global Inc.,QUARENTENA,SERIE_CURTA,20,2.4,,,,,,,
MYX,Maywood Acquisition Corp. 2 Class A Ordinary Share,QUARENTENA,INTERRUPCAO,40,9.96,,,,,,,
EXYN,"Exyn Technologies, Inc. Common Stock",QUARENTENA,SERIE_CURTA,20,2.32,,,,,,,
PUSA,Aureus Greenway Holdings Inc. Common Stock,QUARENTENA,SERIE_CURTA,21,2.785,,,,,,,
UZX,Linkage Global Inc Class A Ordinary Shares,QUARENTENA,SERIE_CURTA,21,0.2299,,,,,,,
XMAX,"XMAX, Inc. Common Stock",QUARENTENA,SERIE_CURTA,21,8.33,,,,,,,
AIIR,Air Global PLC Ordinary Shares,QUARENTENA,INTERRUPCAO,22,5.83,,,,,,,
AUC,ATIF Holdings Limited Ordinary Shares,QUARENTENA,INTERRUPCAO,25,7.03,,,,,,,
FMAC,Future Money Acquisition Corporation Ordinary Shares,QUARENTENA,INTERRUPCAO,33,10.02,,,,,,,
IPFX,Inflection Point Acquisition Corp. VI Class A Ordinary Shares,QUARENTENA,INTERRUPCAO,26,10.12,,,,,,,
KWY,Kingsway Corporation,QUARENTENA,SERIE_CURTA,22,8.87,,,,,,,
VECA,Vernal Capital Acquisition Corp.,QUARENTENA,INTERRUPCAO,34,9.99,,,,,,,
AMAN,Amanat Acquisition Corp Class A Ordinary Shares,QUARENTENA,SERIE_CURTA,22,10.15,,,,,,,
QTEX,QTREX Quantum Ltd. Ordinary Shares,QUARENTENA,SERIE_CURTA,23,0.85,,,,,,,
OPTH,Optimi Health Corp. Common Shares,QUARENTENA,SERIE_CURTA,23,4.67,,,,,,,
QADR,QDRO Acquisition Corp. Class A Ordinary Shares,QUARENTENA,INTERRUPCAO,44,9.92,,,,,,,
AMSS,AMASS Brands Inc. Common Stock,QUARENTENA,SERIE_CURTA,23,1.08,,,,,,,
RACC,Research Alliance Corporation III Class A Ordinary Shares,QUARENTENA,INTERRUPCAO,26,16.4999,,,,,,,
LCLN,"Lincoln International, Inc.",QUARENTENA,SERIE_CURTA,23,21.99,,,,,,,
RREV,RRE Ventures Acquisition Corp. Class A Ordinary Shares,QUARENTENA,INTERRUPCAO,31,9.9,,,,,,,
BNY,Bank of New York Mellon Corporation,QUARENTENA,SERIE_CURTA,24,152.5,,,,,,,
KPET,KPET Ultra Paceline Corporation,QUARENTENA,INTERRUPCAO,57,9.98,,,,,,,
CNXU,Conexeu Sciences Inc. Common Stock,QUARENTENA,SERIE_CURTA,24,7.89,,,,,,,
SAGU,Shreya Acquisition Group,QUARENTENA,INTERRUPCAO,37,9.95,,,,,,,
HDRN,"Hadron Energy, Inc. Common Stock",QUARENTENA,SERIE_CURTA,26,1.61,,,,,,,
AIFA,"All In FutureTech Alliance, Inc. Common Stock",QUARENTENA,SERIE_CURTA,27,1.61,,,,,,,
CCAQ,Collective Acquisition Corp. Class A Ordinary Shares,QUARENTENA,INTERRUPCAO,41,10.48,,,,,,,
PWRL,Powerlaw Corp. Common Stock,QUARENTENA,SERIE_CURTA,27,11.25,,,,,,,
RKTO,Rocket One Inc. Common Stock,QUARENTENA,SERIE_CURTA,28,0.759,,,,,,,
SKYA,"SkyAI, Inc. Common Stock",QUARENTENA,SERIE_CURTA,28,1.37,,,,,,,
OCTV,Octave Intelligence plc Class B Ordinary Shares,QUARENTENA,SERIE_CURTA,28,17.55,,,,,,,
AACP,Apogee Acquisition Corp Class A Ordinary Shares,QUARENTENA,INTERRUPCAO,31,10.01,,,,,,,
ACGC,ACP Holdings Acquisition Corp. Class A Ordinary Shares,QUARENTENA,INTERRUPCAO,33,9.96,,,,,,,
QH,Quhuo Limited Class A Ordinary Shares,QUARENTENA,SERIE_CURTA,29,4.16,,,,,,,
NXB,NextBoat Inc.,QUARENTENA,SERIE_CURTA,29,1.934,,,,,,,
ARCL,ARC Group Acquisition I Corp Class A Ordinary Shares,QUARENTENA,INTERRUPCAO,43,9.92,,,,,,,
FDXF,"FedEx Freight Holding Company, Inc.",QUARENTENA,SERIE_CURTA,30,144.36,,,,,,,
VSXY,Victorias Secret & Co.,QUARENTENA,SERIE_CURTA,31,89.13,,,,,,,
PBK,PowerBank Corporation Common Stock,QUARENTENA,SERIE_CURTA,32,0.4634,,,,,,,
AADX,"Applied Aerospace & Defense, Inc.",QUARENTENA,SERIE_CURTA,32,17.31,,,,,,,
PPLI,People Incorporated Common Stock,QUARENTENA,SERIE_CURTA,33,42.0,,,,,,,
ETSS,Energy Transition Special Opportunities,QUARENTENA,INTERRUPCAO,53,9.8701,,,,,,,
PECE,Peace Acquisition Corp Ordinary Shares,QUARENTENA,INTERRUPCAO,41,9.93,,,,,,,
LFTO,"Liftoff Mobile, Inc. Common Stock",QUARENTENA,SERIE_CURTA,33,22.23,,,,,,,
SSMR,Sunshine Silver Mining & Refining Company,QUARENTENA,SERIE_CURTA,33,13.62,,,,,,,
INIO,INNIO N.V. Ordinary Shares,QUARENTENA,SERIE_CURTA,33,21.77,,,,,,,
QNT,Quantinuum Inc. Class A Common Stock,QUARENTENA,SERIE_CURTA,33,47.34,,,,,,,
OHAC,Oceanhawk Acquisition Corp. Class A Ordinary Shares,QUARENTENA,INTERRUPCAO,42,9.93,,,,,,,
BSIN,Big Sky Industrial Inc. Common Stock,QUARENTENA,SERIE_CURTA,35,1.12,,,,,,,
FAC,Factorial Energy Inc. Class A Common Stock,QUARENTENA,SERIE_CURTA,35,4.68,,,,,,,
FRTT,Fort Technology Inc. Common Shares,QUARENTENA,SERIE_CURTA,35,0.9224,,,,,,,
GOOGM,Alphabet Inc. Depositary Shares representing a 1/20th Interest in a Share of Series A Mandatory Convertible Preferred Stock,QUARENTENA,SERIE_CURTA,35,48.77,,,,,,,
GOOGN,Alphabet Inc. Depositary Shares representing a 1/20th Interest in a Share of Series B Mandatory Convertible Preferred Stock,QUARENTENA,SERIE_CURTA,35,48.64,,,,,,,
NHIV,NewHold Investment Corp IV Class A Ordinary Shares,QUARENTENA,INTERRUPCAO,47,10.1,,,,,,,
AIBZ,Bitzero Holdings Inc. Common Shares,QUARENTENA,SERIE_CURTA,36,5.33,,,,,,,
WHK,WhiteHawk Minerals Corp.,QUARENTENA,SERIE_CURTA,36,25.92,,,,,,,
ELOX,"Eloxx Pharmaceuticals, Inc. Common Stock",QUARENTENA,SERIE_CURTA,36,12.24,,,,,,,
TRLV,Trulieve Cannabis Corp.,QUARENTENA,SERIE_CURTA,37,8.06,,,,,,,
APUR,Aperture AC Class A Ordinary Shares,QUARENTENA,INTERRUPCAO,46,9.95,,,,,,,
EROC,"ERock, Inc.",QUARENTENA,SERIE_CURTA,37,8.99,,,,,,,
PBLS,"Parabilis Medicines, Inc. Common Stock",QUARENTENA,SERIE_CURTA,37,31.78,,,,,,,
VRXA,Veraxa Biotech AG Ordinary Shares,QUARENTENA,SERIE_CURTA,38,1.97,,,,,,,
BREZ,Breeze Acquisition Corp. II Ordinary Shares,QUARENTENA,INTERRUPCAO,44,9.9609,,,,,,,
FRBT,"Forbright, Inc. Class A Common Stock",QUARENTENA,SERIE_CURTA,38,19.63,,,,,,,
AVAT,Avalanche Treasury Corporation Class A Common Stock,QUARENTENA,SERIE_CURTA,38,0.301,,,,,,,
SHOE,"Shoe Station Group, Inc. Common Stock",QUARENTENA,SERIE_CURTA,39,15.61,,,,,,,
SPCX,Space Exploration Technologies Corp. Class A Common Stock,QUARENTENA,SERIE_CURTA,39,112.55,,,,,,,
SLBT,SL Science Holding Limited Ordinary Shares,QUARENTENA,SERIE_CURTA,40,2.6,,,,,,,
FLZH,"Flash Sports & Media Holdings, Inc. Common Stock",QUARENTENA,SERIE_CURTA,41,1.25,,,,,,,
FTH,"Faeth Therapeutics, Inc. Common Stock",QUARENTENA,SERIE_CURTA,41,28.93,,,,,,,
KAZR,Skyline Builders Group Holding Limited Class A Ordinary Shares,QUARENTENA,SERIE_CURTA,42,1.71,,,,,,,
CAES,"Cantor Equity Partners VII, Inc. Class A Ordinary Shares",QUARENTENA,INTERRUPCAO,44,10.06,,,,,,,
CXII,Churchill Capital Corp XII Class A Ordinary Shares,QUARENTENA,INTERRUPCAO,43,10.62,,,,,,,
PLUN,Plutonian Acquisition Corp II,QUARENTENA,INTERRUPCAO,51,10.0,,,,,,,
IACQ,Irenic Acquisition Corp. Class A Ordinary Shares,QUARENTENA,SERIE_CURTA,43,9.93,,,,,,,
FISN,"Deep Fission, Inc. Common Stock",QUARENTENA,SERIE_CURTA,43,9.72,,,,,,,
FCBM,"First Carolina Financial Services, Inc.",QUARENTENA,SERIE_CURTA,43,12.36,,,,,,,
KARD,"Kardigan, Inc. Common Stock",QUARENTENA,SERIE_CURTA,43,19.73,,,,,,,
FIRY,Firy Inc.,QUARENTENA,SERIE_CURTA,44,9.84,,,,,,,
OPI,Office Properties Income Trust Common shares of beneficial interest,QUARENTENA,SERIE_CURTA,44,17.45,,,,,,,
HAPN,"Happen, Inc. Common Stock",QUARENTENA,SERIE_CURTA,44,18.53,,,,,,,
MTNE,CH4 Natural Solutions Corporation,QUARENTENA,INTERRUPCAO,48,9.87,,,,,,,
MCAH,Mountain Crest Acquisition 6 Corp. Ordinary Shares,QUARENTENA,INTERRUPCAO,54,9.96,,,,,,,
CAII,Collective Acquisition Corp. II Class A Ordinary Shares,QUARENTENA,INTERRUPCAO,48,9.95,,,,,,,
KEYY,Keystone Acquisition Corp. Class A Ordinary Shares,QUARENTENA,INTERRUPCAO,48,9.85,,,,,,,
FTHA,Forefront Tech Holdings Acquisition Corp Class A Ordinary Shares,QUARENTENA,INTERRUPCAO,58,9.9,,,,,,,
GCGR,General Catalyst Global Resilience Merger Corp. Class A Ordinary Shares,QUARENTENA,INTERRUPCAO,47,10.18,,,,,,,
TMS,Teamshares Inc. Common Stock,QUARENTENA,SERIE_CURTA,45,5.49,,,,,,,
QLEP,Quantum Leap Acquisition Corp,QUARENTENA,SERIE_CURTA,45,9.98,,,,,,,
ECHO,EchoStar Corporation,QUARENTENA,SERIE_CURTA,46,83.89,,,,,,,
DPC,DPC Holdings PLC,QUARENTENA,SERIE_CURTA,47,44.23,,,,,,,
USDE,StablecoinX Inc. Class A Common Stock,QUARENTENA,SERIE_CURTA,48,1.51,,,,,,,
SIND,Sinda Ltd.,QUARENTENA,SERIE_CURTA,48,12.5,,,,,,,
HONA,Honeywell Aerospace Inc. Common Stock,QUARENTENA,SERIE_CURTA,49,205.19,,,,,,,
OTAI,Starlink AI Acquisition Corporation,QUARENTENA,SERIE_CURTA,49,9.94,,,,,,,
DMC,Del Monte Corporation,QUARENTENA,SERIE_CURTA,49,29.82,,,,,,,
APMC,AmperCap Acquisition Company Ordinary Shares,QUARENTENA,INTERRUPCAO,51,9.9,,,,,,,
GLAS,Glass House Brands Inc.,QUARENTENA,SERIE_CURTA,50,9.41,,,,,,,
HODO,House of Doge Inc. Common Stock,QUARENTENA,SERIE_CURTA,51,0.8219,,,,,,,
MBGL,Mobility Global Inc.,QUARENTENA,SERIE_CURTA,51,21.47,,,,,,,
NSLR,Neostellar Capital Corp. Common Stock,QUARENTENA,SERIE_CURTA,51,9.76,,,,,,,
AESP,Aeon Acquisition I Corp. Class A Ordinary Shares,QUARENTENA,SERIE_CURTA,51,9.92,,,,,,,
NSLRL,Neostellar Capital Corp. 6.00% Notes due 2026,QUARENTENA,INTERRUPCAO,59,25.07,,,,,,,
LIME,"Neutron Holdings, Inc. Common Stock",QUARENTENA,SERIE_CURTA,51,26.92,,,,,,,
ITG,"ITG, Inc. Class A Common Stock",QUARENTENA,SERIE_CURTA,51,11.98,,,,,,,
BSP,Bending Spoons S.p.A. Ordinary Shares,QUARENTENA,SERIE_CURTA,51,32.7,,,,,,,
IQMX,IQM Quantum Computers Oyj American Depositary Shares,QUARENTENA,SERIE_CURTA,52,10.48,,,,,,,
CIRC,"Circle8 Group, Inc. Common Stock",QUARENTENA,SERIE_CURTA,52,0.7107,,,,,,,
SECZ,Securitize Corp.,QUARENTENA,SERIE_CURTA,52,6.6,,,,,,,
FXHO,UTime Limited Class A Ordinary Shares,QUARENTENA,SERIE_CURTA,52,8.77,,,,,,,
COPR,Idaho Copper Corporation,QUARENTENA,SERIE_CURTA,52,2.1601,,,,,,,
GSRV,GSR V Acquisition Corp. Class A ordinary shares,QUARENTENA,INTERRUPCAO,54,9.845,,,,,,,
NMAD,"Nomad Power Solutions, Inc. Common Stock",QUARENTENA,SERIE_CURTA,53,4.02,,,,,,,
IDAC,Iron Dome Acquisition I Corp. Class A Ordinary Shares,QUARENTENA,INTERRUPCAO,57,10.0,,,,,,,
GUAC,Berto Acquisition Corp. II Ordinary Shares,QUARENTENA,SERIE_CURTA,53,9.94,,,,,,,
PTAC,Patriot Acquisition Corp. Class A Ordinary Shares,QUARENTENA,INTERRUPCAO,58,9.93,,,,,,,
ALPX,Alpex Acquisition Corporation Class A Ordinary Shares,QUARENTENA,INTERRUPCAO,55,9.87,,,,,,,
MFP,"Midera Food Processing, Inc. Common Stock",QUARENTENA,SERIE_CURTA,54,46.61,,,,,,,
FXAC,FortuneX Acquisition Corporation Ordinary shares,QUARENTENA,INTERRUPCAO,60,10.02,,,,,,,
CEPL,"Capstone Energy Plus, Inc. Common Stock",QUARENTENA,SERIE_CURTA,55,7.12,,,,,,,
PMA,Ming Shing Group Holdings Limited Ordinary Shares,QUARENTENA,SERIE_CURTA,56,1.25,,,,,,,
GFUZ,General Fusion Group Ltd. Common Shares,QUARENTENA,SERIE_CURTA,58,8.04,,,,,,,
AZIO,"Azio AI Holdings, Inc. Common Stock",QUARENTENA,SERIE_CURTA,58,1.56,,,,,,,
TVIV,Texas Ventures Acquisition IV Corp Class A Ordinary Shares,QUARENTENA,INTERRUPCAO,60,9.9,,,,,,,
RACD,Research Alliance Corporation IV Class A Ordinary Shares,QUARENTENA,SERIE_CURTA,58,10.835,,,,,,,
YICC,Yorkville International Capital Corp. Class A Ordinary Shares,QUARENTENA,INTERRUPCAO,61,9.945,,,,,,,
BRKH,Burtech Acquisition Corp II Class A Ordinary Shares,QUARENTENA,INTERRUPCAO,63,9.96,,,,,,,
DPU,Top KingWin Ltd Class A Ordinary Shares,QUARENTENA,SERIE_CURTA,61,1.92,,,,,,,
QMLS,"QumulusAI, Inc. Common Stock",QUARENTENA,SERIE_CURTA,61,6.4,,,,,,,
CSQR,"Csquare, Inc.",QUARENTENA,SERIE_CURTA,61,20.68,,,,,,,
STDN,"Standard Nuclear, Inc.",QUARENTENA,SERIE_CURTA,61,7.33,,,,,,,
DGAC,Disciplined Growth Acquisition Corporation,QUARENTENA,SERIE_CURTA,62,9.94,,,,,,,
SHOT,RMG ML Sports Holdings Class A Ordinary Shares,QUARENTENA,INTERRUPCAO,63,9.8,,,,,,,
BXBL,"BOXABL, Inc. Common stock",QUARENTENA,SERIE_CURTA,63,4.98,,,,,,,
OGG,Osisko Gold Group Inc.,QUARENTENA,SERIE_CURTA,63,2.27,,,,,,,
NIKI,"Niki BioSolutions, Inc. Common Stock",QUARENTENA,SERIE_CURTA,63,8.77,,,,,,,
MF,MindForge Inc. Class A Ordinary Shares,QUARENTENA,SERIE_CURTA,63,6.83,,,,,,,
VII,Viking Acquisition Corp. II,QUARENTENA,SERIE_CURTA,63,9.85,,,,,,,
BID,Tribeca Strategic Acquisition Corp. Class A Ordinary Shares,QUARENTENA,SERIE_CURTA,63,9.84,,,,,,,
FRNM,"Freenome, Inc. Common stock",QUARENTENA,SERIE_CURTA,64,10.06,,,,,,,
CIGL,Concorde International Group Ltd Class A Ordinary Shares,QUARENTENA,SERIE_CURTA,64,0.46125,,,,,,,
CHGA,Change Agents Corporation Common Stock,QUARENTENA,SERIE_CURTA,65,0.1872,,,,,,,
MEDS,"DataMeds AI, Inc. Common Stock",QUARENTENA,SERIE_CURTA,65,3.0,,,,,,,
PWCM,"PowerCompute, Inc. Common Stock",QUARENTENA,SERIE_CURTA,65,1.79,,,,,,,
VLOS,Velos Acquisition I Corp. Class A Ordinary shares,QUARENTENA,SERIE_CURTA,66,10.68,,,,,,,
GRSD,Grandstand Limited Ordinary Shares,QUARENTENA,SERIE_CURTA,66,1.86,,,,,,,
VIP,Vulcan Infrastructure and Power Inc. Class A Common Stock,QUARENTENA,SERIE_CURTA,67,1.95,,,,,,,
BIOT,Instinct Bio Technical Company Holdings Inc. Ordinary Shares,QUARENTENA,SERIE_CURTA,67,0.5601,,,,,,,
SCTX,Scribe Therapeutics Inc. Common Stock,QUARENTENA,SERIE_CURTA,67,18.36,,,,,,,
TONT,Graf Global Corp.,QUARENTENA,SERIE_CURTA,68,10.83,,,,,,,
FTRA,FutureCorp Space Acquisition 1,QUARENTENA,SERIE_CURTA,68,9.86,,,,,,,
IPVV,"InterPrivate Investment Partners V, Inc. Class A Ordinary Shares",QUARENTENA,SERIE_CURTA,68,9.8,,,,,,,
LTGR,Long Table Growth Corp. Class A Ordinary Shares,QUARENTENA,SERIE_CURTA,68,9.89,,,,,,,
YARW,"Yarrow Bioscience, Inc. Common Stock",QUARENTENA,SERIE_CURTA,69,30.45,,,,,,,
IOND,Ionic Digital Inc. Class A Common Stock,QUARENTENA,SERIE_CURTA,69,68.0,,,,,,,
